{"mean":{"confidence_interval":{"confidence_level":0.95,"lower_bound":116400.7137484558,"upper_bound":118098.27093550684},"point_estimate":117048.02690987059,"standard_error":475.27197448882725},"median":{"confidence_interval":{"confidence_level":0.95,"lower_bound":116316.82264304292,"upper_bound":117122.62353706112},"point_estimate":116418.19085392285,"standard_error":217.4401298226878},"median_abs_dev":{"confidence_interval":{"confidence_level":0.95,"lower_bound":34.48000884820723,"upper_bound":866.9179449082205},"point_estimate":198.26648945471092,"standard_error":256.262342140527},"slope":{"confidence_interval":{"confidence_level":0.95,"lower_bound":116319.90227264739,"upper_bound":118615.7147020036},"point_estimate":116994.57074628882,"standard_error":664.8494920399427},"std_dev":{"confidence_interval":{"confidence_level":0.95,"lower_bound":140.52062719290822,"upper_bound":2413.975209580367},"point_estimate":1582.7637579346413,"standard_error":743.6009012236151}}