{"mean":{"confidence_interval":{"confidence_level":0.95,"lower_bound":87127007.2175,"upper_bound":87480083.13333334},"point_estimate":87313609.79999998,"standard_error":90300.75137113614},"median":{"confidence_interval":{"confidence_level":0.95,"lower_bound":87131269.0,"upper_bound":87597334.0},"point_estimate":87361613.5,"standard_error":115266.24493194756},"median_abs_dev":{"confidence_interval":{"confidence_level":0.95,"lower_bound":56629.141494624404,"upper_bound":519138.06408346066},"point_estimate":338005.11879921326,"standard_error":113897.21827020444},"slope":null,"std_dev":{"confidence_interval":{"confidence_level":0.95,"lower_bound":154324.32127155535,"upper_bound":396158.2454287112},"point_estimate":301062.7623101753,"standard_error":66269.16218828714}}