{"mean":{"confidence_interval":{"confidence_level":0.95,"lower_bound":63264077.475833334,"upper_bound":63371381.93666667},"point_estimate":63319750.166666664,"standard_error":27476.85615377566},"median":{"confidence_interval":{"confidence_level":0.95,"lower_bound":63242910.83333333,"upper_bound":63392809.833333336},"point_estimate":63344089.5,"standard_error":31992.919932490928},"median_abs_dev":{"confidence_interval":{"confidence_level":0.95,"lower_bound":8197.29525447444,"upper_bound":168517.00790823242},"point_estimate":82326.55263841152,"standard_error":43038.28922085134},"slope":null,"std_dev":{"confidence_interval":{"confidence_level":0.95,"lower_bound":44976.77672223953,"upper_bound":115530.26396459676},"point_estimate":91639.24068630011,"standard_error":17652.130402403556}}