{"mean":{"confidence_interval":{"confidence_level":0.95,"lower_bound":61997898.59325,"upper_bound":62160421.7725},"point_estimate":62077826.98,"standard_error":41470.65532996325},"median":{"confidence_interval":{"confidence_level":0.95,"lower_bound":61918039.0,"upper_bound":62126792.0},"point_estimate":62003144.0,"standard_error":56997.55287966319},"median_abs_dev":{"confidence_interval":{"confidence_level":0.95,"lower_bound":291887.611117959,"upper_bound":533344.3617412447},"point_estimate":371647.04190194607,"standard_error":61340.10880342545},"slope":null,"std_dev":{"confidence_interval":{"confidence_level":0.95,"lower_bound":354273.9308645225,"upper_bound":471413.7080080848},"point_estimate":417036.7734880618,"standard_error":29888.335482404287}}