{"mean":{"confidence_interval":{"confidence_level":0.95,"lower_bound":1598180.1910462282,"upper_bound":1612681.7722790993},"point_estimate":1604452.3372313415,"standard_error":3744.772650235358},"median":{"confidence_interval":{"confidence_level":0.95,"lower_bound":1594041.0,"upper_bound":1601068.0326086956},"point_estimate":1597627.9188861987,"standard_error":1409.2899492244856},"median_abs_dev":{"confidence_interval":{"confidence_level":0.95,"lower_bound":10845.087989814172,"upper_bound":18152.74858129544},"point_estimate":13810.228642228358,"standard_error":1920.8824593327574},"slope":{"confidence_interval":{"confidence_level":0.95,"lower_bound":1601085.9200177642,"upper_bound":1607956.7080922262},"point_estimate":1604522.2517009014,"standard_error":1750.048437378437},"std_dev":{"confidence_interval":{"confidence_level":0.95,"lower_bound":13956.030821745373,"upper_bound":57023.06316523159},"point_estimate":37718.34258009245,"standard_error":11647.59902049855}}