{"mean":{"confidence_interval":{"confidence_level":0.95,"lower_bound":49932553.716249995,"upper_bound":50265280.671458334},"point_estimate":50097285.416666664,"standard_error":85061.48992928177},"median":{"confidence_interval":{"confidence_level":0.95,"lower_bound":49808671.25,"upper_bound":50258545.875},"point_estimate":50116970.75,"standard_error":125628.5665330727},"median_abs_dev":{"confidence_interval":{"confidence_level":0.95,"lower_bound":319183.3885833621,"upper_bound":729510.3518486023},"point_estimate":564346.8615308404,"standard_error":104954.8808165301},"slope":null,"std_dev":{"confidence_interval":{"confidence_level":0.95,"lower_bound":367045.29944168864,"upper_bound":555971.2387448159},"point_estimate":472722.4641847501,"standard_error":48501.92775740282}}