{"mean":{"confidence_interval":{"confidence_level":0.95,"lower_bound":0.009309129230056664,"upper_bound":0.01657921184599491},"point_estimate":0.013406632553130793,"standard_error":0.0018720561890202096},"median":{"confidence_interval":{"confidence_level":0.95,"lower_bound":0.013647506767614503,"upper_bound":0.019828464937598822},"point_estimate":0.017324150492383117,"standard_error":0.00156905200426048}}