{"mean":{"confidence_interval":{"confidence_level":0.95,"lower_bound":0.0031351387467053815,"upper_bound":0.011063014031391814},"point_estimate":0.006669061741799709,"standard_error":0.0019807142511164264},"median":{"confidence_interval":{"confidence_level":0.95,"lower_bound":0.0014387826455471518,"upper_bound":0.007717152436480301},"point_estimate":0.003916399956488847,"standard_error":0.0015950128920740358}}