{"mean":{"confidence_interval":{"confidence_level":0.95,"lower_bound":-0.26730502533183675,"upper_bound":-0.2611014792855469},"point_estimate":-0.2642600136381803,"standard_error":0.001580498497742451},"median":{"confidence_interval":{"confidence_level":0.95,"lower_bound":-0.2703161721833691,"upper_bound":-0.2614804661717878},"point_estimate":-0.2642852548656539,"standard_error":0.002306236711638591}}