{"mean":{"confidence_interval":{"confidence_level":0.95,"lower_bound":-0.005785700468545372,"upper_bound":0.005897933921247955},"point_estimate":0.0001581274710444891,"standard_error":0.0029847729245789005},"median":{"confidence_interval":{"confidence_level":0.95,"lower_bound":-0.007023428640955842,"upper_bound":0.006633031579316828},"point_estimate":0.00031904534942661655,"standard_error":0.0030010327321948515}}