{"mean":{"confidence_interval":{"confidence_level":0.95,"lower_bound":0.0038972435792465074,"upper_bound":0.01666886429949395},"point_estimate":0.009598611206262264,"standard_error":0.0031976699589846558},"median":{"confidence_interval":{"confidence_level":0.95,"lower_bound":0.003229752420968346,"upper_bound":0.013790707366177823},"point_estimate":0.008579092766101803,"standard_error":0.0027714426899192444}}