{"mean":{"confidence_interval":{"confidence_level":0.95,"lower_bound":0.06842703171450501,"upper_bound":0.07711528234270076},"point_estimate":0.07265084725824322,"standard_error":0.002221705057746791},"median":{"confidence_interval":{"confidence_level":0.95,"lower_bound":0.06665518658778158,"upper_bound":0.07977455250359844},"point_estimate":0.0720817220994927,"standard_error":0.0030717749545832837}}