{"mean":{"confidence_interval":{"confidence_level":0.95,"lower_bound":-0.022748172072287947,"upper_bound":-0.01930232494166027},"point_estimate":-0.021044779554720283,"standard_error":0.000877985066743955},"median":{"confidence_interval":{"confidence_level":0.95,"lower_bound":-0.024210408991450216,"upper_bound":-0.01912112681581768},"point_estimate":-0.021712735141694917,"standard_error":0.001302337970870946}}