{"mean":{"confidence_interval":{"confidence_level":0.95,"lower_bound":-0.06164574447279568,"upper_bound":-0.04919231955614286},"point_estimate":-0.05507200228176112,"standard_error":0.0031856795175877837},"median":{"confidence_interval":{"confidence_level":0.95,"lower_bound":-0.060578536961881424,"upper_bound":-0.04727586858880439},"point_estimate":-0.05568252119932693,"standard_error":0.0036132797853841983}}