{"mean":{"confidence_interval":{"confidence_level":0.95,"lower_bound":-0.048368331790438215,"upper_bound":-0.04282432027465858},"point_estimate":-0.04530933120658864,"standard_error":0.001433171941843538},"median":{"confidence_interval":{"confidence_level":0.95,"lower_bound":-0.047927629229232216,"upper_bound":-0.043934473542272645},"point_estimate":-0.04564809503457545,"standard_error":0.0010417893048993714}}