{"mean":{"confidence_interval":{"confidence_level":0.95,"lower_bound":-0.034707712428243866,"upper_bound":-0.02137279941107467},"point_estimate":-0.02827868032309777,"standard_error":0.0033899195969005584},"median":{"confidence_interval":{"confidence_level":0.95,"lower_bound":-0.035137620249473867,"upper_bound":-0.018102516319475435},"point_estimate":-0.02894762335330392,"standard_error":0.004414172355005852}}