{"mean":{"confidence_interval":{"confidence_level":0.95,"lower_bound":-0.021828696164866667,"upper_bound":-0.00811430611935863},"point_estimate":-0.015252375426481612,"standard_error":0.003512075105100904},"median":{"confidence_interval":{"confidence_level":0.95,"lower_bound":-0.03000155590941286,"upper_bound":-0.009846821421206409},"point_estimate":-0.020092728204108568,"standard_error":0.005238732516577637}}