{"mean":{"confidence_interval":{"confidence_level":0.95,"lower_bound":-0.006110315691871348,"upper_bound":0.013761837992246766},"point_estimate":0.004009983017429164,"standard_error":0.0050688148093919715},"median":{"confidence_interval":{"confidence_level":0.95,"lower_bound":-0.006558247130340922,"upper_bound":0.01858420697445129},"point_estimate":0.004630194854266634,"standard_error":0.006613458693969055}}