{"mean":{"confidence_interval":{"confidence_level":0.95,"lower_bound":-0.01155370396514624,"upper_bound":0.016638662948403545},"point_estimate":0.0015531371549961648,"standard_error":0.007297502648121719},"median":{"confidence_interval":{"confidence_level":0.95,"lower_bound":-0.013041819873870653,"upper_bound":0.004862190471007333},"point_estimate":-0.003998263791816892,"standard_error":0.005110454714758318}}