{"mean":{"confidence_interval":{"confidence_level":0.95,"lower_bound":0.009352731845172298,"upper_bound":0.02281845966513093},"point_estimate":0.0162665614510884,"standard_error":0.003449172471404824},"median":{"confidence_interval":{"confidence_level":0.95,"lower_bound":0.009243115814169922,"upper_bound":0.026301177939772602},"point_estimate":0.017383279238639027,"standard_error":0.004207137382650637}}