{"mean":{"confidence_interval":{"confidence_level":0.95,"lower_bound":-0.03578077646852102,"upper_bound":-0.016558024315670987},"point_estimate":-0.026127972201777983,"standard_error":0.004915455362769435},"median":{"confidence_interval":{"confidence_level":0.95,"lower_bound":-0.04339050480130713,"upper_bound":-0.016290242783225217},"point_estimate":-0.030683969637006037,"standard_error":0.007171162270019666}}