{"mean":{"confidence_interval":{"confidence_level":0.95,"lower_bound":0.02577559103559319,"upper_bound":0.04851274135585526},"point_estimate":0.037064768422220284,"standard_error":0.005801164512690385},"median":{"confidence_interval":{"confidence_level":0.95,"lower_bound":0.02670868803948867,"upper_bound":0.06096379911508509},"point_estimate":0.04601850953036912,"standard_error":0.009135975415513538}}