{"mean":{"confidence_interval":{"confidence_level":0.95,"lower_bound":0.014037960979541943,"upper_bound":0.03973947768918705},"point_estimate":0.026273596178241654,"standard_error":0.006564005077520666},"median":{"confidence_interval":{"confidence_level":0.95,"lower_bound":0.013145358384513108,"upper_bound":0.038671417859000856},"point_estimate":0.026086884088397655,"standard_error":0.006648736790409974}}