{"mean":{"confidence_interval":{"confidence_level":0.95,"lower_bound":-0.054398987738257756,"upper_bound":-0.03064947850757167},"point_estimate":-0.041796699672304594,"standard_error":0.006129076446086501},"median":{"confidence_interval":{"confidence_level":0.95,"lower_bound":-0.04974853238983212,"upper_bound":-0.024416993824333932},"point_estimate":-0.03812621643539427,"standard_error":0.006828419249650464}}