{"mean":{"confidence_interval":{"confidence_level":0.95,"lower_bound":106093719.0715,"upper_bound":107390240.374},"point_estimate":106748342.14,"standard_error":331454.39159439853},"median":{"confidence_interval":{"confidence_level":0.95,"lower_bound":106027299.0,"upper_bound":107633100.0},"point_estimate":106654137.5,"standard_error":509401.7614278899},"median_abs_dev":{"confidence_interval":{"confidence_level":0.95,"lower_bound":2555240.2982354164,"upper_bound":4175229.104974866},"point_estimate":3358402.510276437,"standard_error":425962.0027141782},"slope":null,"std_dev":{"confidence_interval":{"confidence_level":0.95,"lower_bound":2850367.769112694,"upper_bound":3758708.480775233},"point_estimate":3329192.675668795,"standard_error":232318.5787485672}}