{"mean":{"confidence_interval":{"confidence_level":0.95,"lower_bound":202590969.1575,"upper_bound":206180464.63333333},"point_estimate":204383964.96666667,"standard_error":921894.8188232107},"median":{"confidence_interval":{"confidence_level":0.95,"lower_bound":201555577.1666667,"upper_bound":207419418.66666666},"point_estimate":204231225.6666667,"standard_error":1763913.7535895857},"median_abs_dev":{"confidence_interval":{"confidence_level":0.95,"lower_bound":351349.25986229634,"upper_bound":5068077.248823658},"point_estimate":3904707.4891775697,"standard_error":1175209.5955133894},"slope":null,"std_dev":{"confidence_interval":{"confidence_level":0.95,"lower_bound":2026923.9841942175,"upper_bound":3538348.869093602},"point_estimate":3064823.997635474,"standard_error":387065.6543174375}}