{"mean":{"confidence_interval":{"confidence_level":0.95,"lower_bound":217234696.48166668,"upper_bound":222080845.79416668},"point_estimate":219643478.6,"standard_error":1236424.343640452},"median":{"confidence_interval":{"confidence_level":0.95,"lower_bound":216205736.5,"upper_bound":222503861.5},"point_estimate":219661874.5,"standard_error":1554610.3164992062},"median_abs_dev":{"confidence_interval":{"confidence_level":0.95,"lower_bound":3742570.1089560986,"upper_bound":8459585.722312331},"point_estimate":6096944.056257606,"standard_error":1196362.297466946},"slope":null,"std_dev":{"confidence_interval":{"confidence_level":0.95,"lower_bound":4666325.00821899,"upper_bound":8682833.501461798},"point_estimate":6885969.101857028,"standard_error":1021978.2620896592}}