{"mean":{"confidence_interval":{"confidence_level":0.95,"lower_bound":204494495.23333335,"upper_bound":207322317.23583335},"point_estimate":205813562.2,"standard_error":726169.4019254902},"median":{"confidence_interval":{"confidence_level":0.95,"lower_bound":204369177.83333334,"upper_bound":207313086.66666666},"point_estimate":205193836.5,"standard_error":752285.3079150041},"median_abs_dev":{"confidence_interval":{"confidence_level":0.95,"lower_bound":413365.18126130104,"upper_bound":3932279.6479880516},"point_estimate":1558931.880423412,"standard_error":906385.6386298212},"slope":null,"std_dev":{"confidence_interval":{"confidence_level":0.95,"lower_bound":988780.7560946348,"upper_bound":3229156.3949778597},"point_estimate":2413504.077481967,"standard_error":587077.5491396704}}