{"mean":{"confidence_interval":{"confidence_level":0.95,"lower_bound":204062886.36574998,"upper_bound":206357342.6175},"point_estimate":205214712.44,"standard_error":583753.5613007591},"median":{"confidence_interval":{"confidence_level":0.95,"lower_bound":204357297.0,"upper_bound":206297654.5},"point_estimate":205584535.5,"standard_error":489288.1871010803},"median_abs_dev":{"confidence_interval":{"confidence_level":0.95,"lower_bound":4086383.5602521896,"upper_bound":6727423.40156436},"point_estimate":5598334.5656096935,"standard_error":672515.4009784913},"slope":null,"std_dev":{"confidence_interval":{"confidence_level":0.95,"lower_bound":4918054.4349759435,"upper_bound":6675234.687029062},"point_estimate":5842925.143089321,"standard_error":448798.77607170097}}