{"mean":{"confidence_interval":{"confidence_level":0.95,"lower_bound":2067750.6694999996,"upper_bound":2073079.1528},"point_estimate":2070289.986,"standard_error":1360.6085395798223},"median":{"confidence_interval":{"confidence_level":0.95,"lower_bound":2067711.0,"upper_bound":2070245.36},"point_estimate":2068874.92,"standard_error":701.2238183381895},"median_abs_dev":{"confidence_interval":{"confidence_level":0.95,"lower_bound":5570.306013107465,"upper_bound":10602.191019773594},"point_estimate":8375.59272730352,"standard_error":1304.82979978203},"slope":null,"std_dev":{"confidence_interval":{"confidence_level":0.95,"lower_bound":9646.0001296852,"upper_bound":17800.68793906678},"point_estimate":13696.88093546847,"standard_error":2127.33880702588}}