{"mean":{"confidence_interval":{"confidence_level":0.95,"lower_bound":2074232.0518809974,"upper_bound":2088576.7593344152},"point_estimate":2080914.2448629148,"standard_error":3691.7567568829268},"median":{"confidence_interval":{"confidence_level":0.95,"lower_bound":2071258.631628788,"upper_bound":2091205.25},"point_estimate":2075181.8546176045,"standard_error":5518.95019700404},"median_abs_dev":{"confidence_interval":{"confidence_level":0.95,"lower_bound":1160.2063630387233,"upper_bound":19740.29516658504},"point_estimate":7076.019321913263,"standard_error":5256.339310698578},"slope":{"confidence_interval":{"confidence_level":0.95,"lower_bound":2072043.8749100503,"upper_bound":2079845.103129083},"point_estimate":2074486.0188902006,"standard_error":2057.5994646299728},"std_dev":{"confidence_interval":{"confidence_level":0.95,"lower_bound":4858.029546233385,"upper_bound":15075.596918759526},"point_estimate":12320.93507969049,"standard_error":2438.408248160104}}