{"mean":{"confidence_interval":{"confidence_level":0.95,"lower_bound":116488185.665,"upper_bound":117591877.64025},"point_estimate":117047047.32,"standard_error":282210.2633822928},"median":{"confidence_interval":{"confidence_level":0.95,"lower_bound":116511554.0,"upper_bound":117956163.0},"point_estimate":117117744.0,"standard_error":381175.7455397205},"median_abs_dev":{"confidence_interval":{"confidence_level":0.95,"lower_bound":2190254.5780152082,"upper_bound":3258040.870258212},"point_estimate":2756875.377255678,"standard_error":273514.5812186917},"slope":null,"std_dev":{"confidence_interval":{"confidence_level":0.95,"lower_bound":2289177.4883581284,"upper_bound":3394767.7876183116},"point_estimate":2831148.370621945,"standard_error":284776.3729293227}}