{"mean":{"confidence_interval":{"confidence_level":0.95,"lower_bound":28732376.9895,"upper_bound":29627592.17175},"point_estimate":29182802.535,"standard_error":229108.51257233295},"median":{"confidence_interval":{"confidence_level":0.95,"lower_bound":28670803.0,"upper_bound":30030328.0},"point_estimate":29056288.5,"standard_error":285699.1112717544},"median_abs_dev":{"confidence_interval":{"confidence_level":0.95,"lower_bound":2132624.434438348,"upper_bound":2982993.7415912747},"point_estimate":2581208.7780743837,"standard_error":210171.61745093504},"slope":null,"std_dev":{"confidence_interval":{"confidence_level":0.95,"lower_bound":2018673.7734396697,"upper_bound":2576580.7571062976},"point_estimate":2309799.2093729493,"standard_error":142183.86719463917}}