{"mean":{"confidence_interval":{"confidence_level":0.95,"lower_bound":26444150.249166667,"upper_bound":27185494.217142858},"point_estimate":26813086.52857143,"standard_error":189392.88352543124},"median":{"confidence_interval":{"confidence_level":0.95,"lower_bound":26485597.35714286,"upper_bound":27223387.714285716},"point_estimate":27033439.0,"standard_error":245864.72390754463},"median_abs_dev":{"confidence_interval":{"confidence_level":0.95,"lower_bound":469813.05725914735,"upper_bound":1599336.9304060936},"point_estimate":856209.0036992508,"standard_error":287665.7394061321},"slope":null,"std_dev":{"confidence_interval":{"confidence_level":0.95,"lower_bound":789809.6183102992,"upper_bound":1283262.0029976266},"point_estimate":1056892.9048668111,"standard_error":126926.19079642861}}