{"mean":{"confidence_interval":{"confidence_level":0.95,"lower_bound":28580426.02275,"upper_bound":29540649.4445},"point_estimate":29070160.435,"standard_error":245066.75905147244},"median":{"confidence_interval":{"confidence_level":0.95,"lower_bound":28819030.5,"upper_bound":29910383.0},"point_estimate":29497760.25,"standard_error":268286.07684913784},"median_abs_dev":{"confidence_interval":{"confidence_level":0.95,"lower_bound":1581987.5455141068,"upper_bound":2766582.7005833387},"point_estimate":2189448.043629527,"standard_error":320730.6822206236},"slope":null,"std_dev":{"confidence_interval":{"confidence_level":0.95,"lower_bound":2047210.743701526,"upper_bound":2832631.894032932},"point_estimate":2462265.7102351007,"standard_error":201156.7183125906}}