{"mean":{"confidence_interval":{"confidence_level":0.95,"lower_bound":27723509.415875,"upper_bound":28493455.53725},"point_estimate":28108344.305,"standard_error":196963.97241206732},"median":{"confidence_interval":{"confidence_level":0.95,"lower_bound":27551379.0,"upper_bound":28451211.5},"point_estimate":28017244.0,"standard_error":234999.87882406532},"median_abs_dev":{"confidence_interval":{"confidence_level":0.95,"lower_bound":1362919.3147033453,"upper_bound":2457142.208460755},"point_estimate":2024219.6895629168,"standard_error":277875.6133373779},"slope":null,"std_dev":{"confidence_interval":{"confidence_level":0.95,"lower_bound":1707121.0468254017,"upper_bound":2218422.973668493},"point_estimate":1976299.2770337178,"standard_error":130738.82073677269}}