{"mean":{"confidence_interval":{"confidence_level":0.95,"lower_bound":213040797.84649998,"upper_bound":214937993.89525},"point_estimate":214011615.63,"standard_error":483945.0130365665},"median":{"confidence_interval":{"confidence_level":0.95,"lower_bound":214363227.0,"upper_bound":215995180.0},"point_estimate":215162907.5,"standard_error":415717.5947672344},"median_abs_dev":{"confidence_interval":{"confidence_level":0.95,"lower_bound":2995803.0347138643,"upper_bound":5459724.070170522},"point_estimate":4275798.308989406,"standard_error":640235.0977616699},"slope":null,"std_dev":{"confidence_interval":{"confidence_level":0.95,"lower_bound":4101622.350619318,"upper_bound":5533087.797547343},"point_estimate":4863689.301537889,"standard_error":366071.2252796946}}