{"mean":{"confidence_interval":{"confidence_level":0.95,"lower_bound":219128816.96333334,"upper_bound":222398155.16500005},"point_estimate":220798908.03333336,"standard_error":836481.7394627158},"median":{"confidence_interval":{"confidence_level":0.95,"lower_bound":217664691.66666666,"upper_bound":222966118.66666666},"point_estimate":221431488.0,"standard_error":1151406.3465861052},"median_abs_dev":{"confidence_interval":{"confidence_level":0.95,"lower_bound":454100.1097381041,"upper_bound":5076895.506367095},"point_estimate":2365751.1723995134,"standard_error":1226311.8700586385},"slope":null,"std_dev":{"confidence_interval":{"confidence_level":0.95,"lower_bound":1505408.3856549165,"upper_bound":3488506.7924830397},"point_estimate":2796362.1761092823,"standard_error":493886.2167045605}}