{"mean":{"confidence_interval":{"confidence_level":0.95,"lower_bound":219550372.0,"upper_bound":223431170.1},"point_estimate":221362249.4666667,"standard_error":994277.050674616},"median":{"confidence_interval":{"confidence_level":0.95,"lower_bound":219122893.8333333,"upper_bound":223052347.0},"point_estimate":220781012.3333333,"standard_error":1239274.157794117},"median_abs_dev":{"confidence_interval":{"confidence_level":0.95,"lower_bound":391802.9885441065,"upper_bound":5139440.221756697},"point_estimate":2967278.799620278,"standard_error":1237414.1650796023},"slope":null,"std_dev":{"confidence_interval":{"confidence_level":0.95,"lower_bound":1535121.0040652351,"upper_bound":4549964.979176644},"point_estimate":3322823.245913649,"standard_error":843889.061015195}}