{"mean":{"confidence_interval":{"confidence_level":0.95,"lower_bound":210168601.36666667,"upper_bound":214214842.26666668},"point_estimate":212270313.06666666,"standard_error":1030057.0263572999},"median":{"confidence_interval":{"confidence_level":0.95,"lower_bound":210321210.5,"upper_bound":214068832.6666667},"point_estimate":213143218.33333334,"standard_error":1020343.6889232441},"median_abs_dev":{"confidence_interval":{"confidence_level":0.95,"lower_bound":303948.5619038122,"upper_bound":5677744.102799849},"point_estimate":1803026.151689887,"standard_error":1458246.2810247713},"slope":null,"std_dev":{"confidence_interval":{"confidence_level":0.95,"lower_bound":1535997.976096547,"upper_bound":4581926.651392624},"point_estimate":3437677.0504409154,"standard_error":789285.4686882651}}