{"mean":{"confidence_interval":{"confidence_level":0.95,"lower_bound":214693844.26666668,"upper_bound":218233621.68833333},"point_estimate":216381846.16666666,"standard_error":907104.8935627679},"median":{"confidence_interval":{"confidence_level":0.95,"lower_bound":213967881.1666667,"upper_bound":218212290.5},"point_estimate":216284043.3333333,"standard_error":949007.065905521},"median_abs_dev":{"confidence_interval":{"confidence_level":0.95,"lower_bound":599078.1249642445,"upper_bound":5159817.569994897},"point_estimate":2158067.579686649,"standard_error":1225343.5409360747},"slope":null,"std_dev":{"confidence_interval":{"confidence_level":0.95,"lower_bound":1467625.227337001,"upper_bound":3977118.33456229},"point_estimate":3020830.5284660463,"standard_error":663816.827207896}}