{"mean":{"confidence_interval":{"confidence_level":0.95,"lower_bound":217303135.89775,"upper_bound":219410949.71675},"point_estimate":218372038.31,"standard_error":539081.0403088102},"median":{"confidence_interval":{"confidence_level":0.95,"lower_bound":218118724.0,"upper_bound":220996648.5},"point_estimate":219404764.0,"standard_error":730713.9245055035},"median_abs_dev":{"confidence_interval":{"confidence_level":0.95,"lower_bound":3365363.317152858,"upper_bound":5879847.516619337},"point_estimate":4506481.969293952,"standard_error":620370.3302755001},"slope":null,"std_dev":{"confidence_interval":{"confidence_level":0.95,"lower_bound":4496378.938513723,"upper_bound":6249577.315175984},"point_estimate":5425727.449617045,"standard_error":446806.34043745144}}