{"mean":{"confidence_interval":{"confidence_level":0.95,"lower_bound":10096116.529450001,"upper_bound":10256974.883650001},"point_estimate":10176813.082000002,"standard_error":41110.172417329486},"median":{"confidence_interval":{"confidence_level":0.95,"lower_bound":10094183.2,"upper_bound":10277263.9},"point_estimate":10212788.0,"standard_error":49695.16155538236},"median_abs_dev":{"confidence_interval":{"confidence_level":0.95,"lower_bound":302579.38082814217,"upper_bound":478547.6891040802},"point_estimate":363976.8109381199,"standard_error":45987.41069609494},"slope":null,"std_dev":{"confidence_interval":{"confidence_level":0.95,"lower_bound":341553.05679714016,"upper_bound":481963.28864078596},"point_estimate":413078.3906818355,"standard_error":35794.861826087465}}