{"mean":{"confidence_interval":{"confidence_level":0.95,"lower_bound":9465969.36083333,"upper_bound":9573304.674791668},"point_estimate":9520575.001666667,"standard_error":27377.63054823023},"median":{"confidence_interval":{"confidence_level":0.95,"lower_bound":9488362.5,"upper_bound":9638825.0},"point_estimate":9563888.916666668,"standard_error":43620.789512096024},"median_abs_dev":{"confidence_interval":{"confidence_level":0.95,"lower_bound":198314.59561046047,"upper_bound":331531.9637641338},"point_estimate":244922.1798017621,"standard_error":32786.14613654115},"slope":null,"std_dev":{"confidence_interval":{"confidence_level":0.95,"lower_bound":230626.63697897157,"upper_bound":315560.4144631574},"point_estimate":275636.31467961794,"standard_error":21745.16184615799}}