{"mean":{"confidence_interval":{"confidence_level":0.95,"lower_bound":9746533.986583337,"upper_bound":9890307.074791668},"point_estimate":9819346.76666667,"standard_error":36754.66710280159},"median":{"confidence_interval":{"confidence_level":0.95,"lower_bound":9794237.083333332,"upper_bound":9922074.333333334},"point_estimate":9857590.333333334,"standard_error":35775.735862785594},"median_abs_dev":{"confidence_interval":{"confidence_level":0.95,"lower_bound":241841.9548064461,"upper_bound":459882.8364979472},"point_estimate":342207.17777460767,"standard_error":55562.55616312417},"slope":null,"std_dev":{"confidence_interval":{"confidence_level":0.95,"lower_bound":310398.7033579254,"upper_bound":423433.4673339614},"point_estimate":369071.4852990134,"standard_error":28989.704476758707}}