{"mean":{"confidence_interval":{"confidence_level":0.95,"lower_bound":29274198.79175,"upper_bound":30202079.73125},"point_estimate":29738370.555,"standard_error":235843.20123750195},"median":{"confidence_interval":{"confidence_level":0.95,"lower_bound":29276556.5,"upper_bound":30418088.0},"point_estimate":29703443.75,"standard_error":300377.88393989863},"median_abs_dev":{"confidence_interval":{"confidence_level":0.95,"lower_bound":1724141.4548903704,"upper_bound":2862794.543275237},"point_estimate":2437487.3898759484,"standard_error":299580.0714209701},"slope":null,"std_dev":{"confidence_interval":{"confidence_level":0.95,"lower_bound":2015702.1246202772,"upper_bound":2701663.095095961},"point_estimate":2375698.484078139,"standard_error":175016.80363136614}}