{"mean":{"confidence_interval":{"confidence_level":0.95,"lower_bound":27570499.9005,"upper_bound":28291982.10975},"point_estimate":27934096.1,"standard_error":183952.05100262075},"median":{"confidence_interval":{"confidence_level":0.95,"lower_bound":27659555.5,"upper_bound":28463788.5},"point_estimate":28067604.0,"standard_error":221346.78608751314},"median_abs_dev":{"confidence_interval":{"confidence_level":0.95,"lower_bound":1207583.9796110988,"upper_bound":2526635.7556432486},"point_estimate":1943941.3487881422,"standard_error":343553.6414552957},"slope":null,"std_dev":{"confidence_interval":{"confidence_level":0.95,"lower_bound":1593143.2746752405,"upper_bound":2087019.3325346208},"point_estimate":1849691.9063800476,"standard_error":125947.82759397381}}