{"mean":{"confidence_interval":{"confidence_level":0.95,"lower_bound":88427009.10249999,"upper_bound":89443928.16666666},"point_estimate":88918499.16666667,"standard_error":259709.87946966777},"median":{"confidence_interval":{"confidence_level":0.95,"lower_bound":88111788.0,"upper_bound":89610383.5},"point_estimate":88769445.33333334,"standard_error":389999.2589574852},"median_abs_dev":{"confidence_interval":{"confidence_level":0.95,"lower_bound":229866.2535190435,"upper_bound":1471301.5734791793},"point_estimate":1015315.8436745589,"standard_error":323419.89847980527},"slope":null,"std_dev":{"confidence_interval":{"confidence_level":0.95,"lower_bound":483026.8145969078,"upper_bound":1052310.6564895324},"point_estimate":866813.8744771163,"standard_error":142602.6983522398}}