{"mean":{"confidence_interval":{"confidence_level":0.95,"lower_bound":55287846.42,"upper_bound":56578795.9},"point_estimate":55910358.96666667,"standard_error":330281.8955698325},"median":{"confidence_interval":{"confidence_level":0.95,"lower_bound":54758351.0,"upper_bound":56190929.0},"point_estimate":54916870.0,"standard_error":380281.90737669286},"median_abs_dev":{"confidence_interval":{"confidence_level":0.95,"lower_bound":325002.22283005714,"upper_bound":2477131.0012221336},"point_estimate":828209.9972963333,"standard_error":508472.21975761204},"slope":null,"std_dev":{"confidence_interval":{"confidence_level":0.95,"lower_bound":1357119.375533035,"upper_bound":2145387.353711068},"point_estimate":1839043.422623678,"standard_error":200607.17417740176}}