{"mean":{"confidence_interval":{"confidence_level":0.95,"lower_bound":62056876.446666665,"upper_bound":64849364.37916666},"point_estimate":63223235.7,"standard_error":722006.0066355937},"median":{"confidence_interval":{"confidence_level":0.95,"lower_bound":60999209.0,"upper_bound":64713771.5},"point_estimate":61335066.5,"standard_error":1338280.1921777583},"median_abs_dev":{"confidence_interval":{"confidence_level":0.95,"lower_bound":425464.679646492,"upper_bound":4687973.70377183},"point_estimate":1206236.6668850183,"standard_error":1026716.9435417537},"slope":null,"std_dev":{"confidence_interval":{"confidence_level":0.95,"lower_bound":1844057.738863651,"upper_bound":6272635.27461663},"point_estimate":4041680.2164496253,"standard_error":1448086.9000559489}}