{"mean":{"confidence_interval":{"confidence_level":0.95,"lower_bound":94150568.43916665,"upper_bound":95325698.40166666},"point_estimate":94740801.03333333,"standard_error":301256.34030122},"median":{"confidence_interval":{"confidence_level":0.95,"lower_bound":94086689.66666667,"upper_bound":95610840.33333334},"point_estimate":94700698.66666667,"standard_error":381148.6198570229},"median_abs_dev":{"confidence_interval":{"confidence_level":0.95,"lower_bound":190382.39232004425,"upper_bound":1748428.6663591862},"point_estimate":929235.1008027792,"standard_error":395450.2697291216},"slope":null,"std_dev":{"confidence_interval":{"confidence_level":0.95,"lower_bound":537245.7372851722,"upper_bound":1307726.4432665594},"point_estimate":1008913.7675939798,"standard_error":197013.00388473642}}