{"mean":{"confidence_interval":{"confidence_level":0.95,"lower_bound":56517880.8175,"upper_bound":57717540.30166667},"point_estimate":57088771.43333333,"standard_error":307822.66721476294},"median":{"confidence_interval":{"confidence_level":0.95,"lower_bound":56063838.0,"upper_bound":56764147.0},"point_estimate":56208986.0,"standard_error":224004.66350549273},"median_abs_dev":{"confidence_interval":{"confidence_level":0.95,"lower_bound":285973.51982295513,"upper_bound":1650812.0601922274},"point_estimate":685622.4274277687,"standard_error":349538.2847989797},"slope":null,"std_dev":{"confidence_interval":{"confidence_level":0.95,"lower_bound":1204292.6812384392,"upper_bound":2012024.949209751},"point_estimate":1712159.9786621756,"standard_error":208059.52695742328}}