{"mean":{"confidence_interval":{"confidence_level":0.95,"lower_bound":63312350.41916666,"upper_bound":64657522.600833334},"point_estimate":63975816.03333333,"standard_error":343234.17871690233},"median":{"confidence_interval":{"confidence_level":0.95,"lower_bound":62497410.5,"upper_bound":65772486.5},"point_estimate":62877976.5,"standard_error":1022734.7774186033},"median_abs_dev":{"confidence_interval":{"confidence_level":0.95,"lower_bound":640987.2726202011,"upper_bound":2988633.9225411415},"point_estimate":1628957.0539802313,"standard_error":700995.1688235376},"slope":null,"std_dev":{"confidence_interval":{"confidence_level":0.95,"lower_bound":1633988.597818841,"upper_bound":2099709.3341472414},"point_estimate":1916538.7385505494,"standard_error":118522.84670696298}}