{"mean":{"confidence_interval":{"confidence_level":0.95,"lower_bound":95446958.73333333,"upper_bound":96527301.0},"point_estimate":95993030.33333333,"standard_error":275703.73909492703},"median":{"confidence_interval":{"confidence_level":0.95,"lower_bound":95306884.33333333,"upper_bound":96612467.0},"point_estimate":96019248.66666666,"standard_error":329511.8148750609},"median_abs_dev":{"confidence_interval":{"confidence_level":0.95,"lower_bound":214299.94219540813,"upper_bound":1623462.5384777784},"point_estimate":967828.4136176147,"standard_error":333351.2499218014},"slope":null,"std_dev":{"confidence_interval":{"confidence_level":0.95,"lower_bound":470511.22732944787,"upper_bound":1213548.1030681317},"point_estimate":922127.0854576093,"standard_error":192294.54363674033}}