{"mean":{"confidence_interval":{"confidence_level":0.95,"lower_bound":62421629.20333333,"upper_bound":63866447.7175},"point_estimate":63139990.5,"standard_error":368898.9621393204},"median":{"confidence_interval":{"confidence_level":0.95,"lower_bound":61301230.5,"upper_bound":64663535.5},"point_estimate":64408945.0,"standard_error":1392434.3335492313},"median_abs_dev":{"confidence_interval":{"confidence_level":0.95,"lower_bound":367072.4796831608,"upper_bound":3789255.6995272636},"point_estimate":3320168.4808552265,"standard_error":982343.6317478162},"slope":null,"std_dev":{"confidence_interval":{"confidence_level":0.95,"lower_bound":1784062.8006566854,"upper_bound":2291197.158401819},"point_estimate":2066028.19828169,"standard_error":131056.5066492235}}