{"mean":{"confidence_interval":{"confidence_level":0.95,"lower_bound":60775257.2435,"upper_bound":60928631.831999995},"point_estimate":60849132.15,"standard_error":39031.88463647005},"median":{"confidence_interval":{"confidence_level":0.95,"lower_bound":60721766.0,"upper_bound":60885793.0},"point_estimate":60816979.0,"standard_error":43553.35804370704},"median_abs_dev":{"confidence_interval":{"confidence_level":0.95,"lower_bound":249848.04408431056,"upper_bound":387790.3317153454},"point_estimate":322403.2250761986,"standard_error":34712.87233501489},"slope":null,"std_dev":{"confidence_interval":{"confidence_level":0.95,"lower_bound":291968.8060535689,"upper_bound":495066.5575851341},"point_estimate":391886.9408458551,"standard_error":53054.37096699367}}