{"mean":{"confidence_interval":{"confidence_level":0.95,"lower_bound":59288916.21875,"upper_bound":59468990.158250004},"point_estimate":59372766.77,"standard_error":45923.254988078275},"median":{"confidence_interval":{"confidence_level":0.95,"lower_bound":59244440.5,"upper_bound":59391474.5},"point_estimate":59332161.5,"standard_error":43718.921136265046},"median_abs_dev":{"confidence_interval":{"confidence_level":0.95,"lower_bound":253486.7891997099,"upper_bound":416776.6438007355},"point_estimate":345253.7971705198,"standard_error":42333.605120986096},"slope":null,"std_dev":{"confidence_interval":{"confidence_level":0.95,"lower_bound":313569.3515153239,"upper_bound":629168.3793422314},"point_estimate":462979.27674097155,"standard_error":86273.49716401649}}