{"mean":{"confidence_interval":{"confidence_level":0.95,"lower_bound":95131187.86666666,"upper_bound":96001503.26666667},"point_estimate":95490551.13333333,"standard_error":230047.76743390536},"median":{"confidence_interval":{"confidence_level":0.95,"lower_bound":95013236.33333334,"upper_bound":95612282.33333334},"point_estimate":95356160.33333334,"standard_error":167481.9783059255},"median_abs_dev":{"confidence_interval":{"confidence_level":0.95,"lower_bound":106205.30781447887,"upper_bound":732523.2420951201},"point_estimate":408445.6674486546,"standard_error":162383.5142585146},"slope":null,"std_dev":{"confidence_interval":{"confidence_level":0.95,"lower_bound":215483.37299425696,"upper_bound":1137302.0820503347},"point_estimate":763650.3670397886,"standard_error":295024.0479627046}}