{"mean":{"confidence_interval":{"confidence_level":0.95,"lower_bound":95555951.42,"upper_bound":96612454.93333332},"point_estimate":96001089.03333335,"standard_error":276819.8644437637},"median":{"confidence_interval":{"confidence_level":0.95,"lower_bound":95420816.16666666,"upper_bound":96189289.0},"point_estimate":95863202.5,"standard_error":184443.96311809387},"median_abs_dev":{"confidence_interval":{"confidence_level":0.95,"lower_bound":82312.46793866158,"upper_bound":983199.2688447274},"point_estimate":439255.5775016583,"standard_error":232600.4432444602},"slope":null,"std_dev":{"confidence_interval":{"confidence_level":0.95,"lower_bound":268800.8435323094,"upper_bound":1353029.9029948139},"point_estimate":918517.3087182286,"standard_error":338300.934462676}}