{"mean":{"confidence_interval":{"confidence_level":0.95,"lower_bound":0.05019021794005081,"upper_bound":0.053663064752725934},"point_estimate":0.05191386347839089,"standard_error":0.0008880334966479447},"median":{"confidence_interval":{"confidence_level":0.95,"lower_bound":0.04949201856495877,"upper_bound":0.05403363573178832},"point_estimate":0.051517834506636495,"standard_error":0.0011635106770326025}}