{"mean":{"confidence_interval":{"confidence_level":0.95,"lower_bound":-0.015928966092362825,"upper_bound":-0.013294786892428946},"point_estimate":-0.014728479693532526,"standard_error":0.000665621705328627},"median":{"confidence_interval":{"confidence_level":0.95,"lower_bound":-0.016539733132032497,"upper_bound":-0.014488024910319863},"point_estimate":-0.015788597147148198,"standard_error":0.0005155664647757579}}