{"mean":{"confidence_interval":{"confidence_level":0.95,"lower_bound":0.1385138512847313,"upper_bound":0.15299617292371878},"point_estimate":0.14442197963036074,"standard_error":0.0038825319114340604},"median":{"confidence_interval":{"confidence_level":0.95,"lower_bound":0.1380196053433762,"upper_bound":0.14569618827280584},"point_estimate":0.14169117473447468,"standard_error":0.0017141698662757417}}