{"mean":{"confidence_interval":{"confidence_level":0.95,"lower_bound":-0.043071514474455994,"upper_bound":-0.04024266894116911},"point_estimate":-0.04178225611464914,"standard_error":0.0007106084485182017},"median":{"confidence_interval":{"confidence_level":0.95,"lower_bound":-0.043491772031779785,"upper_bound":-0.041304339413451796},"point_estimate":-0.04211177695836055,"standard_error":0.000540030708173261}}