{"mean":{"confidence_interval":{"confidence_level":0.95,"lower_bound":0.004830741718518595,"upper_bound":0.008578180081397477},"point_estimate":0.006453912632292003,"standard_error":0.0009673034774963383},"median":{"confidence_interval":{"confidence_level":0.95,"lower_bound":0.004121837234285719,"upper_bound":0.007364557904445235},"point_estimate":0.006064196386103449,"standard_error":0.0008224201420943716}}