{"mean":{"confidence_interval":{"confidence_level":0.95,"lower_bound":-0.06639247082771949,"upper_bound":-0.05501715598785238},"point_estimate":-0.0602186242029471,"standard_error":0.0029372047173090083},"median":{"confidence_interval":{"confidence_level":0.95,"lower_bound":-0.06640189602973168,"upper_bound":-0.05368929416765622},"point_estimate":-0.05634325047830535,"standard_error":0.0028887006281536013}}