{"mean":{"confidence_interval":{"confidence_level":0.95,"lower_bound":0.007889564347117916,"upper_bound":0.0163866120207536},"point_estimate":0.013140303133245546,"standard_error":0.0023099114008019385},"median":{"confidence_interval":{"confidence_level":0.95,"lower_bound":0.015557685878791475,"upper_bound":0.018538365029581838},"point_estimate":0.017447227312647584,"standard_error":0.0007662646086265167}}