{"mean":{"confidence_interval":{"confidence_level":0.95,"lower_bound":-0.08829006904232062,"upper_bound":-0.08048085278819585},"point_estimate":-0.085264526461449,"standard_error":0.002042394303073696},"median":{"confidence_interval":{"confidence_level":0.95,"lower_bound":-0.08930839812626781,"upper_bound":-0.08722730867626938},"point_estimate":-0.08848485758857338,"standard_error":0.00058797002278156}}