{"mean":{"confidence_interval":{"confidence_level":0.95,"lower_bound":-0.007351742310209688,"upper_bound":0.010248968088066423},"point_estimate":0.0017612853862873923,"standard_error":0.0044284895086494185},"median":{"confidence_interval":{"confidence_level":0.95,"lower_bound":-0.0032677366822384535,"upper_bound":0.011621922907569582},"point_estimate":0.0004716262705566354,"standard_error":0.003237507123407728}}