{"mean":{"confidence_interval":{"confidence_level":0.95,"lower_bound":-0.08996582301271333,"upper_bound":-0.05304891974228957},"point_estimate":-0.07246858713564464,"standard_error":0.00947217266592791},"median":{"confidence_interval":{"confidence_level":0.95,"lower_bound":-0.0849069307767127,"upper_bound":-0.04561485816738353},"point_estimate":-0.062317343767709144,"standard_error":0.010193809714818865}}