{"mean":{"confidence_interval":{"confidence_level":0.95,"lower_bound":-0.10554121495506932,"upper_bound":-0.07292741959142407},"point_estimate":-0.08935472027942448,"standard_error":0.008279460617353292},"median":{"confidence_interval":{"confidence_level":0.95,"lower_bound":-0.10606806668078561,"upper_bound":-0.06573050780923795},"point_estimate":-0.07888734726290514,"standard_error":0.010403088922008405}}