{"mean":{"confidence_interval":{"confidence_level":0.95,"lower_bound":0.01698679507125781,"upper_bound":0.06649762157844953},"point_estimate":0.03806390927521064,"standard_error":0.012810639740967677},"median":{"confidence_interval":{"confidence_level":0.95,"lower_bound":0.009654442513472805,"upper_bound":0.05167346007848583},"point_estimate":0.020643152149500743,"standard_error":0.010860758934945345}}