{"mean":{"confidence_interval":{"confidence_level":0.95,"lower_bound":-0.044622786371343696,"upper_bound":-0.008128965117150508},"point_estimate":-0.026662714881669047,"standard_error":0.009384530294067665},"median":{"confidence_interval":{"confidence_level":0.95,"lower_bound":-0.040407119394546664,"upper_bound":0.004242099319421655},"point_estimate":-0.015374843792629989,"standard_error":0.011339294586203702}}