{"mean":{"confidence_interval":{"confidence_level":0.95,"lower_bound":0.03444013467762294,"upper_bound":0.07568956018455597},"point_estimate":0.05548743554192659,"standard_error":0.010545009147550268},"median":{"confidence_interval":{"confidence_level":0.95,"lower_bound":0.02000442829853233,"upper_bound":0.06675571261971025},"point_estimate":0.041177912194288346,"standard_error":0.011905622467010688}}