{"mean":{"confidence_interval":{"confidence_level":0.95,"lower_bound":-0.0250318473826317,"upper_bound":0.02022051408632985},"point_estimate":-0.00385987945691324,"standard_error":0.011542789603848818},"median":{"confidence_interval":{"confidence_level":0.95,"lower_bound":-0.019641640728332743,"upper_bound":0.03465355583738727},"point_estimate":0.015193673135507346,"standard_error":0.013146308240956096}}