{"mean":{"confidence_interval":{"confidence_level":0.95,"lower_bound":0.02778019904219076,"upper_bound":0.0710994973171242},"point_estimate":0.04847462504878086,"standard_error":0.01117582923047205},"median":{"confidence_interval":{"confidence_level":0.95,"lower_bound":0.01549854010641516,"upper_bound":0.07407648458460647},"point_estimate":0.045698400291086294,"standard_error":0.014665526421061876}}