{"mean":{"confidence_interval":{"confidence_level":0.95,"lower_bound":0.044950939000391085,"upper_bound":0.08855395369703718},"point_estimate":0.06666580275521294,"standard_error":0.01113763522912413},"median":{"confidence_interval":{"confidence_level":0.95,"lower_bound":0.035324901765853456,"upper_bound":0.09005631761083821},"point_estimate":0.05327990656438608,"standard_error":0.013353132968241197}}