{"mean":{"confidence_interval":{"confidence_level":0.95,"lower_bound":0.020600761037709955,"upper_bound":0.048946588847685685},"point_estimate":0.03632214153115387,"standard_error":0.007288301927661192},"median":{"confidence_interval":{"confidence_level":0.95,"lower_bound":0.020114120146515813,"upper_bound":0.05100046443923567},"point_estimate":0.04649173969287146,"standard_error":0.006198545986504068}}