{"mean":{"confidence_interval":{"confidence_level":0.95,"lower_bound":-0.003065621005811429,"upper_bound":0.024560938594664475},"point_estimate":0.00913521235395165,"standard_error":0.007134436087917876},"median":{"confidence_interval":{"confidence_level":0.95,"lower_bound":-0.0032213993793970275,"upper_bound":0.027649350791308036},"point_estimate":0.0016350219686076528,"standard_error":0.006158524231788919}}