{"mean":{"confidence_interval":{"confidence_level":0.95,"lower_bound":-0.015802410267505666,"upper_bound":0.006955204653752589},"point_estimate":-0.0031099232706345292,"standard_error":0.005883732284389792},"median":{"confidence_interval":{"confidence_level":0.95,"lower_bound":0.00022492230636905752,"upper_bound":0.012907029822486704},"point_estimate":0.007385663482849081,"standard_error":0.0034558033409873134}}