{"mean":{"confidence_interval":{"confidence_level":0.95,"lower_bound":-0.043902272053153425,"upper_bound":-0.022597847679788185},"point_estimate":-0.03414538595042005,"standard_error":0.005516116812289827},"median":{"confidence_interval":{"confidence_level":0.95,"lower_bound":-0.046554690080157446,"upper_bound":-0.036954281737380024},"point_estimate":-0.042553398117398444,"standard_error":0.00236004840963127}}