{"mean":{"confidence_interval":{"confidence_level":0.95,"lower_bound":0.004873711508608858,"upper_bound":0.01550966764611261},"point_estimate":0.010240726166824476,"standard_error":0.002681928014863176},"median":{"confidence_interval":{"confidence_level":0.95,"lower_bound":0.00047469229743751025,"upper_bound":0.012100529886410527},"point_estimate":0.006979565488286488,"standard_error":0.0031890122583111686}}