{"mean":{"confidence_interval":{"confidence_level":0.95,"lower_bound":-0.0559960147238538,"upper_bound":-0.045670790168877574},"point_estimate":-0.050527117314177694,"standard_error":0.002647865273428946},"median":{"confidence_interval":{"confidence_level":0.95,"lower_bound":-0.05484720230457674,"upper_bound":-0.03960561364664206},"point_estimate":-0.04890366779931665,"standard_error":0.004067389607491026}}