{"mean":{"confidence_interval":{"confidence_level":0.95,"lower_bound":0.00031423109526985173,"upper_bound":0.01077098011306576},"point_estimate":0.0056103587693570045,"standard_error":0.0026508904993287454},"median":{"confidence_interval":{"confidence_level":0.95,"lower_bound":-0.003168810885015416,"upper_bound":0.008930181610785848},"point_estimate":0.005129450420153336,"standard_error":0.003290602430940963}}