{"mean":{"confidence_interval":{"confidence_level":0.95,"lower_bound":-0.0047624994480567565,"upper_bound":0.005234522528456889},"point_estimate":0.00029559023099112736,"standard_error":0.0025464532485507925},"median":{"confidence_interval":{"confidence_level":0.95,"lower_bound":-0.0010960720674133562,"upper_bound":0.008438596676663357},"point_estimate":0.003441301491047044,"standard_error":0.002404645696525647}}