{"mean":{"confidence_interval":{"confidence_level":0.95,"lower_bound":-0.018370181245529315,"upper_bound":-0.015425514080243436},"point_estimate":-0.016917658738078045,"standard_error":0.000745403229780128},"median":{"confidence_interval":{"confidence_level":0.95,"lower_bound":-0.01736782546739124,"upper_bound":-0.01403038974874038},"point_estimate":-0.015609681219675986,"standard_error":0.0009757909743945689}}