{"mean":{"confidence_interval":{"confidence_level":0.95,"lower_bound":-0.05367313251969819,"upper_bound":-0.048345939358442974},"point_estimate":-0.051103962058707375,"standard_error":0.0013765258894316828},"median":{"confidence_interval":{"confidence_level":0.95,"lower_bound":-0.05675579793602947,"upper_bound":-0.04689078425568919},"point_estimate":-0.05248355752110645,"standard_error":0.0030470704933073037}}