{"mean":{"confidence_interval":{"confidence_level":0.95,"lower_bound":0.006073854219301578,"upper_bound":0.009059005214960992},"point_estimate":0.007541654495508032,"standard_error":0.000762394627573418},"median":{"confidence_interval":{"confidence_level":0.95,"lower_bound":0.004927432860427589,"upper_bound":0.008319723643246846},"point_estimate":0.006715214601652031,"standard_error":0.0009504895484856418}}