{"mean":{"confidence_interval":{"confidence_level":0.95,"lower_bound":0.001734159681878239,"upper_bound":0.005450171106510837},"point_estimate":0.003733601246849627,"standard_error":0.0009502702896025443},"median":{"confidence_interval":{"confidence_level":0.95,"lower_bound":0.0035780682494193083,"upper_bound":0.006242960005432119},"point_estimate":0.004834561590505215,"standard_error":0.0006495974656969769}}