{"mean":{"confidence_interval":{"confidence_level":0.95,"lower_bound":0.13644747536115479,"upper_bound":0.14121688611244088},"point_estimate":0.13878943551183487,"standard_error":0.001209429565314093},"median":{"confidence_interval":{"confidence_level":0.95,"lower_bound":0.1353595285735516,"upper_bound":0.13943504436899956},"point_estimate":0.13810075543812883,"standard_error":0.0011095553413377696}}