{"mean":{"confidence_interval":{"confidence_level":0.95,"lower_bound":0.04411451315448846,"upper_bound":0.05304000159692875},"point_estimate":0.048216248515871474,"standard_error":0.002257757030841932},"median":{"confidence_interval":{"confidence_level":0.95,"lower_bound":0.04165390686342252,"upper_bound":0.052414923246328016},"point_estimate":0.047387832377795425,"standard_error":0.003350371028210005}}