{"mean":{"confidence_interval":{"confidence_level":0.95,"lower_bound":0.004101864087018953,"upper_bound":0.007444713033668088},"point_estimate":0.005708155136040727,"standard_error":0.000846372318468532},"median":{"confidence_interval":{"confidence_level":0.95,"lower_bound":0.0038193784756104243,"upper_bound":0.007398820358444302},"point_estimate":0.005030216138135479,"standard_error":0.000956418720201956}}