{"mean":{"confidence_interval":{"confidence_level":0.95,"lower_bound":-0.053063004253817984,"upper_bound":-0.047165274451972834},"point_estimate":-0.04967850227602,"standard_error":0.0015300719340288723},"median":{"confidence_interval":{"confidence_level":0.95,"lower_bound":-0.049199110792958245,"upper_bound":-0.04701867613615185},"point_estimate":-0.04798518721791023,"standard_error":0.0005770282862014592}}