{"mean":{"confidence_interval":{"confidence_level":0.95,"lower_bound":-0.0734249604455611,"upper_bound":-0.07133749809142209},"point_estimate":-0.07236651391155913,"standard_error":0.0005347143815829997},"median":{"confidence_interval":{"confidence_level":0.95,"lower_bound":-0.0737106829840537,"upper_bound":-0.07215840604001178},"point_estimate":-0.07287640346912305,"standard_error":0.00040464179900610186}}