{"mean":{"confidence_interval":{"confidence_level":0.95,"lower_bound":7719037.90185714,"upper_bound":7732973.7323571425},"point_estimate":7726253.148571428,"standard_error":3557.5682408396046},"median":{"confidence_interval":{"confidence_level":0.95,"lower_bound":7727606.0,"upper_bound":7737839.714285715},"point_estimate":7731681.714285715,"standard_error":2150.3427048746007},"median_abs_dev":{"confidence_interval":{"confidence_level":0.95,"lower_bound":15430.053326061892,"upper_bound":25107.301054256106},"point_estimate":20534.856835433315,"standard_error":2507.276230717531},"slope":null,"std_dev":{"confidence_interval":{"confidence_level":0.95,"lower_bound":28074.490607476262,"upper_bound":41848.37686118719},"point_estimate":35644.95562440859,"standard_error":3507.791219642872}}