{"mean":{"confidence_interval":{"confidence_level":0.95,"lower_bound":7762244.398892855,"upper_bound":7777740.702857144},"point_estimate":7769803.258571425,"standard_error":3965.035956310432},"median":{"confidence_interval":{"confidence_level":0.95,"lower_bound":7756621.285714285,"upper_bound":7771387.5},"point_estimate":7762457.857142857,"standard_error":3783.073210124302},"median_abs_dev":{"confidence_interval":{"confidence_level":0.95,"lower_bound":21580.407516871477,"upper_bound":37915.16452687206},"point_estimate":31872.298834153484,"standard_error":4199.016092700341},"slope":null,"std_dev":{"confidence_interval":{"confidence_level":0.95,"lower_bound":32740.989374919372,"upper_bound":46513.09668200278},"point_estimate":40017.060376805086,"standard_error":3513.0727581289852}}