{"mean":{"confidence_interval":{"confidence_level":0.95,"lower_bound":-0.03660351534501669,"upper_bound":-0.02666090736012631},"point_estimate":-0.03179047865498141,"standard_error":0.0025390234719049505},"median":{"confidence_interval":{"confidence_level":0.95,"lower_bound":-0.037200077074004856,"upper_bound":-0.023113307787030024},"point_estimate":-0.029501449226477572,"standard_error":0.0035204169754245334}}