{"mean":{"confidence_interval":{"confidence_level":0.95,"lower_bound":0.04257250367870223,"upper_bound":0.0548477050450832},"point_estimate":0.04897033973578968,"standard_error":0.0031358872535664707},"median":{"confidence_interval":{"confidence_level":0.95,"lower_bound":0.0375716950092968,"upper_bound":0.053173710093596664},"point_estimate":0.04451166215831792,"standard_error":0.003933842974505752}}