{"mean":{"confidence_interval":{"confidence_level":0.95,"lower_bound":-0.053067740331557915,"upper_bound":-0.0344978253091398},"point_estimate":-0.0434043021692716,"standard_error":0.004765788675574741},"median":{"confidence_interval":{"confidence_level":0.95,"lower_bound":-0.05369932219665097,"upper_bound":-0.030937138054238478},"point_estimate":-0.03696680250880047,"standard_error":0.006096622183544281}}