{"mean":{"confidence_interval":{"confidence_level":0.95,"lower_bound":-0.018741142139064342,"upper_bound":-0.006370693875805279},"point_estimate":-0.012474134970770767,"standard_error":0.0031701062951691203},"median":{"confidence_interval":{"confidence_level":0.95,"lower_bound":-0.019098867099896166,"upper_bound":-0.002690413347869125},"point_estimate":-0.00960031253560123,"standard_error":0.004142724674702739}}