{"mean":{"confidence_interval":{"confidence_level":0.95,"lower_bound":-0.03959276090242392,"upper_bound":-0.02190897070873227},"point_estimate":-0.03035241751584261,"standard_error":0.004542810044816204},"median":{"confidence_interval":{"confidence_level":0.95,"lower_bound":-0.036715386303500686,"upper_bound":-0.021537002514406045},"point_estimate":-0.030618809935316404,"standard_error":0.0037467160124234067}}