{"mean":{"confidence_interval":{"confidence_level":0.95,"lower_bound":0.02652618184204806,"upper_bound":0.0437706201054432},"point_estimate":0.03535648318357287,"standard_error":0.004391260903671343},"median":{"confidence_interval":{"confidence_level":0.95,"lower_bound":0.0252890748070842,"upper_bound":0.045000916991615014},"point_estimate":0.03438464840583677,"standard_error":0.00518827338421457}}