{"mean":{"confidence_interval":{"confidence_level":0.95,"lower_bound":-0.010058873079973654,"upper_bound":0.010399670836623747},"point_estimate":-0.0004929553486189286,"standard_error":0.005214513574836026},"median":{"confidence_interval":{"confidence_level":0.95,"lower_bound":-0.014954383167497087,"upper_bound":0.011310395224549463},"point_estimate":-0.004629913030011812,"standard_error":0.006185082489443808}}