{"mean":{"confidence_interval":{"confidence_level":0.95,"lower_bound":-0.025040343913437582,"upper_bound":-0.0018403873666895812},"point_estimate":-0.013277320960402794,"standard_error":0.0059515079395159225},"median":{"confidence_interval":{"confidence_level":0.95,"lower_bound":-0.028115135271015612,"upper_bound":0.004942619420733818},"point_estimate":-0.01439392132316386,"standard_error":0.008796062071923464}}