{"mean":{"confidence_interval":{"confidence_level":0.95,"lower_bound":0.03350885178109569,"upper_bound":0.05159720349109221},"point_estimate":0.04224644657049148,"standard_error":0.004598101829435783},"median":{"confidence_interval":{"confidence_level":0.95,"lower_bound":0.03088751352494401,"upper_bound":0.049460406476761865},"point_estimate":0.040978372350513714,"standard_error":0.004626647183851855}}