{"mean":{"confidence_interval":{"confidence_level":0.95,"lower_bound":128547356.30375001,"upper_bound":129680686.36791666},"point_estimate":129109102.5,"standard_error":289957.79376434843},"median":{"confidence_interval":{"confidence_level":0.95,"lower_bound":127995310.25,"upper_bound":129690530.75},"point_estimate":129334542.5,"standard_error":385684.0620597003},"median_abs_dev":{"confidence_interval":{"confidence_level":0.95,"lower_bound":578268.8459336758,"upper_bound":2836208.5605472326},"point_estimate":2221669.0182074904,"standard_error":644486.0524822834},"slope":null,"std_dev":{"confidence_interval":{"confidence_level":0.95,"lower_bound":1256226.7090948927,"upper_bound":1897283.798360478},"point_estimate":1616560.4099108668,"standard_error":163868.89497616707}}