{"mean":{"confidence_interval":{"confidence_level":0.95,"lower_bound":41645319.399166666,"upper_bound":41670547.68483335},"point_estimate":41657901.87333334,"standard_error":6421.102183237494},"median":{"confidence_interval":{"confidence_level":0.95,"lower_bound":41637677.900000006,"upper_bound":41677763.400000006},"point_estimate":41656470.2,"standard_error":10717.862034533036},"median_abs_dev":{"confidence_interval":{"confidence_level":0.95,"lower_bound":25396.64102912612,"upper_bound":54585.77279092207},"point_estimate":43388.584749703055,"standard_error":7430.4131857915945},"slope":null,"std_dev":{"confidence_interval":{"confidence_level":0.95,"lower_bound":28124.652615959854,"upper_bound":41486.56258536619},"point_estimate":35708.618638642365,"standard_error":3422.1171073377095}}