{"mean":{"confidence_interval":{"confidence_level":0.95,"lower_bound":37774061.867374994,"upper_bound":37864485.412625},"point_estimate":37816777.245,"standard_error":22932.24849657621},"median":{"confidence_interval":{"confidence_level":0.95,"lower_bound":37787532.5,"upper_bound":37837493.5},"point_estimate":37824587.25,"standard_error":12353.930465800295},"median_abs_dev":{"confidence_interval":{"confidence_level":0.95,"lower_bound":96847.4981643632,"upper_bound":186040.35119712353},"point_estimate":131035.89217364788,"standard_error":21616.14678647096},"slope":null,"std_dev":{"confidence_interval":{"confidence_level":0.95,"lower_bound":152381.58141929246,"upper_bound":305685.80810217065},"point_estimate":230256.43052627105,"standard_error":39751.47406276732}}