{"mean":{"confidence_interval":{"confidence_level":0.95,"lower_bound":37657579.677250005,"upper_bound":37719515.081625},"point_estimate":37688278.945,"standard_error":15799.086068790783},"median":{"confidence_interval":{"confidence_level":0.95,"lower_bound":37640846.25,"upper_bound":37736465.25},"point_estimate":37687110.25,"standard_error":22932.925579468665},"median_abs_dev":{"confidence_interval":{"confidence_level":0.95,"lower_bound":126485.79285442829,"upper_bound":200930.47338277102},"point_estimate":163975.55708885193,"standard_error":18523.81030959026},"slope":null,"std_dev":{"confidence_interval":{"confidence_level":0.95,"lower_bound":138215.93772262763,"upper_bound":177049.96961198},"point_estimate":158776.66712366295,"standard_error":9906.054512114466}}