{"mean":{"confidence_interval":{"confidence_level":0.95,"lower_bound":41739726.75520833,"upper_bound":41823509.24770833},"point_estimate":41780386.88333333,"standard_error":21368.55148415416},"median":{"confidence_interval":{"confidence_level":0.95,"lower_bound":41701784.5,"upper_bound":41790662.875},"point_estimate":41736969.0,"standard_error":26991.24740985964},"median_abs_dev":{"confidence_interval":{"confidence_level":0.95,"lower_bound":54469.425757974386,"upper_bound":179373.0620504909},"point_estimate":86712.82466053963,"standard_error":33767.449812294784},"slope":null,"std_dev":{"confidence_interval":{"confidence_level":0.95,"lower_bound":91182.65039499337,"upper_bound":136017.50582822054},"point_estimate":119056.03447715522,"standard_error":11430.56985815951}}