{"mean":{"confidence_interval":{"confidence_level":0.95,"lower_bound":-0.015749491343765368,"upper_bound":-0.0010172117433669499},"point_estimate":-0.008218836264736518,"standard_error":0.003768483848862908},"median":{"confidence_interval":{"confidence_level":0.95,"lower_bound":-0.01920221252936638,"upper_bound":0.0018037029621460164},"point_estimate":-0.008168065229280153,"standard_error":0.005377628324496615}}