{"mean":{"confidence_interval":{"confidence_level":0.95,"lower_bound":-0.007444871612753038,"upper_bound":0.014251271120492745},"point_estimate":0.0039150952181168375,"standard_error":0.00553897438209972},"median":{"confidence_interval":{"confidence_level":0.95,"lower_bound":-0.009993927800027835,"upper_bound":0.01965530774205515},"point_estimate":0.006623733358164907,"standard_error":0.00751436336859236}}