{"mean":{"confidence_interval":{"confidence_level":0.95,"lower_bound":-0.053704798106536646,"upper_bound":-0.03094250023893375},"point_estimate":-0.04153300971802287,"standard_error":0.0058270961706244},"median":{"confidence_interval":{"confidence_level":0.95,"lower_bound":-0.05308106218315278,"upper_bound":-0.024719003622305502},"point_estimate":-0.03884471124339883,"standard_error":0.007453362379201653}}