{"mean":{"confidence_interval":{"confidence_level":0.95,"lower_bound":0.006397343042902304,"upper_bound":0.03159542610014016},"point_estimate":0.01780074674147647,"standard_error":0.006403901918819009},"median":{"confidence_interval":{"confidence_level":0.95,"lower_bound":0.0007027469257638863,"upper_bound":0.029780553032349832},"point_estimate":0.013684393566898656,"standard_error":0.00804369464034378}}