{"mean":{"confidence_interval":{"confidence_level":0.95,"lower_bound":-0.036749375906296754,"upper_bound":-0.012562186730205328},"point_estimate":-0.02625712118693546,"standard_error":0.006270373663256299},"median":{"confidence_interval":{"confidence_level":0.95,"lower_bound":-0.03499454290035742,"upper_bound":-0.018132703071025102},"point_estimate":-0.02644351768462383,"standard_error":0.004404842427832266}}