{"mean":{"confidence_interval":{"confidence_level":0.95,"lower_bound":0.009065399936938523,"upper_bound":0.034406671603622305},"point_estimate":0.023796638789671753,"standard_error":0.0065655668291525505},"median":{"confidence_interval":{"confidence_level":0.95,"lower_bound":0.018435570970776638,"upper_bound":0.037213402008883456},"point_estimate":0.028290200238919594,"standard_error":0.004572315012744942}}