{"mean":{"confidence_interval":{"confidence_level":0.95,"lower_bound":0.024258911118929173,"upper_bound":0.038992785503907966},"point_estimate":0.03136823902620223,"standard_error":0.003787970277448448},"median":{"confidence_interval":{"confidence_level":0.95,"lower_bound":0.0196607717297317,"upper_bound":0.040283353405967934},"point_estimate":0.027869098173801676,"standard_error":0.005393074337877809}}