{"mean":{"confidence_interval":{"confidence_level":0.95,"lower_bound":-0.003528273403929669,"upper_bound":0.009267279017886812},"point_estimate":0.0029612589899812303,"standard_error":0.003256538267749522},"median":{"confidence_interval":{"confidence_level":0.95,"lower_bound":-0.006344732457382862,"upper_bound":0.009802562899133171},"point_estimate":0.003334729112086654,"standard_error":0.004107896695324719}}