{"mean":{"confidence_interval":{"confidence_level":0.95,"lower_bound":554666759.1966667,"upper_bound":558513950.7783333},"point_estimate":556604406.7666667,"standard_error":983102.5926422655},"median":{"confidence_interval":{"confidence_level":0.95,"lower_bound":553539044.0,"upper_bound":559318189.0},"point_estimate":557381596.0,"standard_error":1594691.1984763413},"median_abs_dev":{"confidence_interval":{"confidence_level":0.95,"lower_bound":3014529.0136814117,"upper_bound":9077304.329645634},"point_estimate":6855820.26578486,"standard_error":1514502.0429489561},"slope":null,"std_dev":{"confidence_interval":{"confidence_level":0.95,"lower_bound":4392357.91295798,"upper_bound":6297190.455269074},"point_estimate":5490235.866481636,"standard_error":487260.92373900325}}