{"mean":{"confidence_interval":{"confidence_level":0.95,"lower_bound":843414204.3,"upper_bound":856385644.3125},"point_estimate":849106225.4,"standard_error":3355320.694037926},"median":{"confidence_interval":{"confidence_level":0.95,"lower_bound":842323328.0,"upper_bound":854682905.0},"point_estimate":846165559.5,"standard_error":2830256.584181074},"median_abs_dev":{"confidence_interval":{"confidence_level":0.95,"lower_bound":1052175.2558201551,"upper_bound":14165095.21611929},"point_estimate":6824738.298636675,"standard_error":3776673.10756982},"slope":null,"std_dev":{"confidence_interval":{"confidence_level":0.95,"lower_bound":3821124.8311679126,"upper_bound":15886168.183289234},"point_estimate":11173405.920187425,"standard_error":3536491.1369751566}}