{"mean":{"confidence_interval":{"confidence_level":0.95,"lower_bound":548895482.4991666,"upper_bound":553067899.1774999},"point_estimate":550967258.4666667,"standard_error":1068750.0605620309},"median":{"confidence_interval":{"confidence_level":0.95,"lower_bound":547519306.0,"upper_bound":553695748.5},"point_estimate":551748828.5,"standard_error":2092716.3031924306},"median_abs_dev":{"confidence_interval":{"confidence_level":0.95,"lower_bound":3340513.458994031,"upper_bound":8700482.272535563},"point_estimate":6450844.376474619,"standard_error":1292096.4094647903},"slope":null,"std_dev":{"confidence_interval":{"confidence_level":0.95,"lower_bound":4413028.0038491385,"upper_bound":7270056.516324118},"point_estimate":5960589.384848636,"standard_error":732904.123693254}}