{"mean":{"confidence_interval":{"confidence_level":0.95,"lower_bound":225091202.70749998,"upper_bound":227105890.26375},"point_estimate":226125085.55,"standard_error":515052.06567614496},"median":{"confidence_interval":{"confidence_level":0.95,"lower_bound":226381956.0,"upper_bound":228386080.0},"point_estimate":227200856.5,"standard_error":503444.45695266605},"median_abs_dev":{"confidence_interval":{"confidence_level":0.95,"lower_bound":2545246.833112836,"upper_bound":5010973.675337434},"point_estimate":3963798.4879285097,"standard_error":681917.4513683879},"slope":null,"std_dev":{"confidence_interval":{"confidence_level":0.95,"lower_bound":4232434.896969483,"upper_bound":6017822.787673255},"point_estimate":5186533.199691039,"standard_error":455024.68678724713}}