{"mean":{"confidence_interval":{"confidence_level":0.95,"lower_bound":227071052.63075,"upper_bound":229208612.75024998},"point_estimate":228157435.99,"standard_error":544874.333093288},"median":{"confidence_interval":{"confidence_level":0.95,"lower_bound":228454250.0,"upper_bound":230235627.0},"point_estimate":229526268.5,"standard_error":485960.83633521636},"median_abs_dev":{"confidence_interval":{"confidence_level":0.95,"lower_bound":3311332.185012102,"upper_bound":6217713.684913516},"point_estimate":4783891.99166894,"standard_error":786379.2676925412},"slope":null,"std_dev":{"confidence_interval":{"confidence_level":0.95,"lower_bound":4629978.768570476,"upper_bound":6191367.821941988},"point_estimate":5470801.400035486,"standard_error":397212.4012474277}}