{"mean":{"confidence_interval":{"confidence_level":0.95,"lower_bound":11860007.733450005,"upper_bound":11899295.951599997},"point_estimate":11879489.11,"standard_error":10006.985014245392},"median":{"confidence_interval":{"confidence_level":0.95,"lower_bound":11839626.5,"upper_bound":11911408.8},"point_estimate":11893407.2,"standard_error":22952.222179915036},"median_abs_dev":{"confidence_interval":{"confidence_level":0.95,"lower_bound":84473.09794530072,"upper_bound":131099.7996455133},"point_estimate":107705.10594785158,"standard_error":12084.731046232844},"slope":null,"std_dev":{"confidence_interval":{"confidence_level":0.95,"lower_bound":85822.865896445,"upper_bound":114857.95623141219},"point_estimate":100842.67446788319,"standard_error":7407.128226479198}}