{"mean":{"confidence_interval":{"confidence_level":0.95,"lower_bound":11657507.245446429,"upper_bound":11683136.400099207},"point_estimate":11670216.202876985,"standard_error":6556.684360968212},"median":{"confidence_interval":{"confidence_level":0.95,"lower_bound":11648155.375,"upper_bound":11686497.425},"point_estimate":11674534.484375,"standard_error":12057.059312101606},"median_abs_dev":{"confidence_interval":{"confidence_level":0.95,"lower_bound":3052.5909791383965,"upper_bound":39003.3984231781},"point_estimate":26132.958347505424,"standard_error":9681.020457060285},"slope":{"confidence_interval":{"confidence_level":0.95,"lower_bound":11647806.833140915,"upper_bound":11678095.362171052},"point_estimate":11660371.607142856,"standard_error":8009.756571245406},"std_dev":{"confidence_interval":{"confidence_level":0.95,"lower_bound":14048.479919144529,"upper_bound":26531.50895872523},"point_estimate":21820.810512205906,"standard_error":3279.5857212617125}}