{"mean":{"confidence_interval":{"confidence_level":0.95,"lower_bound":-0.010893008958611868,"upper_bound":0.0023396660462472623},"point_estimate":-0.0045230284454014225,"standard_error":0.003373766771376412},"median":{"confidence_interval":{"confidence_level":0.95,"lower_bound":-0.012488580491316847,"upper_bound":0.002810804762762631},"point_estimate":-0.003632175803039761,"standard_error":0.003781853210045194}}