{"mean":{"confidence_interval":{"confidence_level":0.95,"lower_bound":-0.040719569156861556,"upper_bound":-0.024953660407558014},"point_estimate":-0.03267106788523266,"standard_error":0.0040136545573525835},"median":{"confidence_interval":{"confidence_level":0.95,"lower_bound":-0.04242799606096015,"upper_bound":-0.02289703097774387},"point_estimate":-0.03210188820322246,"standard_error":0.004483653329841606}}