{"mean":{"confidence_interval":{"confidence_level":0.95,"lower_bound":0.03822662386369678,"upper_bound":0.051493926835459176},"point_estimate":0.044832925835358584,"standard_error":0.0033768372701546926},"median":{"confidence_interval":{"confidence_level":0.95,"lower_bound":0.03768743466378604,"upper_bound":0.0509875569934497},"point_estimate":0.0466538585472791,"standard_error":0.0035826315248164457}}