{"mean":{"confidence_interval":{"confidence_level":0.95,"lower_bound":0.011541679004299036,"upper_bound":0.028311994421451357},"point_estimate":0.019723146288303184,"standard_error":0.004275240882756745},"median":{"confidence_interval":{"confidence_level":0.95,"lower_bound":0.00824363274015183,"upper_bound":0.03254044937413725},"point_estimate":0.01701913191874893,"standard_error":0.006408374820757498}}