{"mean":{"confidence_interval":{"confidence_level":0.95,"lower_bound":0.03880625242460238,"upper_bound":0.05372515847996215},"point_estimate":0.046073111454699056,"standard_error":0.0038075096758014124},"median":{"confidence_interval":{"confidence_level":0.95,"lower_bound":0.044645011756458554,"upper_bound":0.05879455051761129},"point_estimate":0.05116683337189376,"standard_error":0.003660222470675718}}