{"mean":{"confidence_interval":{"confidence_level":0.95,"lower_bound":-0.0005013613604418801,"upper_bound":0.017914733874486576},"point_estimate":0.009126556609589498,"standard_error":0.004703384488476856},"median":{"confidence_interval":{"confidence_level":0.95,"lower_bound":-0.0025447487080767495,"upper_bound":0.021468447287807724},"point_estimate":0.010570819498877393,"standard_error":0.005833504025389858}}