{"mean":{"confidence_interval":{"confidence_level":0.95,"lower_bound":-0.04786408489991929,"upper_bound":-0.032159433839732236},"point_estimate":-0.04007986347494519,"standard_error":0.004016336291976471},"median":{"confidence_interval":{"confidence_level":0.95,"lower_bound":-0.05157186965880134,"upper_bound":-0.03107247079293185},"point_estimate":-0.042278133174495136,"standard_error":0.005249543307844226}}