{"mean":{"confidence_interval":{"confidence_level":0.95,"lower_bound":-0.04030258240367644,"upper_bound":-0.02638711984115436},"point_estimate":-0.033742019237882226,"standard_error":0.0035325132965051873},"median":{"confidence_interval":{"confidence_level":0.95,"lower_bound":-0.04503727227181209,"upper_bound":-0.033102988787689136},"point_estimate":-0.03924413828428408,"standard_error":0.0031125136151261027}}