{"mean":{"confidence_interval":{"confidence_level":0.95,"lower_bound":0.032909123140687745,"upper_bound":0.06944077195054849},"point_estimate":0.05128386408463603,"standard_error":0.009376928081058191},"median":{"confidence_interval":{"confidence_level":0.95,"lower_bound":0.03291370570208074,"upper_bound":0.085075324872351},"point_estimate":0.05623446700044732,"standard_error":0.011735354025156524}}