{"mean":{"confidence_interval":{"confidence_level":0.95,"lower_bound":-0.03634506690881364,"upper_bound":0.004449243227447502},"point_estimate":-0.01602432128574527,"standard_error":0.010343023432156926},"median":{"confidence_interval":{"confidence_level":0.95,"lower_bound":-0.031267530982907576,"upper_bound":0.01885888255145913},"point_estimate":-0.006992274597954817,"standard_error":0.012552514249172392}}