{"mean":{"confidence_interval":{"confidence_level":0.95,"lower_bound":0.019953501151820784,"upper_bound":0.0647487862622912},"point_estimate":0.042688165548029566,"standard_error":0.011433932795868079},"median":{"confidence_interval":{"confidence_level":0.95,"lower_bound":0.018715395763823306,"upper_bound":0.07863080482125152},"point_estimate":0.04761822167488372,"standard_error":0.014657353802211288}}