{"mean":{"confidence_interval":{"confidence_level":0.95,"lower_bound":0.07263347139964942,"upper_bound":0.11494235583287479},"point_estimate":0.09463983939443543,"standard_error":0.010689629434983817},"median":{"confidence_interval":{"confidence_level":0.95,"lower_bound":0.06345801170495169,"upper_bound":0.11485071336786601},"point_estimate":0.09024794187987206,"standard_error":0.013115509536863263}}