{"mean":{"confidence_interval":{"confidence_level":0.95,"lower_bound":-0.05136488545671243,"upper_bound":-0.015929525647146888},"point_estimate":-0.033850876686931985,"standard_error":0.009076847036325114},"median":{"confidence_interval":{"confidence_level":0.95,"lower_bound":-0.061261341634119226,"upper_bound":-0.00979577614899163},"point_estimate":-0.034117611723984975,"standard_error":0.012434518988226003}}