{"mean":{"confidence_interval":{"confidence_level":0.95,"lower_bound":0.002167674972144857,"upper_bound":0.05352322928816132},"point_estimate":0.028757860356322107,"standard_error":0.013095588706904356},"median":{"confidence_interval":{"confidence_level":0.95,"lower_bound":0.0033995444192043145,"upper_bound":0.05319811509167249},"point_estimate":0.0344606050254217,"standard_error":0.013422497536263412}}