{"mean":{"confidence_interval":{"confidence_level":0.95,"lower_bound":-0.10033939604009824,"upper_bound":-0.0651124366945879},"point_estimate":-0.08315713970483796,"standard_error":0.008997185013128387},"median":{"confidence_interval":{"confidence_level":0.95,"lower_bound":-0.09830627463523722,"upper_bound":-0.05915865144759369},"point_estimate":-0.08104631631635428,"standard_error":0.010357299851953675}}