{"mean":{"confidence_interval":{"confidence_level":0.95,"lower_bound":-0.015056954698969534,"upper_bound":0.026019681952381135},"point_estimate":0.005698169575679035,"standard_error":0.010556891830672956},"median":{"confidence_interval":{"confidence_level":0.95,"lower_bound":-0.019674096282417453,"upper_bound":0.025620577160837987},"point_estimate":0.0077312249174756875,"standard_error":0.011624091896935997}}