{"mean":{"confidence_interval":{"confidence_level":0.95,"lower_bound":26138824.991499998,"upper_bound":26283044.64625},"point_estimate":26211865.455,"standard_error":36754.48600001145},"median":{"confidence_interval":{"confidence_level":0.95,"lower_bound":26148717.25,"upper_bound":26297031.0},"point_estimate":26214627.5,"standard_error":41792.07079522344},"median_abs_dev":{"confidence_interval":{"confidence_level":0.95,"lower_bound":230953.49349975586,"upper_bound":455109.6367701888},"point_estimate":317927.99705564976,"standard_error":56706.89333431082},"slope":null,"std_dev":{"confidence_interval":{"confidence_level":0.95,"lower_bound":316952.55226195743,"upper_bound":419325.3583326311},"point_estimate":370910.7615896519,"standard_error":26150.339769419403}}