{"mean":{"confidence_interval":{"confidence_level":0.95,"lower_bound":219171446.8775,"upper_bound":222779374.93750003},"point_estimate":221081249.5,"standard_error":924869.3448170215},"median":{"confidence_interval":{"confidence_level":0.95,"lower_bound":219259078.1666667,"upper_bound":223693467.0},"point_estimate":221650761.0,"standard_error":1151550.3120976523},"median_abs_dev":{"confidence_interval":{"confidence_level":0.95,"lower_bound":780095.9216505289,"upper_bound":5142500.55520235},"point_estimate":3120021.685108535,"standard_error":1065125.3208196303},"slope":null,"std_dev":{"confidence_interval":{"confidence_level":0.95,"lower_bound":1521616.1565448549,"upper_bound":4113944.8019546443},"point_estimate":3095103.2123772013,"standard_error":709234.8825041212}}