{"mean":{"confidence_interval":{"confidence_level":0.95,"lower_bound":218966714.36166665,"upper_bound":223074863.30333337},"point_estimate":221083263.4,"standard_error":1051369.9167996338},"median":{"confidence_interval":{"confidence_level":0.95,"lower_bound":218318746.0,"upper_bound":223965601.1666667},"point_estimate":221833324.0,"standard_error":1552680.404102905},"median_abs_dev":{"confidence_interval":{"confidence_level":0.95,"lower_bound":980433.231493838,"upper_bound":5789122.696122542},"point_estimate":4233895.091733344,"standard_error":1298695.1956555152},"slope":null,"std_dev":{"confidence_interval":{"confidence_level":0.95,"lower_bound":2008054.736142537,"upper_bound":4398271.08878065},"point_estimate":3509010.248646058,"standard_error":618778.8858010639}}