{"mean":{"confidence_interval":{"confidence_level":0.95,"lower_bound":228350905.25125,"upper_bound":232197136.45},"point_estimate":230357072.75,"standard_error":986016.6892346304},"median":{"confidence_interval":{"confidence_level":0.95,"lower_bound":228052539.5,"upper_bound":233326763.0},"point_estimate":230805570.5,"standard_error":1140504.86038834},"median_abs_dev":{"confidence_interval":{"confidence_level":0.95,"lower_bound":493571.6159373522,"upper_bound":5303969.900585711},"point_estimate":3439872.4907800555,"standard_error":1316681.3035896563},"slope":null,"std_dev":{"confidence_interval":{"confidence_level":0.95,"lower_bound":1639162.4062251814,"upper_bound":4207541.175144168},"point_estimate":3283455.918488977,"standard_error":658688.6388456128}}