{"mean":{"confidence_interval":{"confidence_level":0.95,"lower_bound":8875164.709481059,"upper_bound":9049129.471006943},"point_estimate":8963597.135328282,"standard_error":44600.6290929181},"median":{"confidence_interval":{"confidence_level":0.95,"lower_bound":8830852.40909091,"upper_bound":9104566.393939395},"point_estimate":8962381.915151514,"standard_error":78306.06567754444},"median_abs_dev":{"confidence_interval":{"confidence_level":0.95,"lower_bound":25862.01343631211,"upper_bound":247974.37841605852},"point_estimate":184641.96589710328,"standard_error":59396.90945332274},"slope":{"confidence_interval":{"confidence_level":0.95,"lower_bound":8936535.636992766,"upper_bound":9074930.897782816},"point_estimate":9014601.106493507,"standard_error":34877.77702102103},"std_dev":{"confidence_interval":{"confidence_level":0.95,"lower_bound":93480.00834729114,"upper_bound":176510.39201781517},"point_estimate":148643.46923892808,"standard_error":21322.856779748916}}