{"mean":{"confidence_interval":{"confidence_level":0.95,"lower_bound":9250320.859833334,"upper_bound":9389991.333999999},"point_estimate":9321032.483333334,"standard_error":35716.764286859456},"median":{"confidence_interval":{"confidence_level":0.95,"lower_bound":9241728.833333334,"upper_bound":9434298.833333334},"point_estimate":9345611.5,"standard_error":58043.611931727806},"median_abs_dev":{"confidence_interval":{"confidence_level":0.95,"lower_bound":259599.5488911867,"upper_bound":432943.1610137243},"point_estimate":313800.1916289325,"standard_error":44983.64407072578},"slope":null,"std_dev":{"confidence_interval":{"confidence_level":0.95,"lower_bound":302323.44220260304,"upper_bound":412210.5108165683},"point_estimate":359732.54316059174,"standard_error":28053.902168883462}}