{"mean":{"confidence_interval":{"confidence_level":0.95,"lower_bound":211000687.44916666,"upper_bound":212994700.1191667},"point_estimate":211980054.33333334,"standard_error":509613.8342129251},"median":{"confidence_interval":{"confidence_level":0.95,"lower_bound":210574267.6666667,"upper_bound":213521184.0},"point_estimate":211875464.0,"standard_error":832328.4807631794},"median_abs_dev":{"confidence_interval":{"confidence_level":0.95,"lower_bound":366238.02299798274,"upper_bound":2750559.359285285},"point_estimate":1972193.2796865776,"standard_error":630636.1560731931},"slope":null,"std_dev":{"confidence_interval":{"confidence_level":0.95,"lower_bound":1025906.8283902368,"upper_bound":2090178.5664689748},"point_estimate":1694134.3752990686,"standard_error":273188.3980610482}}