{"mean":{"confidence_interval":{"confidence_level":0.95,"lower_bound":219287182.84416667,"upper_bound":222272665.585},"point_estimate":220741732.8666667,"standard_error":763485.9918320901},"median":{"confidence_interval":{"confidence_level":0.95,"lower_bound":218907864.1666667,"upper_bound":222586734.5},"point_estimate":220557883.5,"standard_error":981750.8506439717},"median_abs_dev":{"confidence_interval":{"confidence_level":0.95,"lower_bound":627324.1254627631,"upper_bound":4258768.42439179},"point_estimate":2166211.7484420463,"standard_error":953790.8953755533},"slope":null,"std_dev":{"confidence_interval":{"confidence_level":0.95,"lower_bound":1333472.9744224756,"upper_bound":3291790.2490243446},"point_estimate":2547680.3955064397,"standard_error":503243.00922016264}}