{"mean":{"confidence_interval":{"confidence_level":0.95,"lower_bound":219717871.8585,"upper_bound":221571614.84149998},"point_estimate":220659047.62,"standard_error":473425.29162774904},"median":{"confidence_interval":{"confidence_level":0.95,"lower_bound":220678170.0,"upper_bound":222830939.0},"point_estimate":221998831.5,"standard_error":480321.9557113413},"median_abs_dev":{"confidence_interval":{"confidence_level":0.95,"lower_bound":2857000.542578101,"upper_bound":5465366.845670342},"point_estimate":4002971.0031330585,"standard_error":677829.8424500487},"slope":null,"std_dev":{"confidence_interval":{"confidence_level":0.95,"lower_bound":4083399.8778892686,"upper_bound":5310494.759241979},"point_estimate":4743353.770571902,"standard_error":311694.95118881675}}