{"mean":{"confidence_interval":{"confidence_level":0.95,"lower_bound":227046926.50875002,"upper_bound":233005601.8425},"point_estimate":229823951.2,"standard_error":1531120.9559627632},"median":{"confidence_interval":{"confidence_level":0.95,"lower_bound":226928893.0,"upper_bound":231707203.5},"point_estimate":228969181.0,"standard_error":1104343.1965574373},"median_abs_dev":{"confidence_interval":{"confidence_level":0.95,"lower_bound":296869.8883295059,"upper_bound":7655146.991693974},"point_estimate":2991754.795485735,"standard_error":1906585.9882107386},"slope":null,"std_dev":{"confidence_interval":{"confidence_level":0.95,"lower_bound":1766733.951126129,"upper_bound":7217276.239236426},"point_estimate":5109959.494691313,"standard_error":1461112.688999458}}