{"mean":{"confidence_interval":{"confidence_level":0.95,"lower_bound":59649600.26275,"upper_bound":59826254.3535},"point_estimate":59734293.49,"standard_error":44986.491011117956},"median":{"confidence_interval":{"confidence_level":0.95,"lower_bound":59535064.0,"upper_bound":59723715.0},"point_estimate":59616396.5,"standard_error":44101.03781544875},"median_abs_dev":{"confidence_interval":{"confidence_level":0.95,"lower_bound":231749.64968562126,"upper_bound":429175.4420556127},"point_estimate":306776.62135362625,"standard_error":50288.59386870473},"slope":null,"std_dev":{"confidence_interval":{"confidence_level":0.95,"lower_bound":342292.2476594295,"upper_bound":554818.4977150289},"point_estimate":452572.65244718525,"standard_error":54339.01464344511}}