{"mean":{"confidence_interval":{"confidence_level":0.95,"lower_bound":61031135.252,"upper_bound":61242666.206},"point_estimate":61128873.67,"standard_error":53993.20705180858},"median":{"confidence_interval":{"confidence_level":0.95,"lower_bound":60942686.5,"upper_bound":61101070.0},"point_estimate":61022166.0,"standard_error":47030.59127085207},"median_abs_dev":{"confidence_interval":{"confidence_level":0.95,"lower_bound":248311.77399158478,"upper_bound":421391.9775187969},"point_estimate":333240.2895838022,"standard_error":44306.12856167535},"slope":null,"std_dev":{"confidence_interval":{"confidence_level":0.95,"lower_bound":333729.4744556436,"upper_bound":752988.1988236812},"point_estimate":542490.5814318846,"standard_error":111368.37336254203}}