{"mean":{"confidence_interval":{"confidence_level":0.95,"lower_bound":61425705.69166666,"upper_bound":61845079.97833334},"point_estimate":61621751.533333346,"standard_error":107398.42342361387},"median":{"confidence_interval":{"confidence_level":0.95,"lower_bound":61338703.333333336,"upper_bound":61877403.666666664},"point_estimate":61556309.333333336,"standard_error":151302.26785746208},"median_abs_dev":{"confidence_interval":{"confidence_level":0.95,"lower_bound":69344.9072688818,"upper_bound":636195.7566052694},"point_estimate":349421.6327965278,"standard_error":130037.20686912352},"slope":null,"std_dev":{"confidence_interval":{"confidence_level":0.95,"lower_bound":184314.34730315354,"upper_bound":472053.70753220643},"point_estimate":358547.7846805954,"standard_error":79647.87657435432}}