{"mean":{"confidence_interval":{"confidence_level":0.95,"lower_bound":59835435.776250005,"upper_bound":60339274.1605},"point_estimate":60034865.84,"standard_error":132771.80076021753},"median":{"confidence_interval":{"confidence_level":0.95,"lower_bound":59686722.0,"upper_bound":59953403.0},"point_estimate":59825501.0,"standard_error":72184.49549424819},"median_abs_dev":{"confidence_interval":{"confidence_level":0.95,"lower_bound":397774.159938097,"upper_bound":660237.3506784439},"point_estimate":521842.57353544235,"standard_error":68631.98918942608},"slope":null,"std_dev":{"confidence_interval":{"confidence_level":0.95,"lower_bound":464896.76072110777,"upper_bound":2174103.205805301},"point_estimate":1334117.8848114475,"standard_error":572234.8114903009}}