{"mean":{"confidence_interval":{"confidence_level":0.95,"lower_bound":3462966.944883929,"upper_bound":3493410.2396607134},"point_estimate":3476727.4010714274,"standard_error":7789.674223834847},"median":{"confidence_interval":{"confidence_level":0.95,"lower_bound":3468322.035714286,"upper_bound":3489111.3928571427},"point_estimate":3482816.5,"standard_error":5268.493904658588},"median_abs_dev":{"confidence_interval":{"confidence_level":0.95,"lower_bound":33995.5408464586,"upper_bound":56476.185714847095},"point_estimate":46437.4139255713,"standard_error":5510.63316518416},"slope":null,"std_dev":{"confidence_interval":{"confidence_level":0.95,"lower_bound":45605.79670632978,"upper_bound":115643.23124062279},"point_estimate":78162.30406178135,"standard_error":21297.10928313364}}