{"mean":{"confidence_interval":{"confidence_level":0.95,"lower_bound":3339990.728146551,"upper_bound":3385935.182577586},"point_estimate":3363187.837241381,"standard_error":11745.913760879137},"median":{"confidence_interval":{"confidence_level":0.95,"lower_bound":3322307.620689655,"upper_bound":3424861.9913793104},"point_estimate":3378895.818965517,"standard_error":27998.12984407354},"median_abs_dev":{"confidence_interval":{"confidence_level":0.95,"lower_bound":46448.05504951992,"upper_bound":130369.05449238331},"point_estimate":91731.57894385284,"standard_error":22080.310947354035},"slope":null,"std_dev":{"confidence_interval":{"confidence_level":0.95,"lower_bound":72377.1595732092,"upper_bound":92993.78286500591},"point_estimate":83967.60248687657,"standard_error":5242.00578074388}}