{"mean":{"confidence_interval":{"confidence_level":0.95,"lower_bound":3465968.0308571425,"upper_bound":3485009.9130446436},"point_estimate":3475588.2042857152,"standard_error":4845.949829767942},"median":{"confidence_interval":{"confidence_level":0.95,"lower_bound":3470768.2678571427,"upper_bound":3493324.8928571427},"point_estimate":3484246.5892857146,"standard_error":5108.940004723666},"median_abs_dev":{"confidence_interval":{"confidence_level":0.95,"lower_bound":36483.76720228371,"upper_bound":56199.14337726586},"point_estimate":46602.96209763218,"standard_error":4935.3242312194425},"slope":null,"std_dev":{"confidence_interval":{"confidence_level":0.95,"lower_bound":41486.23669580789,"upper_bound":54677.857099333676},"point_estimate":48566.58052625641,"standard_error":3368.4787147181405}}