{"mean":{"confidence_interval":{"confidence_level":0.95,"lower_bound":219223650.02999994,"upper_bound":222165211.70250002},"point_estimate":220746965.2,"standard_error":754669.9181755784},"median":{"confidence_interval":{"confidence_level":0.95,"lower_bound":218368171.33333334,"upper_bound":222873189.0},"point_estimate":221162313.0,"standard_error":1152929.223165888},"median_abs_dev":{"confidence_interval":{"confidence_level":0.95,"lower_bound":599485.3457570003,"upper_bound":4201972.984600067},"point_estimate":2831005.1288396046,"standard_error":928590.9837210283},"slope":null,"std_dev":{"confidence_interval":{"confidence_level":0.95,"lower_bound":1402847.3705165512,"upper_bound":3073070.461128459},"point_estimate":2518490.0103029925,"standard_error":416725.97022846155}}