{"mean":{"confidence_interval":{"confidence_level":0.95,"lower_bound":204900897.29625002,"upper_bound":207118976.9485},"point_estimate":206027122.07,"standard_error":565255.2888083798},"median":{"confidence_interval":{"confidence_level":0.95,"lower_bound":205045865.0,"upper_bound":209279679.5},"point_estimate":207204707.0,"standard_error":1097440.0480892733},"median_abs_dev":{"confidence_interval":{"confidence_level":0.95,"lower_bound":3879590.5159235,"upper_bound":7532743.537867069},"point_estimate":6025627.291023731,"standard_error":987617.3846095888},"slope":null,"std_dev":{"confidence_interval":{"confidence_level":0.95,"lower_bound":4918232.182031766,"upper_bound":6386801.562664489},"point_estimate":5674920.429959033,"standard_error":375002.3247207326}}