{"mean":{"confidence_interval":{"confidence_level":0.95,"lower_bound":200983731.4608333,"upper_bound":204513756.63333333},"point_estimate":202755698.43333334,"standard_error":905123.6240128478},"median":{"confidence_interval":{"confidence_level":0.95,"lower_bound":200310875.5,"upper_bound":205450038.83333334},"point_estimate":202748072.5,"standard_error":1440372.848948428},"median_abs_dev":{"confidence_interval":{"confidence_level":0.95,"lower_bound":555406.660139568,"upper_bound":5059891.814368956},"point_estimate":2790430.074059956,"standard_error":1165428.5984277376},"slope":null,"std_dev":{"confidence_interval":{"confidence_level":0.95,"lower_bound":1834210.9279035279,"upper_bound":3751003.185063294},"point_estimate":3029229.230320215,"standard_error":491263.9330504808}}