{"mean":{"confidence_interval":{"confidence_level":0.95,"lower_bound":215538242.72500002,"upper_bound":218130213.16666666},"point_estimate":216855603.3,"standard_error":663917.8474312469},"median":{"confidence_interval":{"confidence_level":0.95,"lower_bound":215361617.33333334,"upper_bound":218660425.3333333},"point_estimate":216728707.0,"standard_error":804655.1792292534},"median_abs_dev":{"confidence_interval":{"confidence_level":0.95,"lower_bound":473688.2205903456,"upper_bound":3929315.683540731},"point_estimate":2061325.9546041414,"standard_error":822002.649367426},"slope":null,"std_dev":{"confidence_interval":{"confidence_level":0.95,"lower_bound":1149099.9123374573,"upper_bound":2924580.3503504973},"point_estimate":2217533.7141920724,"standard_error":461568.3692789526}}