{"mean":{"confidence_interval":{"confidence_level":0.95,"lower_bound":216608438.53333336,"upper_bound":219970358.20333332},"point_estimate":218376900.7666667,"standard_error":861744.7852990607},"median":{"confidence_interval":{"confidence_level":0.95,"lower_bound":215445181.33333334,"upper_bound":220478831.33333334},"point_estimate":219238739.8333333,"standard_error":1153930.010218204},"median_abs_dev":{"confidence_interval":{"confidence_level":0.95,"lower_bound":407472.09346593166,"upper_bound":4814905.017918348},"point_estimate":1885561.0096246446,"standard_error":1197827.345802551},"slope":null,"std_dev":{"confidence_interval":{"confidence_level":0.95,"lower_bound":1346295.243877762,"upper_bound":3552511.0606876565},"point_estimate":2871525.8447378483,"standard_error":534102.9789174177}}