{"mean":{"confidence_interval":{"confidence_level":0.95,"lower_bound":202701754.71225,"upper_bound":205156848.8765},"point_estimate":203944345.35,"standard_error":626872.4612327394},"median":{"confidence_interval":{"confidence_level":0.95,"lower_bound":202688668.0,"upper_bound":207020811.5},"point_estimate":205691243.0,"standard_error":973583.2307007724},"median_abs_dev":{"confidence_interval":{"confidence_level":0.95,"lower_bound":3792762.0484650135,"upper_bound":7207081.558048725},"point_estimate":5594628.065675497,"standard_error":851296.9730705107},"slope":null,"std_dev":{"confidence_interval":{"confidence_level":0.95,"lower_bound":5247758.42038629,"upper_bound":7337170.484735851},"point_estimate":6318552.310466159,"standard_error":534971.2055168013}}