{"mean":{"confidence_interval":{"confidence_level":0.95,"lower_bound":14570158.22725,"upper_bound":14661121.89575},"point_estimate":14613961.18,"standard_error":23212.11185703682},"median":{"confidence_interval":{"confidence_level":0.95,"lower_bound":14514016.0,"upper_bound":14613218.0},"point_estimate":14554322.0,"standard_error":25702.732670589143},"median_abs_dev":{"confidence_interval":{"confidence_level":0.95,"lower_bound":148051.13609656724,"upper_bound":252815.1714116335},"point_estimate":201798.1650173664,"standard_error":26535.343814540363},"slope":null,"std_dev":{"confidence_interval":{"confidence_level":0.95,"lower_bound":182889.21918953655,"upper_bound":286766.23332978174},"point_estimate":234952.09537486144,"standard_error":26742.538573952115}}