{"mean":{"confidence_interval":{"confidence_level":0.95,"lower_bound":14069656.458250001,"upper_bound":14118426.374374999},"point_estimate":14092240.205,"standard_error":12444.430868988573},"median":{"confidence_interval":{"confidence_level":0.95,"lower_bound":14056954.5,"upper_bound":14096865.0},"point_estimate":14070424.5,"standard_error":10473.595297966072},"median_abs_dev":{"confidence_interval":{"confidence_level":0.95,"lower_bound":62447.48154133558,"upper_bound":122069.86883282661},"point_estimate":94049.47063028812,"standard_error":14616.222851970417},"slope":null,"std_dev":{"confidence_interval":{"confidence_level":0.95,"lower_bound":82822.90104952244,"upper_bound":175140.5855880633},"point_estimate":125006.94519952338,"standard_error":27189.353195778516}}