{"mean":{"confidence_interval":{"confidence_level":0.95,"lower_bound":20494495.063110117,"upper_bound":20733544.239285715},"point_estimate":20604898.79831349,"standard_error":61521.559377361475},"median":{"confidence_interval":{"confidence_level":0.95,"lower_bound":20481679.864583336,"upper_bound":20757853.75},"point_estimate":20552332.6,"standard_error":60601.56653353196},"median_abs_dev":{"confidence_interval":{"confidence_level":0.95,"lower_bound":15898.94910106995,"upper_bound":324265.585973136},"point_estimate":91359.80365137252,"standard_error":77211.53902263392},"slope":{"confidence_interval":{"confidence_level":0.95,"lower_bound":20461558.815971464,"upper_bound":20633222.178167135},"point_estimate":20542141.88961039,"standard_error":43718.670890989095},"std_dev":{"confidence_interval":{"confidence_level":0.95,"lower_bound":65386.74517277334,"upper_bound":266904.2917363623},"point_estimate":205075.840628942,"standard_error":50466.32775339358}}