{"mean":{"confidence_interval":{"confidence_level":0.95,"lower_bound":217662460.4,"upper_bound":223152257.5333333},"point_estimate":220424044.9,"standard_error":1406313.2132988726},"median":{"confidence_interval":{"confidence_level":0.95,"lower_bound":215052374.33333334,"upper_bound":224168527.3333333},"point_estimate":221026096.3333333,"standard_error":2424917.4518363075},"median_abs_dev":{"confidence_interval":{"confidence_level":0.95,"lower_bound":650124.2891580014,"upper_bound":7695675.826418856},"point_estimate":4864994.410929121,"standard_error":1970318.1235852502},"slope":null,"std_dev":{"confidence_interval":{"confidence_level":0.95,"lower_bound":2919579.0019010208,"upper_bound":5598306.856706109},"point_estimate":4679896.891512491,"standard_error":681914.4790455989}}