{"mean":{"confidence_interval":{"confidence_level":0.95,"lower_bound":223275274.61574998,"upper_bound":225247716.9455},"point_estimate":224280413.59,"standard_error":504551.8298867237},"median":{"confidence_interval":{"confidence_level":0.95,"lower_bound":223849160.0,"upper_bound":226581144.0},"point_estimate":225163867.0,"standard_error":717558.5592828519},"median_abs_dev":{"confidence_interval":{"confidence_level":0.95,"lower_bound":3387422.1808612347,"upper_bound":6283618.9602434635},"point_estimate":4401286.312061548,"standard_error":716820.108532717},"slope":null,"std_dev":{"confidence_interval":{"confidence_level":0.95,"lower_bound":4312967.7014677385,"upper_bound":5739745.759270254},"point_estimate":5070740.153930864,"standard_error":364685.7247987458}}