{"mean":{"confidence_interval":{"confidence_level":0.95,"lower_bound":212492501.49,"upper_bound":214487347.40225},"point_estimate":213514863.15,"standard_error":509106.6244031602},"median":{"confidence_interval":{"confidence_level":0.95,"lower_bound":213558046.0,"upper_bound":215320594.5},"point_estimate":214387448.5,"standard_error":442955.6133737488},"median_abs_dev":{"confidence_interval":{"confidence_level":0.95,"lower_bound":3833389.735543728,"upper_bound":6165634.284443108},"point_estimate":5021975.308442116,"standard_error":608634.4514369486},"slope":null,"std_dev":{"confidence_interval":{"confidence_level":0.95,"lower_bound":4253423.550988296,"upper_bound":5880491.379362263},"point_estimate":5115618.57862135,"standard_error":417038.6907066854}}