{"mean":{"confidence_interval":{"confidence_level":0.95,"lower_bound":162351841.07475,"upper_bound":163503151.64975002},"point_estimate":162946187.23,"standard_error":293181.82942002744},"median":{"confidence_interval":{"confidence_level":0.95,"lower_bound":162583094.0,"upper_bound":163987387.0},"point_estimate":163270301.0,"standard_error":362302.6315077186},"median_abs_dev":{"confidence_interval":{"confidence_level":0.95,"lower_bound":1850671.725744009,"upper_bound":3157399.018844962},"point_estimate":2340252.9238522053,"standard_error":325263.62428632815},"slope":null,"std_dev":{"confidence_interval":{"confidence_level":0.95,"lower_bound":2384914.941027326,"upper_bound":3453931.315761797},"point_estimate":2951161.148440602,"standard_error":272246.7618111983}}