{"mean":{"confidence_interval":{"confidence_level":0.95,"lower_bound":226648.00998822463,"upper_bound":227778.5908035892},"point_estimate":227209.67482363633,"standard_error":287.89994319549737},"median":{"confidence_interval":{"confidence_level":0.95,"lower_bound":226372.98126984126,"upper_bound":227462.20416666666},"point_estimate":226834.45666666667,"standard_error":241.4605791735474},"median_abs_dev":{"confidence_interval":{"confidence_level":0.95,"lower_bound":1666.7627213971737,"upper_bound":2909.2315196666027},"point_estimate":2183.0460246557454,"standard_error":314.8349792113676},"slope":{"confidence_interval":{"confidence_level":0.95,"lower_bound":227134.98319627604,"upper_bound":228445.24873650863},"point_estimate":227769.42648913845,"standard_error":334.18396733634336},"std_dev":{"confidence_interval":{"confidence_level":0.95,"lower_bound":2411.6676366904862,"upper_bound":3304.8614007689075},"point_estimate":2887.0239224485613,"standard_error":227.97956370973867}}