{"mean":{"confidence_interval":{"confidence_level":0.95,"lower_bound":-0.021371214764511794,"upper_bound":-0.01694078029381105},"point_estimate":-0.01916789137107411,"standard_error":0.001135358539949584},"median":{"confidence_interval":{"confidence_level":0.95,"lower_bound":-0.02205044034577397,"upper_bound":-0.014322621978415384},"point_estimate":-0.017494230822547974,"standard_error":0.0018008570365915595}}