{"mean":{"confidence_interval":{"confidence_level":0.95,"lower_bound":0.014972153312613546,"upper_bound":0.020094725431243327},"point_estimate":0.01754315045202004,"standard_error":0.0013094482219824606},"median":{"confidence_interval":{"confidence_level":0.95,"lower_bound":0.01660633677410061,"upper_bound":0.02276094399936755},"point_estimate":0.019884926221358734,"standard_error":0.0014458974168198638}}