{"mean":{"confidence_interval":{"confidence_level":0.95,"lower_bound":-0.007312096460134569,"upper_bound":0.0013369835700757305},"point_estimate":-0.00295135068073471,"standard_error":0.0021679593513534378},"median":{"confidence_interval":{"confidence_level":0.95,"lower_bound":-0.00965993289247491,"upper_bound":0.002924147161766255},"point_estimate":-0.004425436867229404,"standard_error":0.003798738242330212}}