{"mean":{"confidence_interval":{"confidence_level":0.95,"lower_bound":-0.05438341292342593,"upper_bound":-0.0446628189429694},"point_estimate":-0.049473157644493226,"standard_error":0.002485264895653247},"median":{"confidence_interval":{"confidence_level":0.95,"lower_bound":-0.05621255297791583,"upper_bound":-0.04117173350645986},"point_estimate":-0.04675618277150029,"standard_error":0.004187402070186655}}