{"mean":{"confidence_interval":{"confidence_level":0.95,"lower_bound":0.03387425844943782,"upper_bound":0.041544352490037885},"point_estimate":0.037545197365912886,"standard_error":0.001968283649772384},"median":{"confidence_interval":{"confidence_level":0.95,"lower_bound":0.032290588017698685,"upper_bound":0.04269464777360921},"point_estimate":0.03457298406345943,"standard_error":0.0026109237635920353}}