{"mean":{"confidence_interval":{"confidence_level":0.95,"lower_bound":-0.02475987718851957,"upper_bound":-0.01967084082605663},"point_estimate":-0.022367420540870375,"standard_error":0.0012992054586718157},"median":{"confidence_interval":{"confidence_level":0.95,"lower_bound":-0.03143834517819144,"upper_bound":-0.02655252691949883},"point_estimate":-0.030107014835462853,"standard_error":0.0013596300786767694}}