{"mean":{"confidence_interval":{"confidence_level":0.95,"lower_bound":-0.028278363399477993,"upper_bound":-0.02338299393137046},"point_estimate":-0.02590879444443539,"standard_error":0.0012540667293721186},"median":{"confidence_interval":{"confidence_level":0.95,"lower_bound":-0.0292314761544592,"upper_bound":-0.02211733544061778},"point_estimate":-0.025357325228034244,"standard_error":0.0017671545225140855}}