{"mean":{"confidence_interval":{"confidence_level":0.95,"lower_bound":-0.0075812415435164374,"upper_bound":0.0029762911119039204},"point_estimate":-0.0026187137489667167,"standard_error":0.0026912477487726514},"median":{"confidence_interval":{"confidence_level":0.95,"lower_bound":-0.010413638112781573,"upper_bound":0.0036820650570563718},"point_estimate":-0.006668569338471597,"standard_error":0.003682729431132566}}