{"mean":{"confidence_interval":{"confidence_level":0.95,"lower_bound":101243587.71374999,"upper_bound":101398745.60000001},"point_estimate":101319685.47,"standard_error":39587.71810098893},"median":{"confidence_interval":{"confidence_level":0.95,"lower_bound":101192407.0,"upper_bound":101383112.0},"point_estimate":101316759.5,"standard_error":48952.982749606665},"median_abs_dev":{"confidence_interval":{"confidence_level":0.95,"lower_bound":264129.63311076164,"upper_bound":419209.59035754204},"point_estimate":342338.2643222809,"standard_error":39898.426779109664},"slope":null,"std_dev":{"confidence_interval":{"confidence_level":0.95,"lower_bound":323264.9239018464,"upper_bound":469417.35952330567},"point_estimate":399034.40445591154,"standard_error":37382.44450583697}}