{"mean":{"confidence_interval":{"confidence_level":0.95,"lower_bound":114661920.91773811,"upper_bound":116061973.39011905},"point_estimate":115210816.3967857,"standard_error":382365.3692845977},"median":{"confidence_interval":{"confidence_level":0.95,"lower_bound":114511335.66666667,"upper_bound":115230156.96666667},"point_estimate":114882851.5625,"standard_error":183877.7727340058},"median_abs_dev":{"confidence_interval":{"confidence_level":0.95,"lower_bound":84260.49840408344,"upper_bound":858184.3387141787},"point_estimate":478157.64176100126,"standard_error":231346.4465097799},"slope":{"confidence_interval":{"confidence_level":0.95,"lower_bound":114862357.11784512,"upper_bound":116003104.62248996},"point_estimate":115265854.17142858,"standard_error":296124.6532207665},"std_dev":{"confidence_interval":{"confidence_level":0.95,"lower_bound":242831.6980555835,"upper_bound":1941859.9291554436},"point_estimate":1276946.5311085572,"standard_error":568461.103266979}}