{"mean":{"confidence_interval":{"confidence_level":0.95,"lower_bound":99701324.3315,"upper_bound":100515783.15525},"point_estimate":100005581.81,"standard_error":225953.48692739406},"median":{"confidence_interval":{"confidence_level":0.95,"lower_bound":99498994.0,"upper_bound":99697988.0},"point_estimate":99579375.5,"standard_error":58780.46426325717},"median_abs_dev":{"confidence_interval":{"confidence_level":0.95,"lower_bound":224708.22643563157,"upper_bound":430719.5328631994},"point_estimate":337486.4559084177,"standard_error":58270.10655907581},"slope":null,"std_dev":{"confidence_interval":{"confidence_level":0.95,"lower_bound":453992.122420314,"upper_bound":3806303.0112513523},"point_estimate":2266224.1066176537,"standard_error":1143806.4918271285}}