{"mean":{"confidence_interval":{"confidence_level":0.95,"lower_bound":215275062.7666667,"upper_bound":218306568.83083335},"point_estimate":216867573.2333333,"standard_error":778281.7463388996},"median":{"confidence_interval":{"confidence_level":0.95,"lower_bound":214800511.0,"upper_bound":219003587.33333334},"point_estimate":217825496.0,"standard_error":1216578.2606572963},"median_abs_dev":{"confidence_interval":{"confidence_level":0.95,"lower_bound":443850.89612008614,"upper_bound":4252150.839409232},"point_estimate":2609419.69037354,"standard_error":1017050.7910376644},"slope":null,"std_dev":{"confidence_interval":{"confidence_level":0.95,"lower_bound":1431472.9613639321,"upper_bound":3253695.240929168},"point_estimate":2609861.342225079,"standard_error":477467.25192558457}}