{"mean":{"confidence_interval":{"confidence_level":0.95,"lower_bound":203933808.16166666,"upper_bound":208569489.0},"point_estimate":206409294.00000003,"standard_error":1193827.676233186},"median":{"confidence_interval":{"confidence_level":0.95,"lower_bound":202764835.66666666,"upper_bound":209739871.66666666},"point_estimate":208078876.16666666,"standard_error":1803194.7379579488},"median_abs_dev":{"confidence_interval":{"confidence_level":0.95,"lower_bound":180243.38530004025,"upper_bound":6233234.529837996},"point_estimate":2821240.2312129955,"standard_error":1672950.0269784634},"slope":null,"std_dev":{"confidence_interval":{"confidence_level":0.95,"lower_bound":1749233.1848939948,"upper_bound":5022625.884272985},"point_estimate":3974429.2578115584,"standard_error":812601.6431457651}}