{"mean":{"confidence_interval":{"confidence_level":0.95,"lower_bound":223094239.88000005,"upper_bound":225586117.53916663},"point_estimate":224366082.0,"standard_error":638919.8388432675},"median":{"confidence_interval":{"confidence_level":0.95,"lower_bound":222104959.33333334,"upper_bound":225793033.6666667},"point_estimate":224896800.1666667,"standard_error":934538.5795854948},"median_abs_dev":{"confidence_interval":{"confidence_level":0.95,"lower_bound":74039.56008553505,"upper_bound":3805022.161847368},"point_estimate":1390656.0421109274,"standard_error":951951.8016401565},"slope":null,"std_dev":{"confidence_interval":{"confidence_level":0.95,"lower_bound":1162525.4302728325,"upper_bound":2643978.8024668456},"point_estimate":2127024.367061864,"standard_error":367487.5633401377}}