{"mean":{"confidence_interval":{"confidence_level":0.95,"lower_bound":218213249.1095,"upper_bound":219656057.20725},"point_estimate":218939593.34,"standard_error":368254.11681606935},"median":{"confidence_interval":{"confidence_level":0.95,"lower_bound":218610563.0,"upper_bound":220256653.0},"point_estimate":219103866.0,"standard_error":488459.6175273472},"median_abs_dev":{"confidence_interval":{"confidence_level":0.95,"lower_bound":2849918.1625038385,"upper_bound":4729655.519431829},"point_estimate":3921748.9874750376,"standard_error":455797.32382600015},"slope":null,"std_dev":{"confidence_interval":{"confidence_level":0.95,"lower_bound":3180309.496341022,"upper_bound":4165623.914748706},"point_estimate":3703334.6564160534,"standard_error":251574.61201529967}}