{"mean":{"confidence_interval":{"confidence_level":0.95,"lower_bound":230119537.37375,"upper_bound":235635688.36875},"point_estimate":232736761.25,"standard_error":1410485.1481470445},"median":{"confidence_interval":{"confidence_level":0.95,"lower_bound":230270566.5,"upper_bound":235930321.75},"point_estimate":231714721.25,"standard_error":1188611.2227382867},"median_abs_dev":{"confidence_interval":{"confidence_level":0.95,"lower_bound":96270.03474086523,"upper_bound":8268652.791202068},"point_estimate":2634307.725481689,"standard_error":2086616.5457747048},"slope":null,"std_dev":{"confidence_interval":{"confidence_level":0.95,"lower_bound":1564798.2503002065,"upper_bound":6189110.770034929},"point_estimate":4706778.21664365,"standard_error":1099685.717969473}}