{"mean":{"confidence_interval":{"confidence_level":0.95,"lower_bound":216498813.4666667,"upper_bound":220020256.06666666},"point_estimate":218356348.7,"standard_error":904354.9255071436},"median":{"confidence_interval":{"confidence_level":0.95,"lower_bound":215897730.3333333,"upper_bound":220792274.0},"point_estimate":218937643.0,"standard_error":1107415.6863094787},"median_abs_dev":{"confidence_interval":{"confidence_level":0.95,"lower_bound":608507.2136968374,"upper_bound":5149012.875586778},"point_estimate":2880056.70186878,"standard_error":1140025.9916985792},"slope":null,"std_dev":{"confidence_interval":{"confidence_level":0.95,"lower_bound":1329714.3155739522,"upper_bound":3750534.7806423795},"point_estimate":3013821.8838254935,"standard_error":605325.8860875375}}