{"mean":{"confidence_interval":{"confidence_level":0.95,"lower_bound":218806967.6275,"upper_bound":221116736.422},"point_estimate":219952592.69,"standard_error":587826.731738995},"median":{"confidence_interval":{"confidence_level":0.95,"lower_bound":219122422.0,"upper_bound":222108097.0},"point_estimate":220586146.0,"standard_error":754360.5494490782},"median_abs_dev":{"confidence_interval":{"confidence_level":0.95,"lower_bound":3978653.3983647823,"upper_bound":6507369.983071089},"point_estimate":5312932.5880765915,"standard_error":673488.455471284},"slope":null,"std_dev":{"confidence_interval":{"confidence_level":0.95,"lower_bound":4588218.123436219,"upper_bound":7374541.189753779},"point_estimate":5917720.276038583,"standard_error":729835.8435014028}}