{"mean":{"confidence_interval":{"confidence_level":0.95,"lower_bound":226583801.1,"upper_bound":228998397.75},"point_estimate":227796740.5,"standard_error":618563.3323626919},"median":{"confidence_interval":{"confidence_level":0.95,"lower_bound":225925223.0,"upper_bound":229580757.5},"point_estimate":228141684.25,"standard_error":1036873.2231098567},"median_abs_dev":{"confidence_interval":{"confidence_level":0.95,"lower_bound":374617.4309492111,"upper_bound":3428039.8603901267},"point_estimate":2744062.748283148,"standard_error":746157.7644917956},"slope":null,"std_dev":{"confidence_interval":{"confidence_level":0.95,"lower_bound":1295553.4285851982,"upper_bound":2455745.3420762485},"point_estimate":2058516.76719659,"standard_error":295864.5062228811}}