{"mean":{"confidence_interval":{"confidence_level":0.95,"lower_bound":-0.041425045195172726,"upper_bound":-0.016341305434919448},"point_estimate":-0.029043695344485698,"standard_error":0.006406133047992572},"median":{"confidence_interval":{"confidence_level":0.95,"lower_bound":-0.04473166948187268,"upper_bound":-0.017215382005698384},"point_estimate":-0.028249407940422744,"standard_error":0.006643863152670974}}