{"mean":{"confidence_interval":{"confidence_level":0.95,"lower_bound":0.037986824737252185,"upper_bound":0.09193529848185909},"point_estimate":0.06296571140644414,"standard_error":0.013772227108746598},"median":{"confidence_interval":{"confidence_level":0.95,"lower_bound":0.023315069812245515,"upper_bound":0.0923209486384704},"point_estimate":0.06229959152701059,"standard_error":0.01856860110474116}}