{"mean":{"confidence_interval":{"confidence_level":0.95,"lower_bound":-0.1080608583490276,"upper_bound":-0.08753452957125916},"point_estimate":-0.097527877444479,"standard_error":0.005210501682576047},"median":{"confidence_interval":{"confidence_level":0.95,"lower_bound":-0.10904215187852528,"upper_bound":-0.08374475175499874},"point_estimate":-0.09626840158800265,"standard_error":0.0065087337947742985}}