{"mean":{"confidence_interval":{"confidence_level":0.95,"lower_bound":0.029272236377592745,"upper_bound":0.05690260420088318},"point_estimate":0.04346088919980251,"standard_error":0.007092611161014013},"median":{"confidence_interval":{"confidence_level":0.95,"lower_bound":0.021259211131243294,"upper_bound":0.05480804857851608},"point_estimate":0.03727996740079864,"standard_error":0.008551421106400725}}