{"mean":{"confidence_interval":{"confidence_level":0.95,"lower_bound":-0.0432283306267855,"upper_bound":-0.0007907370316265848},"point_estimate":-0.020656396705164837,"standard_error":0.010850954506706666},"median":{"confidence_interval":{"confidence_level":0.95,"lower_bound":-0.04376726546213727,"upper_bound":0.004441276612959788},"point_estimate":-0.024377046580756345,"standard_error":0.013916941674984964}}