{"mean":{"confidence_interval":{"confidence_level":0.95,"lower_bound":-0.0202951029621496,"upper_bound":0.0021338391903984767},"point_estimate":-0.009070091193820518,"standard_error":0.00573949777151628},"median":{"confidence_interval":{"confidence_level":0.95,"lower_bound":-0.021084987308299552,"upper_bound":0.005485196596871411},"point_estimate":-0.006656131480945682,"standard_error":0.006425821496308313}}