{"mean":{"confidence_interval":{"confidence_level":0.95,"lower_bound":-0.1538973374926866,"upper_bound":-0.13593272175570223},"point_estimate":-0.14498228300940985,"standard_error":0.004574130310863119},"median":{"confidence_interval":{"confidence_level":0.95,"lower_bound":-0.1565213989949793,"upper_bound":-0.13733984297388424},"point_estimate":-0.1466730698657992,"standard_error":0.0046974748531085015}}