{"mean":{"confidence_interval":{"confidence_level":0.95,"lower_bound":0.07660855911055521,"upper_bound":0.10324908237503777},"point_estimate":0.09010986299953139,"standard_error":0.006791664794486036},"median":{"confidence_interval":{"confidence_level":0.95,"lower_bound":0.08091782323480246,"upper_bound":0.10741686441275267},"point_estimate":0.09398571058320004,"standard_error":0.006505038797223418}}