{"mean":{"confidence_interval":{"confidence_level":0.95,"lower_bound":52024999.439,"upper_bound":52418527.61525},"point_estimate":52223603.54,"standard_error":100523.79982348757},"median":{"confidence_interval":{"confidence_level":0.95,"lower_bound":52118132.0,"upper_bound":52706381.0},"point_estimate":52411867.5,"standard_error":145702.9549781035},"median_abs_dev":{"confidence_interval":{"confidence_level":0.95,"lower_bound":789751.3539791107,"upper_bound":1357955.199341476},"point_estimate":1045351.5894412994,"standard_error":147136.4699744587},"slope":null,"std_dev":{"confidence_interval":{"confidence_level":0.95,"lower_bound":889530.2808660676,"upper_bound":1123083.7090018627},"point_estimate":1015102.9781324564,"standard_error":59511.09955379369}}