{"mean":{"confidence_interval":{"confidence_level":0.95,"lower_bound":51936334.4305,"upper_bound":52312996.377500005},"point_estimate":52125982.08,"standard_error":95703.24398388671},"median":{"confidence_interval":{"confidence_level":0.95,"lower_bound":51983919.0,"upper_bound":52410697.0},"point_estimate":52208062.5,"standard_error":112077.9769209905},"median_abs_dev":{"confidence_interval":{"confidence_level":0.95,"lower_bound":745915.8950648465,"upper_bound":1225122.766649723},"point_estimate":954250.2688586712,"standard_error":126013.73064346699},"slope":null,"std_dev":{"confidence_interval":{"confidence_level":0.95,"lower_bound":843737.5444144198,"upper_bound":1062744.891947925},"point_estimate":961025.3027934206,"standard_error":55858.653274304896}}