{"mean":{"confidence_interval":{"confidence_level":0.95,"lower_bound":51978160.656,"upper_bound":52305609.62275},"point_estimate":52142664.84,"standard_error":83618.11261335325},"median":{"confidence_interval":{"confidence_level":0.95,"lower_bound":51925593.5,"upper_bound":52477829.0},"point_estimate":52087991.5,"standard_error":145604.209939427},"median_abs_dev":{"confidence_interval":{"confidence_level":0.95,"lower_bound":794331.8465977907,"upper_bound":1218657.8894644976},"point_estimate":989324.1364359856,"standard_error":104640.59534182947},"slope":null,"std_dev":{"confidence_interval":{"confidence_level":0.95,"lower_bound":743614.4731228814,"upper_bound":925398.7203813189},"point_estimate":840267.5108298046,"standard_error":46398.01735697477}}