{"mean":{"confidence_interval":{"confidence_level":0.95,"lower_bound":52095631.07380952,"upper_bound":52422815.88333333},"point_estimate":52263647.242142856,"standard_error":83695.15906840717},"median":{"confidence_interval":{"confidence_level":0.95,"lower_bound":52017069.3125,"upper_bound":52457875.7},"point_estimate":52348095.35416667,"standard_error":117645.13138486102},"median_abs_dev":{"confidence_interval":{"confidence_level":0.95,"lower_bound":54827.89989911241,"upper_bound":471986.6282455623},"point_estimate":217068.31464126596,"standard_error":120009.02969859602},"slope":{"confidence_interval":{"confidence_level":0.95,"lower_bound":52196100.82210118,"upper_bound":52429448.947822556},"point_estimate":52335137.616883114,"standard_error":59656.02748041262},"std_dev":{"confidence_interval":{"confidence_level":0.95,"lower_bound":151176.4770698557,"upper_bound":350753.84391110635},"point_estimate":278722.42042711435,"standard_error":49758.915726081636}}