{"mean":{"confidence_interval":{"confidence_level":0.95,"lower_bound":-0.033182658713998094,"upper_bound":-0.030114737264893825},"point_estimate":-0.03169051418986091,"standard_error":0.0007876160934736143},"median":{"confidence_interval":{"confidence_level":0.95,"lower_bound":-0.033543477704718994,"upper_bound":-0.030567817131050834},"point_estimate":-0.03158555813590758,"standard_error":0.0007918277915596555}}