{"mean":{"confidence_interval":{"confidence_level":0.95,"lower_bound":-0.24904141649285327,"upper_bound":-0.24004291517183698},"point_estimate":-0.2443640934284096,"standard_error":0.0022839718077384084},"median":{"confidence_interval":{"confidence_level":0.95,"lower_bound":-0.24619249744177651,"upper_bound":-0.24181156330930942},"point_estimate":-0.2446764453995378,"standard_error":0.001209370536391182}}