{"mean":{"confidence_interval":{"confidence_level":0.95,"lower_bound":0.11024789947619396,"upper_bound":0.12808913151789372},"point_estimate":0.11742951348820574,"standard_error":0.004739968959892923},"median":{"confidence_interval":{"confidence_level":0.95,"lower_bound":0.1084893011803667,"upper_bound":0.12008123113330615},"point_estimate":0.11419602855333055,"standard_error":0.0029954437769848024}}