{"mean":{"confidence_interval":{"confidence_level":0.95,"lower_bound":-0.014193207193592666,"upper_bound":-0.010833328835975209},"point_estimate":-0.012532542961132487,"standard_error":0.0008563810813330964},"median":{"confidence_interval":{"confidence_level":0.95,"lower_bound":-0.013916103725562956,"upper_bound":-0.009975773924176812},"point_estimate":-0.01174358086858518,"standard_error":0.001058309192236793}}