{"mean":{"confidence_interval":{"confidence_level":0.95,"lower_bound":-0.010748167519552711,"upper_bound":0.006752376766542033},"point_estimate":-0.0010188759315634677,"standard_error":0.004492622694130288},"median":{"confidence_interval":{"confidence_level":0.95,"lower_bound":-0.00331630978432218,"upper_bound":0.007035315935664643},"point_estimate":0.0021896167025954316,"standard_error":0.0027331858191861377}}