{"mean":{"confidence_interval":{"confidence_level":0.95,"lower_bound":-0.06224709695706165,"upper_bound":-0.05004409409963573},"point_estimate":-0.05654673738563565,"standard_error":0.003110809747806761},"median":{"confidence_interval":{"confidence_level":0.95,"lower_bound":-0.06212653852494365,"upper_bound":-0.05336594357275459},"point_estimate":-0.05697922268577815,"standard_error":0.002270027294374401}}