{"mean":{"confidence_interval":{"confidence_level":0.95,"lower_bound":-0.006195958532126555,"upper_bound":0.0006296798847855831},"point_estimate":-0.00295301805778192,"standard_error":0.0017289414311651558},"median":{"confidence_interval":{"confidence_level":0.95,"lower_bound":-0.007671674128615691,"upper_bound":0.001169540347603526},"point_estimate":-0.004111587755983637,"standard_error":0.002321102888015176}}