{"mean":{"confidence_interval":{"confidence_level":0.95,"lower_bound":0.019792311876608248,"upper_bound":0.023473407029323136},"point_estimate":0.021545748820215538,"standard_error":0.0009325383343181055},"median":{"confidence_interval":{"confidence_level":0.95,"lower_bound":0.01964322955880249,"upper_bound":0.023236094142211616},"point_estimate":0.020919826096173377,"standard_error":0.000962974521378507}}