{"mean":{"confidence_interval":{"confidence_level":0.95,"lower_bound":63058965.85,"upper_bound":63180876.05475},"point_estimate":63119099.77,"standard_error":31095.054438782954},"median":{"confidence_interval":{"confidence_level":0.95,"lower_bound":63004274.5,"upper_bound":63143586.5},"point_estimate":63079173.0,"standard_error":42874.4924208275},"median_abs_dev":{"confidence_interval":{"confidence_level":0.95,"lower_bound":217701.2736350298,"upper_bound":361031.6260904074},"point_estimate":300744.6633607149,"standard_error":35032.625136165916},"slope":null,"std_dev":{"confidence_interval":{"confidence_level":0.95,"lower_bound":263779.12247829686,"upper_bound":354647.251272147},"point_estimate":312099.3989491186,"standard_error":23193.119516500636}}