{"mean":{"confidence_interval":{"confidence_level":0.95,"lower_bound":62729548.03425,"upper_bound":63152885.8825},"point_estimate":62919542.26,"standard_error":108454.92782750948},"median":{"confidence_interval":{"confidence_level":0.95,"lower_bound":62557689.5,"upper_bound":62767722.0},"point_estimate":62651115.0,"standard_error":51994.82754115069},"median_abs_dev":{"confidence_interval":{"confidence_level":0.95,"lower_bound":323727.9281526804,"upper_bound":607407.1245163679},"point_estimate":400187.0913952589,"standard_error":72819.50611349267},"slope":null,"std_dev":{"confidence_interval":{"confidence_level":0.95,"lower_bound":593771.742841787,"upper_bound":1589983.8216429788},"point_estimate":1090805.9021568387,"standard_error":275031.6244433595}}