{"mean":{"confidence_interval":{"confidence_level":0.95,"lower_bound":66000251.36275,"upper_bound":66112340.765},"point_estimate":66056033.75,"standard_error":28551.6606585936},"median":{"confidence_interval":{"confidence_level":0.95,"lower_bound":65995282.0,"upper_bound":66133155.0},"point_estimate":66061467.5,"standard_error":34398.411730142885},"median_abs_dev":{"confidence_interval":{"confidence_level":0.95,"lower_bound":221197.98567295074,"upper_bound":378639.72467780113},"point_estimate":291003.9815336466,"standard_error":40622.224766312145},"slope":null,"std_dev":{"confidence_interval":{"confidence_level":0.95,"lower_bound":241014.80712311456,"upper_bound":334512.4438822507},"point_estimate":287544.11161291425,"standard_error":24128.29767530399}}