{"mean":{"confidence_interval":{"confidence_level":0.95,"lower_bound":14346619.1050625,"upper_bound":14381760.1335625},"point_estimate":14363818.5,"standard_error":8986.793921692648},"median":{"confidence_interval":{"confidence_level":0.95,"lower_bound":14334576.0,"upper_bound":14371161.75},"point_estimate":14354407.25,"standard_error":9973.491656331023},"median_abs_dev":{"confidence_interval":{"confidence_level":0.95,"lower_bound":69233.77250147985,"upper_bound":110940.82942603153},"point_estimate":86638.32401186228,"standard_error":10602.12646144605},"slope":null,"std_dev":{"confidence_interval":{"confidence_level":0.95,"lower_bound":75581.28290658037,"upper_bound":103933.37474348921},"point_estimate":90456.48445257498,"standard_error":7232.333131477881}}