{"mean":{"confidence_interval":{"confidence_level":0.95,"lower_bound":14449457.948874999,"upper_bound":14500625.044375},"point_estimate":14475030.215,"standard_error":13037.371822341085},"median":{"confidence_interval":{"confidence_level":0.95,"lower_bound":14441697.75,"upper_bound":14508255.0},"point_estimate":14479027.5,"standard_error":19211.20345842083},"median_abs_dev":{"confidence_interval":{"confidence_level":0.95,"lower_bound":119471.24172896147,"upper_bound":184750.30389502645},"point_estimate":157086.84163615108,"standard_error":16323.0716847879},"slope":null,"std_dev":{"confidence_interval":{"confidence_level":0.95,"lower_bound":114724.19415866336,"upper_bound":146908.1757819411},"point_estimate":131225.9306909445,"standard_error":8218.452298932485}}