{"mean":{"confidence_interval":{"confidence_level":0.95,"lower_bound":14176741.5183125,"upper_bound":14211281.124062499},"point_estimate":14193708.14,"standard_error":8804.882852342444},"median":{"confidence_interval":{"confidence_level":0.95,"lower_bound":14147181.75,"upper_bound":14218003.0},"point_estimate":14186731.75,"standard_error":16587.524015817577},"median_abs_dev":{"confidence_interval":{"confidence_level":0.95,"lower_bound":79325.21431669593,"upper_bound":131909.8848581314},"point_estimate":119297.40688204765,"standard_error":12940.967179749241},"slope":null,"std_dev":{"confidence_interval":{"confidence_level":0.95,"lower_bound":78031.34201129756,"upper_bound":99817.49650927307},"point_estimate":88521.69877892919,"standard_error":5616.674280663026}}