{"mean":{"confidence_interval":{"confidence_level":0.95,"lower_bound":27892834.451388884,"upper_bound":28163963.600555554},"point_estimate":28029482.288888883,"standard_error":69216.31990727189},"median":{"confidence_interval":{"confidence_level":0.95,"lower_bound":27845173.333333332,"upper_bound":28209609.166666668},"point_estimate":28062837.333333336,"standard_error":96014.13493079046},"median_abs_dev":{"confidence_interval":{"confidence_level":0.95,"lower_bound":243340.3691798458,"upper_bound":578447.7463304959},"point_estimate":442222.5071489811,"standard_error":83984.34976696184},"slope":null,"std_dev":{"confidence_interval":{"confidence_level":0.95,"lower_bound":296324.6329042809,"upper_bound":454710.82523556123},"point_estimate":384960.38913132827,"standard_error":40389.06105657509}}