{"mean":{"confidence_interval":{"confidence_level":0.95,"lower_bound":-0.1440319196103067,"upper_bound":-0.1250010689548593},"point_estimate":-0.13424586965606422,"standard_error":0.004844668303490268},"median":{"confidence_interval":{"confidence_level":0.95,"lower_bound":-0.14414242457028859,"upper_bound":-0.12396660693083184},"point_estimate":-0.13291790205590492,"standard_error":0.004997543490045713}}