{"mean":{"confidence_interval":{"confidence_level":0.95,"lower_bound":-0.02389771382942654,"upper_bound":-0.00042257612588153293},"point_estimate":-0.012265081091631158,"standard_error":0.005966506471172541},"median":{"confidence_interval":{"confidence_level":0.95,"lower_bound":-0.02294868801145533,"upper_bound":0.0016445448450104205},"point_estimate":-0.010084093517826576,"standard_error":0.006016610494851955}}