{"mean":{"confidence_interval":{"confidence_level":0.95,"lower_bound":-0.1050992200717639,"upper_bound":-0.07961024389768609},"point_estimate":-0.09276570740113121,"standard_error":0.0065391235696061045},"median":{"confidence_interval":{"confidence_level":0.95,"lower_bound":-0.10683792521464797,"upper_bound":-0.08109055971998261},"point_estimate":-0.09050341112309068,"standard_error":0.007094048893067907}}