{"mean":{"confidence_interval":{"confidence_level":0.95,"lower_bound":0.09957630078408744,"upper_bound":0.1256197072730797},"point_estimate":0.11257167167178261,"standard_error":0.006626624795865549},"median":{"confidence_interval":{"confidence_level":0.95,"lower_bound":0.09344279149202438,"upper_bound":0.12429902201190424},"point_estimate":0.11196250093305893,"standard_error":0.008205744779567616}}