{"mean":{"confidence_interval":{"confidence_level":0.95,"lower_bound":-0.060502200131664435,"upper_bound":-0.030352944250592227},"point_estimate":-0.0454395055254897,"standard_error":0.007655659507661706},"median":{"confidence_interval":{"confidence_level":0.95,"lower_bound":-0.06969346318418226,"upper_bound":-0.02406696543364062},"point_estimate":-0.05281149439984412,"standard_error":0.01231782384555237}}