{"mean":{"confidence_interval":{"confidence_level":0.95,"lower_bound":-0.05995934775135156,"upper_bound":-0.018808744597542268},"point_estimate":-0.04029929262351617,"standard_error":0.010548760592670597},"median":{"confidence_interval":{"confidence_level":0.95,"lower_bound":-0.07299264216631363,"upper_bound":-0.007824519124417617},"point_estimate":-0.036935347296508825,"standard_error":0.01884215085048316}}