{"mean":{"confidence_interval":{"confidence_level":0.95,"lower_bound":0.038775548151216394,"upper_bound":0.06818289379727842},"point_estimate":0.054044183323248784,"standard_error":0.007486620459956444},"median":{"confidence_interval":{"confidence_level":0.95,"lower_bound":0.04340300496297944,"upper_bound":0.06578100829622535},"point_estimate":0.05288552858025053,"standard_error":0.00536320199415964}}