{"mean":{"confidence_interval":{"confidence_level":0.95,"lower_bound":0.05590166079131204,"upper_bound":0.12400202237829601},"point_estimate":0.09190806090128589,"standard_error":0.017497102827332026},"median":{"confidence_interval":{"confidence_level":0.95,"lower_bound":0.05612798247622641,"upper_bound":0.14752970669709198},"point_estimate":0.09322043106127476,"standard_error":0.024478271215183846}}