{"mean":{"confidence_interval":{"confidence_level":0.95,"lower_bound":100501538.876,"upper_bound":102010141.352},"point_estimate":101268754.67,"standard_error":385924.64262597007},"median":{"confidence_interval":{"confidence_level":0.95,"lower_bound":101434718.0,"upper_bound":103071540.0},"point_estimate":102283900.0,"standard_error":405740.1848819903},"median_abs_dev":{"confidence_interval":{"confidence_level":0.95,"lower_bound":2022759.3285888433,"upper_bound":3947067.1619005464},"point_estimate":2733961.7946624756,"standard_error":477163.2538487724},"slope":null,"std_dev":{"confidence_interval":{"confidence_level":0.95,"lower_bound":3295471.0566447233,"upper_bound":4376938.618171992},"point_estimate":3884000.1156551545,"standard_error":276250.87063993904}}