{"mean":{"confidence_interval":{"confidence_level":0.95,"lower_bound":100713484.77333334,"upper_bound":103018040.30875},"point_estimate":101906323.78333333,"standard_error":590474.5264274506},"median":{"confidence_interval":{"confidence_level":0.95,"lower_bound":100229077.0,"upper_bound":103985811.75},"point_estimate":102388430.5,"standard_error":1060657.7843991905},"median_abs_dev":{"confidence_interval":{"confidence_level":0.95,"lower_bound":1944096.651135385,"upper_bound":4624089.953505993},"point_estimate":3332492.59313643,"standard_error":664822.7810440286},"slope":null,"std_dev":{"confidence_interval":{"confidence_level":0.95,"lower_bound":2365103.951954821,"upper_bound":4166512.1541108927},"point_estimate":3295083.897969202,"standard_error":474342.80888872733}}