{"mean":{"confidence_interval":{"confidence_level":0.95,"lower_bound":99348770.77541667,"upper_bound":101830884.54249999},"point_estimate":100611782.93333334,"standard_error":633640.8968625311},"median":{"confidence_interval":{"confidence_level":0.95,"lower_bound":99779751.25,"upper_bound":102384742.0},"point_estimate":101244500.75,"standard_error":743219.2670639673},"median_abs_dev":{"confidence_interval":{"confidence_level":0.95,"lower_bound":1592514.0053272247,"upper_bound":4565132.512302697},"point_estimate":3029226.0272204876,"standard_error":810786.4559703504},"slope":null,"std_dev":{"confidence_interval":{"confidence_level":0.95,"lower_bound":2500202.866083507,"upper_bound":4312424.59934931},"point_estimate":3524112.31566996,"standard_error":463154.6803049683}}