{"mean":{"confidence_interval":{"confidence_level":0.95,"lower_bound":100567074.75875,"upper_bound":102857076.86958334},"point_estimate":101739058.05,"standard_error":584830.7844269599},"median":{"confidence_interval":{"confidence_level":0.95,"lower_bound":100853991.25,"upper_bound":103346067.75},"point_estimate":101998089.25,"standard_error":699682.5463784853},"median_abs_dev":{"confidence_interval":{"confidence_level":0.95,"lower_bound":1675904.3234467506,"upper_bound":4519025.50637126},"point_estimate":3082178.567880392,"standard_error":731920.74602345},"slope":null,"std_dev":{"confidence_interval":{"confidence_level":0.95,"lower_bound":2345043.7949561574,"upper_bound":3941891.691884881},"point_estimate":3253029.095650845,"standard_error":406503.53884405876}}