{"mean":{"confidence_interval":{"confidence_level":0.95,"lower_bound":102557561.54416667,"upper_bound":105018270.79958335},"point_estimate":103816573.15,"standard_error":628559.9044630885},"median":{"confidence_interval":{"confidence_level":0.95,"lower_bound":102702991.75,"upper_bound":105962722.75},"point_estimate":104281795.75,"standard_error":882274.6672964568},"median_abs_dev":{"confidence_interval":{"confidence_level":0.95,"lower_bound":2192941.049167514,"upper_bound":4921184.085081518},"point_estimate":3687268.759287894,"standard_error":707997.8042301624},"slope":null,"std_dev":{"confidence_interval":{"confidence_level":0.95,"lower_bound":2592153.434815057,"upper_bound":4185134.5365137276},"point_estimate":3496182.7811801205,"standard_error":407777.09509151505}}