{"mean":{"confidence_interval":{"confidence_level":0.95,"lower_bound":3434280.9923448274,"upper_bound":3454903.404129311},"point_estimate":3444621.873448277,"standard_error":5252.958436716671},"median":{"confidence_interval":{"confidence_level":0.95,"lower_bound":3434371.9310344825,"upper_bound":3460446.3103448274},"point_estimate":3447630.413793104,"standard_error":6400.18995436645},"median_abs_dev":{"confidence_interval":{"confidence_level":0.95,"lower_bound":43667.69633672621,"upper_bound":75121.3979490872},"point_estimate":61607.03907177364,"standard_error":7936.767382132408},"slope":null,"std_dev":{"confidence_interval":{"confidence_level":0.95,"lower_bound":46985.427829714354,"upper_bound":58012.76638750866},"point_estimate":52876.46808200776,"standard_error":2814.8285160475734}}