{"mean":{"confidence_interval":{"confidence_level":0.95,"lower_bound":3442328.6054568985,"upper_bound":3460564.816155173},"point_estimate":3451317.644827585,"standard_error":4648.746058745087},"median":{"confidence_interval":{"confidence_level":0.95,"lower_bound":3443015.9655172415,"upper_bound":3462714.4137931033},"point_estimate":3454304.6896551726,"standard_error":5829.210078058568},"median_abs_dev":{"confidence_interval":{"confidence_level":0.95,"lower_bound":34119.94230459498,"upper_bound":55100.112283846676},"point_estimate":44092.39540685846,"standard_error":5532.966857592303},"slope":null,"std_dev":{"confidence_interval":{"confidence_level":0.95,"lower_bound":37263.24926499341,"upper_bound":56494.69230329263},"point_estimate":46512.33867530927,"standard_error":5021.127748262379}}