{"mean":{"confidence_interval":{"confidence_level":0.95,"lower_bound":9349371.41025,"upper_bound":9426629.86475},"point_estimate":9387672.73,"standard_error":19609.15650541082},"median":{"confidence_interval":{"confidence_level":0.95,"lower_bound":9323840.0,"upper_bound":9415838.0},"point_estimate":9369516.0,"standard_error":23828.32075563144},"median_abs_dev":{"confidence_interval":{"confidence_level":0.95,"lower_bound":146614.31139707565,"upper_bound":249100.5171775818},"point_estimate":194157.5860530138,"standard_error":26062.163353966323},"slope":null,"std_dev":{"confidence_interval":{"confidence_level":0.95,"lower_bound":166001.37607957874,"upper_bound":226502.7560982615},"point_estimate":196568.22556444016,"standard_error":15458.45916191979}}