{"mean":{"confidence_interval":{"confidence_level":0.95,"lower_bound":9714434.15125,"upper_bound":9794687.862499999},"point_estimate":9755092.2625,"standard_error":20510.76211831193},"median":{"confidence_interval":{"confidence_level":0.95,"lower_bound":9710786.25,"upper_bound":9808331.0},"point_estimate":9751386.75,"standard_error":25989.924876433306},"median_abs_dev":{"confidence_interval":{"confidence_level":0.95,"lower_bound":88377.04313099384,"upper_bound":178335.2791339159},"point_estimate":135446.25644534826,"standard_error":22867.940198457396},"slope":null,"std_dev":{"confidence_interval":{"confidence_level":0.95,"lower_bound":101970.0770780296,"upper_bound":156635.8042979819},"point_estimate":131482.4075473055,"standard_error":13990.295751817453}}