{"mean":{"confidence_interval":{"confidence_level":0.95,"lower_bound":13849551.959625,"upper_bound":13952245.514999999},"point_estimate":13898946.28,"standard_error":26265.07859076291},"median":{"confidence_interval":{"confidence_level":0.95,"lower_bound":13833702.5,"upper_bound":13934681.25},"point_estimate":13893620.0,"standard_error":26323.477854774042},"median_abs_dev":{"confidence_interval":{"confidence_level":0.95,"lower_bound":136624.55277442932,"upper_bound":296477.74063646793},"point_estimate":194064.9235546589,"standard_error":39849.290206212005},"slope":null,"std_dev":{"confidence_interval":{"confidence_level":0.95,"lower_bound":198228.65101625977,"upper_bound":341351.0841988393},"point_estimate":264349.7184981041,"standard_error":38701.290066165755}}