{"mean":{"confidence_interval":{"confidence_level":0.95,"lower_bound":14597987.086,"upper_bound":14701203.80125},"point_estimate":14646640.76,"standard_error":26437.39204539102},"median":{"confidence_interval":{"confidence_level":0.95,"lower_bound":14594950.5,"upper_bound":14696591.5},"point_estimate":14632822.5,"standard_error":21956.54176567405},"median_abs_dev":{"confidence_interval":{"confidence_level":0.95,"lower_bound":140076.04551315308,"upper_bound":230287.06481158733},"point_estimate":206188.88483941555,"standard_error":21567.48322780602},"slope":null,"std_dev":{"confidence_interval":{"confidence_level":0.95,"lower_bound":178030.78421250617,"upper_bound":361977.3847859276},"point_estimate":265421.95714048465,"standard_error":49926.63163974638}}