{"mean":{"confidence_interval":{"confidence_level":0.95,"lower_bound":0.058106641679876586,"upper_bound":0.08460283989802277},"point_estimate":0.07149013381662095,"standard_error":0.006720562921369136},"median":{"confidence_interval":{"confidence_level":0.95,"lower_bound":0.04832674125957381,"upper_bound":0.083262622419783},"point_estimate":0.06774874177176748,"standard_error":0.009179720060162249}}