{"mean":{"confidence_interval":{"confidence_level":0.95,"lower_bound":-0.06343982027543972,"upper_bound":-0.036325738335046924},"point_estimate":-0.04967367204124051,"standard_error":0.006914910987561324},"median":{"confidence_interval":{"confidence_level":0.95,"lower_bound":-0.05740014484653211,"upper_bound":-0.028033890017963047},"point_estimate":-0.04626173307661019,"standard_error":0.007785159163079073}}