{"mean":{"confidence_interval":{"confidence_level":0.95,"lower_bound":0.003527496548795302,"upper_bound":0.04358428191918132},"point_estimate":0.023377115050048358,"standard_error":0.01021344903903041},"median":{"confidence_interval":{"confidence_level":0.95,"lower_bound":0.010811677051219437,"upper_bound":0.03608907704112463},"point_estimate":0.02437031871060924,"standard_error":0.0062184602498870185}}