{"mean":{"confidence_interval":{"confidence_level":0.95,"lower_bound":-0.020963103734978547,"upper_bound":0.027302729990756877},"point_estimate":0.0015640026510124194,"standard_error":0.012317073086721097},"median":{"confidence_interval":{"confidence_level":0.95,"lower_bound":-0.02478168349215515,"upper_bound":0.00807909198125234},"point_estimate":-0.005567793373737695,"standard_error":0.008072948493163845}}