{"mean":{"confidence_interval":{"confidence_level":0.95,"lower_bound":-0.05293170351229563,"upper_bound":-0.027915127702719304},"point_estimate":-0.04070802827761799,"standard_error":0.00641997431462673},"median":{"confidence_interval":{"confidence_level":0.95,"lower_bound":-0.057118924693483675,"upper_bound":-0.03821978786139568},"point_estimate":-0.05175081040212359,"standard_error":0.005354822902556243}}