{"mean":{"confidence_interval":{"confidence_level":0.95,"lower_bound":-0.07821439775650665,"upper_bound":-0.032162149676977926},"point_estimate":-0.055126932891276126,"standard_error":0.011711952310180532},"median":{"confidence_interval":{"confidence_level":0.95,"lower_bound":-0.06391092342405058,"upper_bound":-0.026281207472943158},"point_estimate":-0.04994740270194198,"standard_error":0.009509619918235864}}