{"mean":{"confidence_interval":{"confidence_level":0.95,"lower_bound":0.055534734369217874,"upper_bound":0.09847261856283292},"point_estimate":0.07556394897561969,"standard_error":0.011015201946512237},"median":{"confidence_interval":{"confidence_level":0.95,"lower_bound":0.06145095899740971,"upper_bound":0.08994701838387664},"point_estimate":0.07771155715680766,"standard_error":0.007780184974130864}}