{"mean":{"confidence_interval":{"confidence_level":0.95,"lower_bound":-0.019654563638609467,"upper_bound":0.011799763362930423},"point_estimate":-0.002063130872986818,"standard_error":0.008101657530097313},"median":{"confidence_interval":{"confidence_level":0.95,"lower_bound":-0.008310274674150242,"upper_bound":0.01921416974278456},"point_estimate":0.005723040033429161,"standard_error":0.007021726197136927}}