{"mean":{"confidence_interval":{"confidence_level":0.95,"lower_bound":-0.050585827282983234,"upper_bound":-0.026211681320303416},"point_estimate":-0.03830740065444227,"standard_error":0.006189201619537674},"median":{"confidence_interval":{"confidence_level":0.95,"lower_bound":-0.042944741861317026,"upper_bound":-0.016219757032203908},"point_estimate":-0.02896553393230672,"standard_error":0.006995159628301109}}