{"mean":{"confidence_interval":{"confidence_level":0.95,"lower_bound":0.010649073114042918,"upper_bound":0.018629483094157077},"point_estimate":0.014712714942821448,"standard_error":0.001974201973367631},"median":{"confidence_interval":{"confidence_level":0.95,"lower_bound":0.01300094136480956,"upper_bound":0.016162520610276676},"point_estimate":0.014959616409529364,"standard_error":0.000826773811776002}}