{"mean":{"confidence_interval":{"confidence_level":0.95,"lower_bound":0.011285483180124827,"upper_bound":0.026412560118167026},"point_estimate":0.01722084046664163,"standard_error":0.004247906110873259},"median":{"confidence_interval":{"confidence_level":0.95,"lower_bound":0.010428359885567895,"upper_bound":0.01696647245424665},"point_estimate":0.012362865646809773,"standard_error":0.0022020646047246754}}