{"mean":{"confidence_interval":{"confidence_level":0.95,"lower_bound":-0.013043829206115406,"upper_bound":-0.006737329345504143},"point_estimate":-0.009667988369782443,"standard_error":0.001590537473433719},"median":{"confidence_interval":{"confidence_level":0.95,"lower_bound":-0.011078635397471578,"upper_bound":-0.008526510041291124},"point_estimate":-0.009924794297528128,"standard_error":0.0006424895964636931}}