{"mean":{"confidence_interval":{"confidence_level":0.95,"lower_bound":-0.012432884537867108,"upper_bound":-0.00601944798719912},"point_estimate":-0.009353055638388397,"standard_error":0.001646315602981703},"median":{"confidence_interval":{"confidence_level":0.95,"lower_bound":-0.012317164683213422,"upper_bound":-0.008160340812873645},"point_estimate":-0.009964499466330712,"standard_error":0.0011474506323789955}}