{"mean":{"confidence_interval":{"confidence_level":0.95,"lower_bound":0.036012632674744284,"upper_bound":0.03991316620722503},"point_estimate":0.03797727826820174,"standard_error":0.0009993394270640208},"median":{"confidence_interval":{"confidence_level":0.95,"lower_bound":0.035959484877097214,"upper_bound":0.039887070441758876},"point_estimate":0.03776544159364792,"standard_error":0.0010043001283135664}}