{"mean":{"confidence_interval":{"confidence_level":0.95,"lower_bound":-0.03286318632633534,"upper_bound":-0.02525130877094691},"point_estimate":-0.02909711072463872,"standard_error":0.0019278774638560898},"median":{"confidence_interval":{"confidence_level":0.95,"lower_bound":-0.030653790625041144,"upper_bound":-0.027690864900531298},"point_estimate":-0.029486722519489694,"standard_error":0.0007469774868289521}}