{"mean":{"confidence_interval":{"confidence_level":0.95,"lower_bound":-0.07397295826577963,"upper_bound":-0.06904061532927644},"point_estimate":-0.07124769488296978,"standard_error":0.0012637903821511687},"median":{"confidence_interval":{"confidence_level":0.95,"lower_bound":-0.07270786758478431,"upper_bound":-0.06903368575293822},"point_estimate":-0.07108995053890277,"standard_error":0.001064106067484303}}