{"mean":{"confidence_interval":{"confidence_level":0.95,"lower_bound":0.3245206982592961,"upper_bound":0.33045284880699133},"point_estimate":0.32723102927490233,"standard_error":0.0014875538726397094},"median":{"confidence_interval":{"confidence_level":0.95,"lower_bound":0.32426612834196256,"upper_bound":0.32995559408290775},"point_estimate":0.3264585459605478,"standard_error":0.0015476302871775586}}