{"mean":{"confidence_interval":{"confidence_level":0.95,"lower_bound":144426.62943906095,"upper_bound":144896.3441164422},"point_estimate":144618.94547672072,"standard_error":122.60316827262933},"median":{"confidence_interval":{"confidence_level":0.95,"lower_bound":144383.70906432747,"upper_bound":144554.72777777776},"point_estimate":144495.75107963695,"standard_error":43.53350597251941},"median_abs_dev":{"confidence_interval":{"confidence_level":0.95,"lower_bound":138.13056315823417,"upper_bound":315.4590981031757},"point_estimate":217.6051791923003,"standard_error":46.95912364619073},"slope":{"confidence_interval":{"confidence_level":0.95,"lower_bound":144333.67099538713,"upper_bound":144777.52434831133},"point_estimate":144512.5894579262,"standard_error":117.94215665270183},"std_dev":{"confidence_interval":{"confidence_level":0.95,"lower_bound":220.8626094024054,"upper_bound":1379.625742092173},"point_estimate":869.0740692012823,"standard_error":331.05593826111533}}