{"mean":{"confidence_interval":{"confidence_level":0.95,"lower_bound":181223714.92875,"upper_bound":182171101.89375},"point_estimate":181701353.55,"standard_error":242725.32785321967},"median":{"confidence_interval":{"confidence_level":0.95,"lower_bound":180785172.0,"upper_bound":182497984.5},"point_estimate":181666776.5,"standard_error":434892.302767752},"median_abs_dev":{"confidence_interval":{"confidence_level":0.95,"lower_bound":141142.77619421482,"upper_bound":1327998.8962233067},"point_estimate":1269707.883708179,"standard_error":361964.25566856156},"slope":null,"std_dev":{"confidence_interval":{"confidence_level":0.95,"lower_bound":501296.8736395519,"upper_bound":943533.1255528051},"point_estimate":809301.6429769506,"standard_error":109444.940825648}}