{"mean":{"confidence_interval":{"confidence_level":0.95,"lower_bound":167534393.45,"upper_bound":168917133.9375},"point_estimate":168201873.9,"standard_error":355590.4674305546},"median":{"confidence_interval":{"confidence_level":0.95,"lower_bound":167263826.75,"upper_bound":169208800.75},"point_estimate":168155054.5,"standard_error":499618.08622631745},"median_abs_dev":{"confidence_interval":{"confidence_level":0.95,"lower_bound":104126.33200138807,"upper_bound":1993709.6353545785},"point_estimate":1274808.3982676268,"standard_error":497766.8670849207},"slope":null,"std_dev":{"confidence_interval":{"confidence_level":0.95,"lower_bound":624309.0673986912,"upper_bound":1485099.4230861897},"point_estimate":1183750.4788867692,"standard_error":219342.998388744}}