{"mean":{"confidence_interval":{"confidence_level":0.95,"lower_bound":126546216.17125,"upper_bound":126843536.29875},"point_estimate":126688830.45,"standard_error":75889.72977580596},"median":{"confidence_interval":{"confidence_level":0.95,"lower_bound":126399242.0,"upper_bound":126664871.5},"point_estimate":126524101.5,"standard_error":60593.18015204791},"median_abs_dev":{"confidence_interval":{"confidence_level":0.95,"lower_bound":387574.00184668624,"upper_bound":665462.0329856873},"point_estimate":508064.0306800604,"standard_error":69579.31050569777},"slope":null,"std_dev":{"confidence_interval":{"confidence_level":0.95,"lower_bound":580675.4469206171,"upper_bound":924696.3466194309},"point_estimate":762824.5209875244,"standard_error":88181.37796374047}}