{"mean":{"confidence_interval":{"confidence_level":0.95,"lower_bound":125422211.881,"upper_bound":125955557.39225},"point_estimate":125631109.23,"standard_error":141602.10944682424},"median":{"confidence_interval":{"confidence_level":0.95,"lower_bound":125331676.0,"upper_bound":125518035.0},"point_estimate":125431522.0,"standard_error":52582.7319659043},"median_abs_dev":{"confidence_interval":{"confidence_level":0.95,"lower_bound":354952.96619832516,"upper_bound":598789.5121693611},"point_estimate":505029.1485339403,"standard_error":62133.534153333334},"slope":null,"std_dev":{"confidence_interval":{"confidence_level":0.95,"lower_bound":446689.0706812215,"upper_bound":2342929.5421048263},"point_estimate":1424888.4418377762,"standard_error":636566.7246270953}}