{"mean":{"confidence_interval":{"confidence_level":0.95,"lower_bound":180924710.87125,"upper_bound":182201660.66125},"point_estimate":181521013.05,"standard_error":325490.08602590504},"median":{"confidence_interval":{"confidence_level":0.95,"lower_bound":181025002.0,"upper_bound":181913858.25},"point_estimate":181360504.5,"standard_error":230884.09711400338},"median_abs_dev":{"confidence_interval":{"confidence_level":0.95,"lower_bound":151984.2885017395,"upper_bound":1563065.4927000403},"point_estimate":526739.9718984962,"standard_error":349308.12808960583},"slope":null,"std_dev":{"confidence_interval":{"confidence_level":0.95,"lower_bound":320346.5324929376,"upper_bound":1559835.2849122263},"point_estimate":1082954.0933024469,"standard_error":324466.8041412026}}