{"mean":{"confidence_interval":{"confidence_level":0.95,"lower_bound":129507028.5,"upper_bound":130004978.1325},"point_estimate":129737479.5,"standard_error":128247.55027211171},"median":{"confidence_interval":{"confidence_level":0.95,"lower_bound":129469876.25,"upper_bound":129970482.25},"point_estimate":129629114.0,"standard_error":117013.23844199475},"median_abs_dev":{"confidence_interval":{"confidence_level":0.95,"lower_bound":61576.08340680599,"upper_bound":662455.3202390671},"point_estimate":245354.72834408283,"standard_error":160670.04192195355},"slope":null,"std_dev":{"confidence_interval":{"confidence_level":0.95,"lower_bound":152410.08232716282,"upper_bound":572292.7168151886},"point_estimate":428307.5441166338,"standard_error":109418.66020992938}}