{"mean":{"confidence_interval":{"confidence_level":0.95,"lower_bound":127616567.98875,"upper_bound":127972106.70125},"point_estimate":127780609.57,"standard_error":90838.9407059289},"median":{"confidence_interval":{"confidence_level":0.95,"lower_bound":127533659.0,"upper_bound":127886049.0},"point_estimate":127650408.0,"standard_error":113869.69716616065},"median_abs_dev":{"confidence_interval":{"confidence_level":0.95,"lower_bound":521852.9517352581,"upper_bound":885478.3864796162},"point_estimate":715789.6303921938,"standard_error":95090.87700933313},"slope":null,"std_dev":{"confidence_interval":{"confidence_level":0.95,"lower_bound":592925.3722476215,"upper_bound":1277349.0708209185},"point_estimate":910802.0860346422,"standard_error":201262.11376960875}}