{"mean":{"confidence_interval":{"confidence_level":0.95,"lower_bound":-0.040927194977627715,"upper_bound":-0.03792535630592803},"point_estimate":-0.039426648874885895,"standard_error":0.000768012465187407},"median":{"confidence_interval":{"confidence_level":0.95,"lower_bound":-0.04236759236091925,"upper_bound":-0.03924293207271834},"point_estimate":-0.04093795522942989,"standard_error":0.000758202444626411}}