{"mean":{"confidence_interval":{"confidence_level":0.95,"lower_bound":0.005736925755276862,"upper_bound":0.022213265548119327},"point_estimate":0.012627505355267798,"standard_error":0.004156550536102496},"median":{"confidence_interval":{"confidence_level":0.95,"lower_bound":0.0026729328476504666,"upper_bound":0.01682242231374076},"point_estimate":0.007975565947870633,"standard_error":0.0034718900086634177}}