{"mean":{"confidence_interval":{"confidence_level":0.95,"lower_bound":-0.005998745420101041,"upper_bound":0.0025531623758415075},"point_estimate":-0.0014924896663963683,"standard_error":0.0021868964472843803},"median":{"confidence_interval":{"confidence_level":0.95,"lower_bound":-0.005589018238142507,"upper_bound":0.004885212096970015},"point_estimate":-0.0008906820743685984,"standard_error":0.0027274999387350302}}