{"mean":{"confidence_interval":{"confidence_level":0.95,"lower_bound":-0.27630777839363224,"upper_bound":-0.27312871605665023},"point_estimate":-0.2748009123468095,"standard_error":0.000811654778803759},"median":{"confidence_interval":{"confidence_level":0.95,"lower_bound":-0.2770355841534964,"upper_bound":-0.2729416346037611},"point_estimate":-0.2749207922996981,"standard_error":0.0010188983470583507}}