{"mean":{"confidence_interval":{"confidence_level":0.95,"lower_bound":0.01870135974106137,"upper_bound":0.02253870249668252},"point_estimate":0.020626357004088325,"standard_error":0.0009748120138747642},"median":{"confidence_interval":{"confidence_level":0.95,"lower_bound":0.018836059109816894,"upper_bound":0.023002859831578126},"point_estimate":0.020612562985062644,"standard_error":0.001110289718733345}}