{"mean":{"confidence_interval":{"confidence_level":0.95,"lower_bound":0.006101018347723058,"upper_bound":0.009419169023874146},"point_estimate":0.0077521627835821505,"standard_error":0.0008449560897958205},"median":{"confidence_interval":{"confidence_level":0.95,"lower_bound":0.005597234611036645,"upper_bound":0.009574011905676194},"point_estimate":0.00788246318606034,"standard_error":0.0010683352332303661}}