{"mean":{"confidence_interval":{"confidence_level":0.95,"lower_bound":0.046569711886098854,"upper_bound":0.05476638891367618},"point_estimate":0.05038783390202739,"standard_error":0.0020941371637862144},"median":{"confidence_interval":{"confidence_level":0.95,"lower_bound":0.0457309499991867,"upper_bound":0.055687515548178856},"point_estimate":0.05014415899281888,"standard_error":0.002534416044067464}}