{"mean":{"confidence_interval":{"confidence_level":0.95,"lower_bound":-0.07253052077181477,"upper_bound":-0.05795724961953977},"point_estimate":-0.0640368956645192,"standard_error":0.003841207002931086},"median":{"confidence_interval":{"confidence_level":0.95,"lower_bound":-0.06701197202140552,"upper_bound":-0.05546788959323368},"point_estimate":-0.059074547942415734,"standard_error":0.003026110375012133}}