{"mean":{"confidence_interval":{"confidence_level":0.95,"lower_bound":-0.023697469505753185,"upper_bound":-0.019232022820137366},"point_estimate":-0.021587072360372384,"standard_error":0.0011429361304739363},"median":{"confidence_interval":{"confidence_level":0.95,"lower_bound":-0.024410182288718718,"upper_bound":-0.02154839706499312},"point_estimate":-0.023198365374868746,"standard_error":0.0007386951537077157}}