{"mean":{"confidence_interval":{"confidence_level":0.95,"lower_bound":19960118.91033333,"upper_bound":19989767.363500006},"point_estimate":19974924.49666666,"standard_error":7555.355421380626},"median":{"confidence_interval":{"confidence_level":0.95,"lower_bound":19956096.333333332,"upper_bound":19995151.0},"point_estimate":19978333.333333336,"standard_error":8246.903214784861},"median_abs_dev":{"confidence_interval":{"confidence_level":0.95,"lower_bound":52731.63326382637,"upper_bound":97518.50746870409},"point_estimate":70011.83015704523,"standard_error":11171.819126237107},"slope":null,"std_dev":{"confidence_interval":{"confidence_level":0.95,"lower_bound":65722.46250885203,"upper_bound":84676.8651292518},"point_estimate":75746.1152841127,"standard_error":4829.73367680761}}