{"mean":{"confidence_interval":{"confidence_level":0.95,"lower_bound":19920950.69425,"upper_bound":19950066.088083334},"point_estimate":19935433.82666666,"standard_error":7454.161053834859},"median":{"confidence_interval":{"confidence_level":0.95,"lower_bound":19911383.5,"upper_bound":19955779.833333336},"point_estimate":19937702.666666664,"standard_error":10305.124705932983},"median_abs_dev":{"confidence_interval":{"confidence_level":0.95,"lower_bound":64327.29475796407,"upper_bound":100390.05651772207},"point_estimate":83884.76521074772,"standard_error":8618.58587563482},"slope":null,"std_dev":{"confidence_interval":{"confidence_level":0.95,"lower_bound":65509.34826254347,"upper_bound":83007.51912742858},"point_estimate":74821.960746716,"standard_error":4452.861431117612}}