{"mean":{"confidence_interval":{"confidence_level":0.95,"lower_bound":15510197.24375,"upper_bound":15602017.12675},"point_estimate":15554907.51,"standard_error":23467.613070104846},"median":{"confidence_interval":{"confidence_level":0.95,"lower_bound":15471375.0,"upper_bound":15571172.0},"point_estimate":15524200.0,"standard_error":24148.691689854135},"median_abs_dev":{"confidence_interval":{"confidence_level":0.95,"lower_bound":171318.87475848198,"upper_bound":248458.55138897896},"point_estimate":217344.7083413601,"standard_error":19486.420805006783},"slope":null,"std_dev":{"confidence_interval":{"confidence_level":0.95,"lower_bound":192064.43404762266,"upper_bound":275591.37133574276},"point_estimate":235489.1156647276,"standard_error":21376.573392354872}}