{"mean":{"confidence_interval":{"confidence_level":0.95,"lower_bound":14868034.8035,"upper_bound":14960789.537875},"point_estimate":14913381.035,"standard_error":23645.520384981362},"median":{"confidence_interval":{"confidence_level":0.95,"lower_bound":14846024.0,"upper_bound":14943996.75},"point_estimate":14882409.0,"standard_error":28274.358020992826},"median_abs_dev":{"confidence_interval":{"confidence_level":0.95,"lower_bound":186038.66473965358,"upper_bound":298222.76080548763},"point_estimate":254920.09272426367,"standard_error":28766.452374317625},"slope":null,"std_dev":{"confidence_interval":{"confidence_level":0.95,"lower_bound":191633.77064639912,"upper_bound":292341.62536709494},"point_estimate":238890.79608218285,"standard_error":26571.52621395874}}