{"mean":{"confidence_interval":{"confidence_level":0.95,"lower_bound":14243181.198125001,"upper_bound":14417575.970625},"point_estimate":14330689.115,"standard_error":44410.45328472722},"median":{"confidence_interval":{"confidence_level":0.95,"lower_bound":14210192.125,"upper_bound":14415518.0},"point_estimate":14342140.75,"standard_error":62320.635402218555},"median_abs_dev":{"confidence_interval":{"confidence_level":0.95,"lower_bound":282523.50968420506,"upper_bound":533269.7128325701},"point_estimate":401321.280375123,"standard_error":67363.17696409812},"slope":null,"std_dev":{"confidence_interval":{"confidence_level":0.95,"lower_bound":379071.9507495738,"upper_bound":509849.4541755408},"point_estimate":447620.35641808994,"standard_error":33385.32793425574}}