{"mean":{"confidence_interval":{"confidence_level":0.95,"lower_bound":28307957.221375,"upper_bound":29108307.525624998},"point_estimate":28713478.925,"standard_error":204484.64054539573},"median":{"confidence_interval":{"confidence_level":0.95,"lower_bound":28436780.0,"upper_bound":29372456.5},"point_estimate":29062361.75,"standard_error":220950.02405533523},"median_abs_dev":{"confidence_interval":{"confidence_level":0.95,"lower_bound":1682993.3752208948,"upper_bound":2657779.5069649816},"point_estimate":2327788.7058734894,"standard_error":243286.96988743523},"slope":null,"std_dev":{"confidence_interval":{"confidence_level":0.95,"lower_bound":1781618.8998043055,"upper_bound":2293627.275002644},"point_estimate":2050482.9706139048,"standard_error":130654.07731484083}}