{"mean":{"confidence_interval":{"confidence_level":0.95,"lower_bound":26986298.39785714,"upper_bound":27636675.514761902},"point_estimate":27312774.319047626,"standard_error":165964.3856932812},"median":{"confidence_interval":{"confidence_level":0.95,"lower_bound":26840734.5,"upper_bound":27705548.0},"point_estimate":27515066.64285714,"standard_error":231786.929156384},"median_abs_dev":{"confidence_interval":{"confidence_level":0.95,"lower_bound":385060.97106380045,"upper_bound":1547724.8719223891},"point_estimate":999764.8172506249,"standard_error":305312.4915821093},"slope":null,"std_dev":{"confidence_interval":{"confidence_level":0.95,"lower_bound":728828.4476847515,"upper_bound":1073012.4276769867},"point_estimate":926881.8204048497,"standard_error":88051.90039881581}}