{"mean":{"confidence_interval":{"confidence_level":0.95,"lower_bound":37357521.89625,"upper_bound":37418970.252625},"point_estimate":37386414.6,"standard_error":15608.70095291857},"median":{"confidence_interval":{"confidence_level":0.95,"lower_bound":37357569.0,"upper_bound":37397355.75},"point_estimate":37377386.0,"standard_error":10157.132894419607},"median_abs_dev":{"confidence_interval":{"confidence_level":0.95,"lower_bound":68449.41688477993,"upper_bound":127764.53533172607},"point_estimate":92993.85944902897,"standard_error":14836.560781426897},"slope":null,"std_dev":{"confidence_interval":{"confidence_level":0.95,"lower_bound":105898.87180711293,"upper_bound":208146.28424912228},"point_estimate":157131.650990483,"standard_error":26748.51749962135}}