{"mean":{"confidence_interval":{"confidence_level":0.95,"lower_bound":27473971.152738098,"upper_bound":28159836.07678571},"point_estimate":27806156.338095237,"standard_error":174969.54589093116},"median":{"confidence_interval":{"confidence_level":0.95,"lower_bound":27349511.714285716,"upper_bound":27919333.92857143},"point_estimate":27677601.714285716,"standard_error":140402.67088395203},"median_abs_dev":{"confidence_interval":{"confidence_level":0.95,"lower_bound":350060.59808518045,"upper_bound":1066043.6018739447},"point_estimate":639758.1972420244,"standard_error":183922.42877792762},"slope":null,"std_dev":{"confidence_interval":{"confidence_level":0.95,"lower_bound":639460.9954042009,"upper_bound":1245010.3830442713},"point_estimate":973143.021034538,"standard_error":155500.20604581808}}