{"mean":{"confidence_interval":{"confidence_level":0.95,"lower_bound":53352057.60675,"upper_bound":54604891.15375},"point_estimate":53987832.78,"standard_error":320048.8123005913},"median":{"confidence_interval":{"confidence_level":0.95,"lower_bound":53443377.0,"upper_bound":55616027.0},"point_estimate":54219531.0,"standard_error":589740.2610148268},"median_abs_dev":{"confidence_interval":{"confidence_level":0.95,"lower_bound":2393874.8584002256,"upper_bound":4022034.273594618},"point_estimate":3047681.4316928387,"standard_error":424275.6483903205},"slope":null,"std_dev":{"confidence_interval":{"confidence_level":0.95,"lower_bound":2762424.9552144487,"upper_bound":3617770.0708220587},"point_estimate":3218950.924334139,"standard_error":217604.43773759028}}