{"mean":{"confidence_interval":{"confidence_level":0.95,"lower_bound":55148797.04416667,"upper_bound":56178507.47666667},"point_estimate":55674104.775,"standard_error":263458.4760089412},"median":{"confidence_interval":{"confidence_level":0.95,"lower_bound":55286785.625,"upper_bound":56427387.25},"point_estimate":55774222.375,"standard_error":313398.596592917},"median_abs_dev":{"confidence_interval":{"confidence_level":0.95,"lower_bound":820962.1220000088,"upper_bound":2205584.2910930514},"point_estimate":1394618.5994155705,"standard_error":366228.3517137844},"slope":null,"std_dev":{"confidence_interval":{"confidence_level":0.95,"lower_bound":1090796.8745498771,"upper_bound":1743003.7720494068},"point_estimate":1465692.7393468637,"standard_error":166899.77612787433}}