{"mean":{"confidence_interval":{"confidence_level":0.95,"lower_bound":53685838.76,"upper_bound":55033741.896749996},"point_estimate":54369580.99,"standard_error":344280.91875707975},"median":{"confidence_interval":{"confidence_level":0.95,"lower_bound":53868528.0,"upper_bound":55679126.0},"point_estimate":54604808.0,"standard_error":412670.4498569771},"median_abs_dev":{"confidence_interval":{"confidence_level":0.95,"lower_bound":2717404.85945642,"upper_bound":4513208.525374532},"point_estimate":3986574.930024147,"standard_error":460300.7039618667},"slope":null,"std_dev":{"confidence_interval":{"confidence_level":0.95,"lower_bound":2958562.066979679,"upper_bound":3869270.113000621},"point_estimate":3438578.503713757,"standard_error":233118.08016766584}}