{"mean":{"confidence_interval":{"confidence_level":0.95,"lower_bound":55210974.2735,"upper_bound":56355009.5185},"point_estimate":55787588.81,"standard_error":291534.51868689107},"median":{"confidence_interval":{"confidence_level":0.95,"lower_bound":55129555.5,"upper_bound":56833751.0},"point_estimate":55706623.5,"standard_error":388947.8894253933},"median_abs_dev":{"confidence_interval":{"confidence_level":0.95,"lower_bound":2346528.0282408,"upper_bound":3567653.7053614855},"point_estimate":2980491.4834856987,"standard_error":294146.7540610417},"slope":null,"std_dev":{"confidence_interval":{"confidence_level":0.95,"lower_bound":2511317.5680507487,"upper_bound":3301797.8698277003},"point_estimate":2927219.1872957344,"standard_error":201133.46028645558}}