{"mean":{"confidence_interval":{"confidence_level":0.95,"lower_bound":55412.645371853825,"upper_bound":55652.62296926901},"point_estimate":55519.0542785838,"standard_error":61.55890017814869},"median":{"confidence_interval":{"confidence_level":0.95,"lower_bound":55299.42037037037,"upper_bound":55465.33839377876},"point_estimate":55342.97175559947,"standard_error":44.742440230861874},"median_abs_dev":{"confidence_interval":{"confidence_level":0.95,"lower_bound":143.01884761360665,"upper_bound":271.18645945374},"point_estimate":208.07692887949386,"standard_error":30.715897384180746},"slope":{"confidence_interval":{"confidence_level":0.95,"lower_bound":55405.00444935485,"upper_bound":55703.18161535421},"point_estimate":55544.2555869169,"standard_error":76.42586592408465},"std_dev":{"confidence_interval":{"confidence_level":0.95,"lower_bound":308.34137180130114,"upper_bound":912.0114870956958},"point_estimate":620.0919189703968,"standard_error":162.9259656667831}}