{"mean":{"confidence_interval":{"confidence_level":0.95,"lower_bound":1015863.0639515963,"upper_bound":1023368.0186728796},"point_estimate":1019604.3561307528,"standard_error":1915.4381680182967},"median":{"confidence_interval":{"confidence_level":0.95,"lower_bound":1017902.084090909,"upper_bound":1023275.8636363636},"point_estimate":1021235.1461608567,"standard_error":1464.874520165048},"median_abs_dev":{"confidence_interval":{"confidence_level":0.95,"lower_bound":3959.2830754960432,"upper_bound":13653.848284617901},"point_estimate":7674.105251969025,"standard_error":2528.2223312115943},"slope":{"confidence_interval":{"confidence_level":0.95,"lower_bound":1016516.7917255085,"upper_bound":1023071.7445844777},"point_estimate":1020057.8206720831,"standard_error":1677.658743419776},"std_dev":{"confidence_interval":{"confidence_level":0.95,"lower_bound":7114.773480373336,"upper_bound":13679.986694160794},"point_estimate":10667.32903117449,"standard_error":1688.0133366209116}}