{"mean":{"confidence_interval":{"confidence_level":0.95,"lower_bound":1040969.9098735849,"upper_bound":1047370.095859226},"point_estimate":1044112.1998020367,"standard_error":1631.347025915973},"median":{"confidence_interval":{"confidence_level":0.95,"lower_bound":1039176.4424242424,"upper_bound":1048142.426010101},"point_estimate":1044668.9359504132,"standard_error":2442.1744241893093},"median_abs_dev":{"confidence_interval":{"confidence_level":0.95,"lower_bound":5489.406889661691,"upper_bound":12692.667396571536},"point_estimate":9802.506887788844,"standard_error":1836.8493119649283},"slope":{"confidence_interval":{"confidence_level":0.95,"lower_bound":1039913.2116491068,"upper_bound":1047417.8879406654},"point_estimate":1043676.0448439979,"standard_error":1923.9699801949746},"std_dev":{"confidence_interval":{"confidence_level":0.95,"lower_bound":6550.3072941693335,"upper_bound":11335.735193464292},"point_estimate":9071.488188278523,"standard_error":1238.2797847627214}}