{"mean":{"confidence_interval":{"confidence_level":0.95,"lower_bound":28156567.311750002,"upper_bound":28445181.408625},"point_estimate":28294103.705,"standard_error":73687.52882584183},"median":{"confidence_interval":{"confidence_level":0.95,"lower_bound":28166192.25,"upper_bound":28346493.75},"point_estimate":28274407.5,"standard_error":45446.44694515653},"median_abs_dev":{"confidence_interval":{"confidence_level":0.95,"lower_bound":336453.82502675056,"upper_bound":658916.3541018963},"point_estimate":527785.575529933,"standard_error":87472.97094357137},"slope":null,"std_dev":{"confidence_interval":{"confidence_level":0.95,"lower_bound":539473.4533429455,"upper_bound":928817.6611627557},"point_estimate":739286.8331605985,"standard_error":100269.89733295298}}