{"mean":{"confidence_interval":{"confidence_level":0.95,"lower_bound":29335878.490595233,"upper_bound":29656757.520317458},"point_estimate":29515515.300039686,"standard_error":82815.30952615199},"median":{"confidence_interval":{"confidence_level":0.95,"lower_bound":29398149.777777776,"upper_bound":29665882.134920634},"point_estimate":29615783.520833336,"standard_error":68590.93073398642},"median_abs_dev":{"confidence_interval":{"confidence_level":0.95,"lower_bound":8126.509930725083,"upper_bound":347778.7802390299},"point_estimate":84139.06611206422,"standard_error":110623.52609803985},"slope":{"confidence_interval":{"confidence_level":0.95,"lower_bound":29476046.999925148,"upper_bound":29656897.66211604},"point_estimate":29596146.424242426,"standard_error":46857.97321080615},"std_dev":{"confidence_interval":{"confidence_level":0.95,"lower_bound":84880.27182479673,"upper_bound":386061.5753625415},"point_estimate":276604.73624415166,"standard_error":83798.367021561}}