{"mean":{"confidence_interval":{"confidence_level":0.95,"lower_bound":29203314.147625003,"upper_bound":29453056.716250002},"point_estimate":29326853.29,"standard_error":63472.6141987562},"median":{"confidence_interval":{"confidence_level":0.95,"lower_bound":29227512.5,"upper_bound":29473208.0},"point_estimate":29374188.5,"standard_error":70175.12645018588},"median_abs_dev":{"confidence_interval":{"confidence_level":0.95,"lower_bound":396579.9256592989,"upper_bound":743955.3233921528},"point_estimate":583232.2199955583,"standard_error":95129.84728484167},"slope":null,"std_dev":{"confidence_interval":{"confidence_level":0.95,"lower_bound":537464.8886068906,"upper_bound":737569.0917710239},"point_estimate":641113.3955648586,"standard_error":51101.54158082186}}