{"mean":{"confidence_interval":{"confidence_level":0.95,"lower_bound":-0.016245697566904648,"upper_bound":0.005010763326456023},"point_estimate":-0.004696017550581577,"standard_error":0.00546175135080565},"median":{"confidence_interval":{"confidence_level":0.95,"lower_bound":-0.014995463528501785,"upper_bound":0.009774892674632385},"point_estimate":-0.001619183933477819,"standard_error":0.00577694447081387}}