{"mean":{"confidence_interval":{"confidence_level":0.95,"lower_bound":-0.2772001917450711,"upper_bound":-0.2669566893062849},"point_estimate":-0.27278494884534676,"standard_error":0.0026655512539368927},"median":{"confidence_interval":{"confidence_level":0.95,"lower_bound":-0.2787851473137971,"upper_bound":-0.2718752502481345},"point_estimate":-0.2756044193608125,"standard_error":0.0017104885440806972}}