{"mean":{"confidence_interval":{"confidence_level":0.95,"lower_bound":-0.034474643852064016,"upper_bound":-0.020196791336040264},"point_estimate":-0.0261719757476776,"standard_error":0.0037440506727451353},"median":{"confidence_interval":{"confidence_level":0.95,"lower_bound":-0.025322821494881853,"upper_bound":-0.021325438055765922},"point_estimate":-0.023325320401465066,"standard_error":0.0010431835812246687}}