{"mean":{"confidence_interval":{"confidence_level":0.95,"lower_bound":0.069728123659768,"upper_bound":0.07923160836476434},"point_estimate":0.07456076971702386,"standard_error":0.0024336413212101148},"median":{"confidence_interval":{"confidence_level":0.95,"lower_bound":0.06682927868501087,"upper_bound":0.08111181980563242},"point_estimate":0.075568695076915,"standard_error":0.003699677617645412}}