{"mean":{"confidence_interval":{"confidence_level":0.95,"lower_bound":-0.05211929580520052,"upper_bound":-0.04566264901548888},"point_estimate":-0.04886932347548212,"standard_error":0.0016541525457651651},"median":{"confidence_interval":{"confidence_level":0.95,"lower_bound":-0.05237462839224627,"upper_bound":-0.043745684812254604},"point_estimate":-0.04860073714841495,"standard_error":0.0021692493755951715}}