{"mean":{"confidence_interval":{"confidence_level":0.95,"lower_bound":-0.02184989608109757,"upper_bound":-0.012986720386939566},"point_estimate":-0.016613152391421804,"standard_error":0.002326612005427029},"median":{"confidence_interval":{"confidence_level":0.95,"lower_bound":-0.016102740382369512,"upper_bound":-0.011363093038657346},"point_estimate":-0.013914564697136589,"standard_error":0.0011793210266249602}}