{"mean":{"confidence_interval":{"confidence_level":0.95,"lower_bound":-0.05469147348210986,"upper_bound":-0.035666453826404335},"point_estimate":-0.04462710937150205,"standard_error":0.004748073982957895},"median":{"confidence_interval":{"confidence_level":0.95,"lower_bound":-0.04928371224831074,"upper_bound":-0.04196021579275966},"point_estimate":-0.04468730927343434,"standard_error":0.0020491490285660607}}