{"mean":{"confidence_interval":{"confidence_level":0.95,"lower_bound":-0.0057455339890517135,"upper_bound":0.0008453157663037614},"point_estimate":-0.0025180692566886265,"standard_error":0.001673964961004347},"median":{"confidence_interval":{"confidence_level":0.95,"lower_bound":-0.006381239650830373,"upper_bound":0.0012492043307905654},"point_estimate":-0.002527005127036186,"standard_error":0.0019270016141160497}}