{"mean":{"confidence_interval":{"confidence_level":0.95,"lower_bound":0.02775811315357817,"upper_bound":0.03894091590131718},"point_estimate":0.03265767961828847,"standard_error":0.0028282343038032905},"median":{"confidence_interval":{"confidence_level":0.95,"lower_bound":0.028611647475373703,"upper_bound":0.032375329661954444},"point_estimate":0.03030016050880535,"standard_error":0.0009854384577045786}}