{"mean":{"confidence_interval":{"confidence_level":0.95,"lower_bound":114780572.36475001,"upper_bound":115981340.20425001},"point_estimate":115389164.69,"standard_error":305238.08603207},"median":{"confidence_interval":{"confidence_level":0.95,"lower_bound":115096347.0,"upper_bound":116915813.0},"point_estimate":115829915.0,"standard_error":389041.6842445842},"median_abs_dev":{"confidence_interval":{"confidence_level":0.95,"lower_bound":2124556.866681576,"upper_bound":3828785.521325469},"point_estimate":2974914.6836847067,"standard_error":426385.4438437231},"slope":null,"std_dev":{"confidence_interval":{"confidence_level":0.95,"lower_bound":2590401.9637676976,"upper_bound":3506280.144541417},"point_estimate":3065586.8619406084,"standard_error":233886.54475224708}}