{"mean":{"confidence_interval":{"confidence_level":0.95,"lower_bound":113029628.58049999,"upper_bound":114042927.95425},"point_estimate":113542223.14,"standard_error":257919.09095123608},"median":{"confidence_interval":{"confidence_level":0.95,"lower_bound":113303695.5,"upper_bound":114501987.5},"point_estimate":113850814.5,"standard_error":305018.6017433043},"median_abs_dev":{"confidence_interval":{"confidence_level":0.95,"lower_bound":1869490.2560149145,"upper_bound":3224176.0629594326},"point_estimate":2536010.976576805,"standard_error":346111.9542410109},"slope":null,"std_dev":{"confidence_interval":{"confidence_level":0.95,"lower_bound":2229462.474795325,"upper_bound":2918656.129236292},"point_estimate":2594006.6780450633,"standard_error":176285.5899273767}}