{"mean":{"confidence_interval":{"confidence_level":0.95,"lower_bound":-0.03818839970133057,"upper_bound":-0.011959615916279597},"point_estimate":-0.025039214951600663,"standard_error":0.0066966929310549395},"median":{"confidence_interval":{"confidence_level":0.95,"lower_bound":-0.04148358677091524,"upper_bound":-0.0058210440770624094},"point_estimate":-0.017421379736636156,"standard_error":0.008485087857155477}}