{"mean":{"confidence_interval":{"confidence_level":0.95,"lower_bound":0.0019787911711390653,"upper_bound":0.03263272421821254},"point_estimate":0.017294228690318825,"standard_error":0.007813190017806122},"median":{"confidence_interval":{"confidence_level":0.95,"lower_bound":0.0010011375645422316,"upper_bound":0.033024177160852895},"point_estimate":0.017897105761708998,"standard_error":0.007993455347669489}}