{"mean":{"confidence_interval":{"confidence_level":0.95,"lower_bound":0.0019269370241944196,"upper_bound":0.029443761373278133},"point_estimate":0.015092346854556071,"standard_error":0.007081076303907393},"median":{"confidence_interval":{"confidence_level":0.95,"lower_bound":-0.007270645519448068,"upper_bound":0.03093981523325806},"point_estimate":0.01014724752185181,"standard_error":0.009971400575754458}}