{"mean":{"confidence_interval":{"confidence_level":0.95,"lower_bound":-0.014345974739493094,"upper_bound":0.013518467187590201},"point_estimate":-0.000594950081435619,"standard_error":0.007094034702115266},"median":{"confidence_interval":{"confidence_level":0.95,"lower_bound":-0.014959800916040433,"upper_bound":0.016525296722604832},"point_estimate":0.00025883464859077776,"standard_error":0.00753730971292173}}