{"mean":{"confidence_interval":{"confidence_level":0.95,"lower_bound":-0.03057980706093442,"upper_bound":-0.006137690135791218},"point_estimate":-0.018362611440511545,"standard_error":0.006253159357858437},"median":{"confidence_interval":{"confidence_level":0.95,"lower_bound":-0.02928109587200154,"upper_bound":-0.0015796058361252996},"point_estimate":-0.016094746143490157,"standard_error":0.006710988819257348}}