{"mean":{"confidence_interval":{"confidence_level":0.95,"lower_bound":-0.024539008084739383,"upper_bound":0.0001305802625179257},"point_estimate":-0.011653412494368132,"standard_error":0.006327381431813149},"median":{"confidence_interval":{"confidence_level":0.95,"lower_bound":-0.023083516561816064,"upper_bound":0.007944763056774162},"point_estimate":-0.0064771306487437785,"standard_error":0.008232841453507366}}