{"mean":{"confidence_interval":{"confidence_level":0.95,"lower_bound":0.016279907359870255,"upper_bound":0.03972770020005509},"point_estimate":0.026967767128899034,"standard_error":0.006089341379270114},"median":{"confidence_interval":{"confidence_level":0.95,"lower_bound":0.015203953126618375,"upper_bound":0.0345147513051236},"point_estimate":0.02356358144458115,"standard_error":0.004599223360805817}}