{"mean":{"confidence_interval":{"confidence_level":0.95,"lower_bound":0.022632622177971937,"upper_bound":0.05097520956595823},"point_estimate":0.03629568739666045,"standard_error":0.0072714887346807654},"median":{"confidence_interval":{"confidence_level":0.95,"lower_bound":0.01704632687878349,"upper_bound":0.05290753934824366},"point_estimate":0.02869041125791183,"standard_error":0.008625219247866802}}