{"mean":{"confidence_interval":{"confidence_level":0.95,"lower_bound":-0.05414046429398707,"upper_bound":-0.02575209964364089},"point_estimate":-0.039289745054804204,"standard_error":0.0072688591460929},"median":{"confidence_interval":{"confidence_level":0.95,"lower_bound":-0.053376596532031195,"upper_bound":-0.022835531727091924},"point_estimate":-0.036358270526029135,"standard_error":0.007210073304237575}}