{"mean":{"confidence_interval":{"confidence_level":0.95,"lower_bound":16978523.3521875,"upper_bound":17188126.216},"point_estimate":17084206.31,"standard_error":53489.342623502016},"median":{"confidence_interval":{"confidence_level":0.95,"lower_bound":17015811.625,"upper_bound":17233910.25},"point_estimate":17141637.125,"standard_error":51931.54202545363},"median_abs_dev":{"confidence_interval":{"confidence_level":0.95,"lower_bound":319222.6774826646,"upper_bound":546306.0290761292},"point_estimate":392154.3647378683,"standard_error":58425.816589616945},"slope":null,"std_dev":{"confidence_interval":{"confidence_level":0.95,"lower_bound":453427.8253767059,"upper_bound":615695.8570847093},"point_estimate":538960.6993099268,"standard_error":41470.75275986522}}