{"mean":{"confidence_interval":{"confidence_level":0.95,"lower_bound":17232411.378499996,"upper_bound":17420978.63975},"point_estimate":17328311.05666667,"standard_error":48044.55026248001},"median":{"confidence_interval":{"confidence_level":0.95,"lower_bound":17314948.0,"upper_bound":17494875.333333336},"point_estimate":17380684.333333332,"standard_error":42864.96326826695},"median_abs_dev":{"confidence_interval":{"confidence_level":0.95,"lower_bound":309285.6747090853,"upper_bound":542101.338485777},"point_estimate":447921.6214478016,"standard_error":59490.09932234911},"slope":null,"std_dev":{"confidence_interval":{"confidence_level":0.95,"lower_bound":409007.23717732215,"upper_bound":546816.2425572925},"point_estimate":482708.21158570703,"standard_error":35231.82475145325}}