{"mean":{"confidence_interval":{"confidence_level":0.95,"lower_bound":14574525.5450625,"upper_bound":14627855.564062499},"point_estimate":14600885.8425,"standard_error":13630.037367890176},"median":{"confidence_interval":{"confidence_level":0.95,"lower_bound":14566314.875,"upper_bound":14656089.5},"point_estimate":14608426.625,"standard_error":21731.80550369458},"median_abs_dev":{"confidence_interval":{"confidence_level":0.95,"lower_bound":103133.73131901026,"upper_bound":165877.73285508156},"point_estimate":142242.1240746975,"standard_error":14989.5409224968},"slope":null,"std_dev":{"confidence_interval":{"confidence_level":0.95,"lower_bound":114073.07666083591,"upper_bound":162373.55640181818},"point_estimate":137111.6423604175,"standard_error":12468.102198217757}}