{"mean":{"confidence_interval":{"confidence_level":0.95,"lower_bound":115339856.22325,"upper_bound":116512304.51225},"point_estimate":115940745.47,"standard_error":299973.77157602855},"median":{"confidence_interval":{"confidence_level":0.95,"lower_bound":115688622.0,"upper_bound":116491748.0},"point_estimate":116014345.5,"standard_error":176570.14548212197},"median_abs_dev":{"confidence_interval":{"confidence_level":0.95,"lower_bound":1677690.1151150465,"upper_bound":3132654.944194257},"point_estimate":2316695.892870426,"standard_error":393337.6897466337},"slope":null,"std_dev":{"confidence_interval":{"confidence_level":0.95,"lower_bound":2413076.4215703,"upper_bound":3592539.4437790485},"point_estimate":3015350.2131083445,"standard_error":302206.45067284285}}