{"mean":{"confidence_interval":{"confidence_level":0.95,"lower_bound":112558283.08025,"upper_bound":113608569.44925},"point_estimate":113098331.54,"standard_error":268052.93242157664},"median":{"confidence_interval":{"confidence_level":0.95,"lower_bound":112900856.0,"upper_bound":114062495.0},"point_estimate":113552576.0,"standard_error":302366.35131862777},"median_abs_dev":{"confidence_interval":{"confidence_level":0.95,"lower_bound":2008908.1383347511,"upper_bound":3205623.5481888056},"point_estimate":2516966.238614917,"standard_error":307693.2913111889},"slope":null,"std_dev":{"confidence_interval":{"confidence_level":0.95,"lower_bound":2157952.2628197153,"upper_bound":3213813.0521160536},"point_estimate":2697377.6392578613,"standard_error":271359.4154310379}}