{"mean":{"confidence_interval":{"confidence_level":0.95,"lower_bound":95128608.86333331,"upper_bound":96485121.1},"point_estimate":95819339.2,"standard_error":344846.3439472894},"median":{"confidence_interval":{"confidence_level":0.95,"lower_bound":95300189.66666667,"upper_bound":96749969.5},"point_estimate":95744193.66666666,"standard_error":333779.39274806844},"median_abs_dev":{"confidence_interval":{"confidence_level":0.95,"lower_bound":226733.51977467167,"upper_bound":2022797.1348881721},"point_estimate":701204.0589511357,"standard_error":481705.2318036155},"slope":null,"std_dev":{"confidence_interval":{"confidence_level":0.95,"lower_bound":456835.48899199645,"upper_bound":1556362.0827870825},"point_estimate":1148451.1135659078,"standard_error":269613.87056881306}}