{"mean":{"confidence_interval":{"confidence_level":0.95,"lower_bound":131074292.33416666,"upper_bound":132529966.83500001},"point_estimate":131804854.23333333,"standard_error":372918.22919845633},"median":{"confidence_interval":{"confidence_level":0.95,"lower_bound":130963305.0,"upper_bound":132667982.5},"point_estimate":132356496.0,"standard_error":374574.3246730989},"median_abs_dev":{"confidence_interval":{"confidence_level":0.95,"lower_bound":713362.614235282,"upper_bound":3117954.4465452433},"point_estimate":1743076.4804542065,"standard_error":630467.7686079707},"slope":null,"std_dev":{"confidence_interval":{"confidence_level":0.95,"lower_bound":1565043.2433890826,"upper_bound":2463137.691548058},"point_estimate":2075974.1060350388,"standard_error":228428.0347664949}}