{"mean":{"confidence_interval":{"confidence_level":0.95,"lower_bound":168755089.5,"upper_bound":170732411.3},"point_estimate":169728521.0,"standard_error":505677.8676298391},"median":{"confidence_interval":{"confidence_level":0.95,"lower_bound":168036211.5,"upper_bound":171176470.75},"point_estimate":169582574.5,"standard_error":691853.7534395548},"median_abs_dev":{"confidence_interval":{"confidence_level":0.95,"lower_bound":412302.5277301669,"upper_bound":3034691.6320234537},"point_estimate":2078253.045603633,"standard_error":701204.5787865032},"slope":null,"std_dev":{"confidence_interval":{"confidence_level":0.95,"lower_bound":967001.5910207245,"upper_bound":2074366.282687034},"point_estimate":1686499.6879140437,"standard_error":281714.3247764866}}