{"mean":{"confidence_interval":{"confidence_level":0.95,"lower_bound":128236234.44166666,"upper_bound":129777774.67416666},"point_estimate":129007135.1,"standard_error":395697.6194547863},"median":{"confidence_interval":{"confidence_level":0.95,"lower_bound":126946503.0,"upper_bound":130686024.5},"point_estimate":129041676.0,"standard_error":1041427.4148771444},"median_abs_dev":{"confidence_interval":{"confidence_level":0.95,"lower_bound":1288589.906322956,"upper_bound":3526154.990798235},"point_estimate":3434886.136418581,"standard_error":593556.4901509277},"slope":null,"std_dev":{"confidence_interval":{"confidence_level":0.95,"lower_bound":1889044.3955534175,"upper_bound":2428587.705196087},"point_estimate":2214705.6317629456,"standard_error":137172.08004333574}}