{"mean":{"confidence_interval":{"confidence_level":0.95,"lower_bound":127711758.55,"upper_bound":129557326.57000001},"point_estimate":128608235.9,"standard_error":471865.86994021625},"median":{"confidence_interval":{"confidence_level":0.95,"lower_bound":127330232.0,"upper_bound":129982823.0},"point_estimate":128741043.0,"standard_error":630970.033071176},"median_abs_dev":{"confidence_interval":{"confidence_level":0.95,"lower_bound":75503.99820953608,"upper_bound":2838892.8077995777},"point_estimate":1853001.2609526515,"standard_error":747832.1577665135},"slope":null,"std_dev":{"confidence_interval":{"confidence_level":0.95,"lower_bound":827034.244500331,"upper_bound":1963933.7990427415},"point_estimate":1569320.8125109551,"standard_error":288495.3686980408}}