{"mean":{"confidence_interval":{"confidence_level":0.95,"lower_bound":179821178.29874998,"upper_bound":181478978.7},"point_estimate":180580198.35,"standard_error":426543.62298037554},"median":{"confidence_interval":{"confidence_level":0.95,"lower_bound":179774581.0,"upper_bound":181146308.5},"point_estimate":180266545.25,"standard_error":376276.9837976193},"median_abs_dev":{"confidence_interval":{"confidence_level":0.95,"lower_bound":178768.9396262169,"upper_bound":2106192.2714576125},"point_estimate":771097.2811102867,"standard_error":502155.38720546506},"slope":null,"std_dev":{"confidence_interval":{"confidence_level":0.95,"lower_bound":533369.5219456311,"upper_bound":1980824.9293527256},"point_estimate":1424952.5105366386,"standard_error":403393.299566721}}