{"mean":{"confidence_interval":{"confidence_level":0.95,"lower_bound":121025336.77166666,"upper_bound":122692878.18416667},"point_estimate":121840310.26666667,"standard_error":425472.02611117275},"median":{"confidence_interval":{"confidence_level":0.95,"lower_bound":120029856.0,"upper_bound":123263298.0},"point_estimate":121738040.5,"standard_error":888311.1190100968},"median_abs_dev":{"confidence_interval":{"confidence_level":0.95,"lower_bound":1145743.6227589846,"upper_bound":3740866.601586342},"point_estimate":2978886.5690141916,"standard_error":644796.6410978847},"slope":null,"std_dev":{"confidence_interval":{"confidence_level":0.95,"lower_bound":1808190.860570575,"upper_bound":2800387.8990154816},"point_estimate":2365312.8551864782,"standard_error":255336.41884148197}}