{"mean":{"confidence_interval":{"confidence_level":0.95,"lower_bound":3167434.3018437503,"upper_bound":3179798.17034375},"point_estimate":3173611.588125,"standard_error":3158.234073965902},"median":{"confidence_interval":{"confidence_level":0.95,"lower_bound":3167484.1875,"upper_bound":3181199.875},"point_estimate":3174414.34375,"standard_error":3362.4209519968203},"median_abs_dev":{"confidence_interval":{"confidence_level":0.95,"lower_bound":21922.418179549277,"upper_bound":37624.402844533324},"point_estimate":29934.712756052613,"standard_error":4039.1827478669024},"slope":null,"std_dev":{"confidence_interval":{"confidence_level":0.95,"lower_bound":26986.67109265339,"upper_bound":36199.92669540111},"point_estimate":31786.921036075277,"standard_error":2355.8686408070653}}