{"mean":{"confidence_interval":{"confidence_level":0.95,"lower_bound":3192475.2267187503,"upper_bound":3213760.3243125},"point_estimate":3202832.356875,"standard_error":5422.000329045114},"median":{"confidence_interval":{"confidence_level":0.95,"lower_bound":3181699.875,"upper_bound":3199338.8125},"point_estimate":3188028.625,"standard_error":3822.8351417089816},"median_abs_dev":{"confidence_interval":{"confidence_level":0.95,"lower_bound":28167.752423984984,"upper_bound":52943.4597350657},"point_estimate":42085.36084033549,"standard_error":6408.540005415837},"slope":null,"std_dev":{"confidence_interval":{"confidence_level":0.95,"lower_bound":44169.78433111819,"upper_bound":63381.05728311388},"point_estimate":54264.79315668254,"standard_error":4909.282670755108}}