{"mean":{"confidence_interval":{"confidence_level":0.95,"lower_bound":3306304.187515625,"upper_bound":3361924.316046875},"point_estimate":3333624.9075,"standard_error":14184.888519656597},"median":{"confidence_interval":{"confidence_level":0.95,"lower_bound":3269130.46875,"upper_bound":3337944.125},"point_estimate":3297801.875,"standard_error":18412.861031420394},"median_abs_dev":{"confidence_interval":{"confidence_level":0.95,"lower_bound":100645.55791318417,"upper_bound":190677.27527730167},"point_estimate":132226.4199525118,"standard_error":22858.76974801527},"slope":null,"std_dev":{"confidence_interval":{"confidence_level":0.95,"lower_bound":123683.12395284274,"upper_bound":158269.99541085566},"point_estimate":142192.00488119872,"standard_error":8853.344603883519}}