{"mean":{"confidence_interval":{"confidence_level":0.95,"lower_bound":29254675.731944446,"upper_bound":29434544.071944445},"point_estimate":29346617.350000005,"standard_error":45950.51639934193},"median":{"confidence_interval":{"confidence_level":0.95,"lower_bound":29332692.166666668,"upper_bound":29424441.083333336},"point_estimate":29379490.833333336,"standard_error":26928.920189155477},"median_abs_dev":{"confidence_interval":{"confidence_level":0.95,"lower_bound":65298.52129071951,"upper_bound":350846.78202122636},"point_estimate":166447.42189496756,"standard_error":81069.40374291666},"slope":null,"std_dev":{"confidence_interval":{"confidence_level":0.95,"lower_bound":174311.2684523437,"upper_bound":324529.9970431793},"point_estimate":257546.94813063688,"standard_error":38573.59788978882}}