{"mean":{"confidence_interval":{"confidence_level":0.95,"lower_bound":29837404.023875,"upper_bound":29981569.566125},"point_estimate":29910259.95,"standard_error":36634.348027652486},"median":{"confidence_interval":{"confidence_level":0.95,"lower_bound":29870612.0,"upper_bound":30024081.25},"point_estimate":29966424.25,"standard_error":42901.596840993654},"median_abs_dev":{"confidence_interval":{"confidence_level":0.95,"lower_bound":249495.14822557583,"upper_bound":423422.76883274317},"point_estimate":322877.6570677757,"standard_error":45042.065728675465},"slope":null,"std_dev":{"confidence_interval":{"confidence_level":0.95,"lower_bound":307750.8848183739,"upper_bound":420648.9513000459},"point_estimate":367262.53814200487,"standard_error":28825.95398567656}}