{"mean":{"confidence_interval":{"confidence_level":0.95,"lower_bound":30868291.000416666,"upper_bound":31176418.80541667},"point_estimate":31007298.13888889,"standard_error":78767.5831379597},"median":{"confidence_interval":{"confidence_level":0.95,"lower_bound":30810342.833333332,"upper_bound":31091102.333333336},"point_estimate":30897794.333333332,"standard_error":85265.92562820391},"median_abs_dev":{"confidence_interval":{"confidence_level":0.95,"lower_bound":189662.21938282158,"upper_bound":466501.0701179495},"point_estimate":298573.27214926115,"standard_error":73563.6968631654},"slope":null,"std_dev":{"confidence_interval":{"confidence_level":0.95,"lower_bound":240347.10618776563,"upper_bound":636298.7915735939},"point_estimate":439414.059782354,"standard_error":115648.26330773352}}