{"mean":{"confidence_interval":{"confidence_level":0.95,"lower_bound":0.0034857214864581353,"upper_bound":0.018982180172335102},"point_estimate":0.011371865073777077,"standard_error":0.003953770563179898},"median":{"confidence_interval":{"confidence_level":0.95,"lower_bound":0.0021247123430934156,"upper_bound":0.022773017007681196},"point_estimate":0.011704746100539065,"standard_error":0.005052365499158972}}