{"mean":{"confidence_interval":{"confidence_level":0.95,"lower_bound":0.0011878132895265636,"upper_bound":0.025850269347535208},"point_estimate":0.012008765313290537,"standard_error":0.006292206292676387},"median":{"confidence_interval":{"confidence_level":0.95,"lower_bound":-0.003633153224746999,"upper_bound":0.020747757503004838},"point_estimate":0.009413214278689574,"standard_error":0.006043681092948258}}