{"mean":{"confidence_interval":{"confidence_level":0.95,"lower_bound":-0.03892639873119526,"upper_bound":-0.01866284311636144},"point_estimate":-0.02858762040067586,"standard_error":0.005177913515217976},"median":{"confidence_interval":{"confidence_level":0.95,"lower_bound":-0.04164124986938922,"upper_bound":-0.01360259920760687},"point_estimate":-0.02961156215611427,"standard_error":0.007075223198856896}}