{"mean":{"confidence_interval":{"confidence_level":0.95,"lower_bound":0.008369451273760837,"upper_bound":0.033181723198730785},"point_estimate":0.02024815156280524,"standard_error":0.006309283159081185},"median":{"confidence_interval":{"confidence_level":0.95,"lower_bound":0.0006889961121441246,"upper_bound":0.03141938709147851},"point_estimate":0.020866946430717626,"standard_error":0.007986471182361185}}