{"mean":{"confidence_interval":{"confidence_level":0.95,"lower_bound":-0.0020640603648481876,"upper_bound":0.010753000130736035},"point_estimate":0.004586911125026294,"standard_error":0.003295250041881983},"median":{"confidence_interval":{"confidence_level":0.95,"lower_bound":-0.0034109292061001995,"upper_bound":0.012316054457585546},"point_estimate":0.004911619639720088,"standard_error":0.003973402564442508}}