{"mean":{"confidence_interval":{"confidence_level":0.95,"lower_bound":-0.03557597531359895,"upper_bound":-0.014287229533447604},"point_estimate":-0.025521666371080554,"standard_error":0.00543745233287885},"median":{"confidence_interval":{"confidence_level":0.95,"lower_bound":-0.040794767693110745,"upper_bound":-0.015399765100699958},"point_estimate":-0.030207904827319054,"standard_error":0.006033337185061637}}