{"mean":{"confidence_interval":{"confidence_level":0.95,"lower_bound":0.0042901680275313995,"upper_bound":0.00621601581580014},"point_estimate":0.005256715214872365,"standard_error":0.0004927844944043182},"median":{"confidence_interval":{"confidence_level":0.95,"lower_bound":0.004516020005537635,"upper_bound":0.005826032419489868},"point_estimate":0.005197912707897823,"standard_error":0.0003239135105873706}}