{"mean":{"confidence_interval":{"confidence_level":0.95,"lower_bound":-0.003953827747296173,"upper_bound":-0.001482058127829425},"point_estimate":-0.0027370480914333806,"standard_error":0.0006318806383006103},"median":{"confidence_interval":{"confidence_level":0.95,"lower_bound":-0.0034444486118763162,"upper_bound":-0.0017756961629127321},"point_estimate":-0.002513072459637722,"standard_error":0.00043533072218860384}}