{"mean":{"confidence_interval":{"confidence_level":0.95,"lower_bound":0.004873973133931577,"upper_bound":0.023448503377419046},"point_estimate":0.012810971236663748,"standard_error":0.004500442860018735},"median":{"confidence_interval":{"confidence_level":0.95,"lower_bound":0.0009545433843589635,"upper_bound":0.017588435632253763},"point_estimate":0.0063505864267559,"standard_error":0.005878766712515233}}