{"mean":{"confidence_interval":{"confidence_level":0.95,"lower_bound":-0.07169337580095136,"upper_bound":-0.06435857383894938},"point_estimate":-0.06799607064314483,"standard_error":0.0018659279889035596},"median":{"confidence_interval":{"confidence_level":0.95,"lower_bound":-0.06906479327885207,"upper_bound":-0.06369449242496383},"point_estimate":-0.06627094419920543,"standard_error":0.0015318575941980972}}