{"mean":{"confidence_interval":{"confidence_level":0.95,"lower_bound":0.07374520176086295,"upper_bound":0.08301530410259218},"point_estimate":0.07840777665517229,"standard_error":0.0023587218649103563},"median":{"confidence_interval":{"confidence_level":0.95,"lower_bound":0.07012717644324762,"upper_bound":0.08190210432637968},"point_estimate":0.07378198196084607,"standard_error":0.003754756462048876}}