{"mean":{"confidence_interval":{"confidence_level":0.95,"lower_bound":-0.0042592821098812,"upper_bound":0.003187895836639041},"point_estimate":-0.00008918848369776633,"standard_error":0.0019071777936857496},"median":{"confidence_interval":{"confidence_level":0.95,"lower_bound":-0.0035725363776488717,"upper_bound":0.005983934144234038},"point_estimate":0.001087302889425823,"standard_error":0.002462693625540964}}