{"mean":{"confidence_interval":{"confidence_level":0.95,"lower_bound":-0.00972659380582507,"upper_bound":-0.007093615104025343},"point_estimate":-0.008404287190668991,"standard_error":0.0006723201569515684},"median":{"confidence_interval":{"confidence_level":0.95,"lower_bound":-0.009556669996845357,"upper_bound":-0.006799964271932857},"point_estimate":-0.007835828948761892,"standard_error":0.0007039163922170739}}