{"mean":{"confidence_interval":{"confidence_level":0.95,"lower_bound":-0.08659124818740117,"upper_bound":-0.07121403533068585},"point_estimate":-0.07811574039906766,"standard_error":0.0039615474525604415},"median":{"confidence_interval":{"confidence_level":0.95,"lower_bound":-0.08353597340873375,"upper_bound":-0.06293808028661563},"point_estimate":-0.06859460972403864,"standard_error":0.006006502374303555}}