{"mean":{"confidence_interval":{"confidence_level":0.95,"lower_bound":0.05455639203917948,"upper_bound":0.06296903587154529},"point_estimate":0.05852882438166862,"standard_error":0.002154566399863091},"median":{"confidence_interval":{"confidence_level":0.95,"lower_bound":0.049670169000150866,"upper_bound":0.06034911157523193},"point_estimate":0.05509809379731889,"standard_error":0.002709779493266231}}