{"mean":{"confidence_interval":{"confidence_level":0.95,"lower_bound":6672346.9418125,"upper_bound":6701890.11440625},"point_estimate":6685906.9375,"standard_error":7536.402855940554},"median":{"confidence_interval":{"confidence_level":0.95,"lower_bound":6663538.1875,"upper_bound":6679785.25},"point_estimate":6672875.625,"standard_error":4441.7191295061875},"median_abs_dev":{"confidence_interval":{"confidence_level":0.95,"lower_bound":28208.966386690736,"upper_bound":54985.926523804665},"point_estimate":42125.94701461494,"standard_error":6801.404624262432},"slope":null,"std_dev":{"confidence_interval":{"confidence_level":0.95,"lower_bound":42762.09796252701,"upper_bound":105344.26250700212},"point_estimate":76032.13701785407,"standard_error":16439.27140082906}}