{"mean":{"confidence_interval":{"confidence_level":0.95,"lower_bound":6596526.54359375,"upper_bound":6613888.56265625},"point_estimate":6605064.25375,"standard_error":4433.27317893244},"median":{"confidence_interval":{"confidence_level":0.95,"lower_bound":6589088.1875,"upper_bound":6608636.0},"point_estimate":6599205.8125,"standard_error":4701.422862064387},"median_abs_dev":{"confidence_interval":{"confidence_level":0.95,"lower_bound":32885.81873741001,"upper_bound":59361.542358621955},"point_estimate":46636.38678453863,"standard_error":6403.10046030678},"slope":null,"std_dev":{"confidence_interval":{"confidence_level":0.95,"lower_bound":38237.11181847108,"upper_bound":50123.14540184608},"point_estimate":44446.21358448099,"standard_error":3036.382759553682}}