{"mean":{"confidence_interval":{"confidence_level":0.95,"lower_bound":6732097.23603125,"upper_bound":6771093.424749999},"point_estimate":6750150.4025,"standard_error":9951.632468555794},"median":{"confidence_interval":{"confidence_level":0.95,"lower_bound":6722361.625,"upper_bound":6742116.75},"point_estimate":6731970.9375,"standard_error":5038.10279972242},"median_abs_dev":{"confidence_interval":{"confidence_level":0.95,"lower_bound":43150.14560893178,"upper_bound":69571.55973985791},"point_estimate":54766.7797151953,"standard_error":6634.366199240923},"slope":null,"std_dev":{"confidence_interval":{"confidence_level":0.95,"lower_bound":60520.98008557283,"upper_bound":134395.00635397632},"point_estimate":100100.87971852304,"standard_error":18881.969670105904}}