{"mean":{"confidence_interval":{"confidence_level":0.95,"lower_bound":114535871.29900001,"upper_bound":115589252.17875},"point_estimate":115074334.24,"standard_error":269284.2360156924},"median":{"confidence_interval":{"confidence_level":0.95,"lower_bound":115084580.0,"upper_bound":115881545.0},"point_estimate":115568133.5,"standard_error":172629.55126233876},"median_abs_dev":{"confidence_interval":{"confidence_level":0.95,"lower_bound":1131111.6212287552,"upper_bound":2592403.149175644},"point_estimate":1697544.3526625633,"standard_error":396337.7787563111},"slope":null,"std_dev":{"confidence_interval":{"confidence_level":0.95,"lower_bound":2192326.847122157,"upper_bound":3142674.737557173},"point_estimate":2698513.628807254,"standard_error":242337.8550343018}}