{"mean":{"confidence_interval":{"confidence_level":0.95,"lower_bound":114334958.956,"upper_bound":115394149.39574999},"point_estimate":114873516.34,"standard_error":269642.34365255217},"median":{"confidence_interval":{"confidence_level":0.95,"lower_bound":114458154.0,"upper_bound":115897376.0},"point_estimate":114971333.5,"standard_error":384708.95056978054},"median_abs_dev":{"confidence_interval":{"confidence_level":0.95,"lower_bound":1978489.6346747875,"upper_bound":3100171.975668444},"point_estimate":2525586.074861884,"standard_error":285713.6435971303},"slope":null,"std_dev":{"confidence_interval":{"confidence_level":0.95,"lower_bound":2232292.5188313504,"upper_bound":3178957.254066608},"point_estimate":2717623.392569112,"standard_error":242087.75527449755}}