{"mean":{"confidence_interval":{"confidence_level":0.95,"lower_bound":117713911.10475,"upper_bound":119391650.1935},"point_estimate":118543161.73,"standard_error":427142.05276713823},"median":{"confidence_interval":{"confidence_level":0.95,"lower_bound":117940150.5,"upper_bound":119636574.0},"point_estimate":118690494.0,"standard_error":466357.4159756467},"median_abs_dev":{"confidence_interval":{"confidence_level":0.95,"lower_bound":2924997.0251709223,"upper_bound":4802339.983141422},"point_estimate":4107581.0333758593,"standard_error":481460.8524562252},"slope":null,"std_dev":{"confidence_interval":{"confidence_level":0.95,"lower_bound":3391485.1064767297,"upper_bound":5286315.682530496},"point_estimate":4309405.522163236,"standard_error":493536.3581275287}}