{"mean":{"confidence_interval":{"confidence_level":0.95,"lower_bound":0.4836806077430089,"upper_bound":0.5690225398934605},"point_estimate":0.5243895811024268,"standard_error":0.021549141314058252},"median":{"confidence_interval":{"confidence_level":0.95,"lower_bound":0.48191879373063795,"upper_bound":0.5395418558921781},"point_estimate":0.5073506232839198,"standard_error":0.014662275571980436}}