{"mean":{"confidence_interval":{"confidence_level":0.95,"lower_bound":-0.05668375800666878,"upper_bound":0.11332053757367211},"point_estimate":0.025185182712148313,"standard_error":0.043109819379203516},"median":{"confidence_interval":{"confidence_level":0.95,"lower_bound":-0.10314108906069974,"upper_bound":0.16515875757108933},"point_estimate":0.013508346747771238,"standard_error":0.06681739035425495}}