{"mean":{"confidence_interval":{"confidence_level":0.95,"lower_bound":-0.24995754256187055,"upper_bound":-0.16533528079084117},"point_estimate":-0.2111889661658951,"standard_error":0.021665076353336695},"median":{"confidence_interval":{"confidence_level":0.95,"lower_bound":-0.27911959636146044,"upper_bound":-0.1509279805309256},"point_estimate":-0.22296069728581047,"standard_error":0.03575027641163941}}