{"mean":{"confidence_interval":{"confidence_level":0.95,"lower_bound":-0.021908514071521185,"upper_bound":0.01506056924301089},"point_estimate":-0.004632113417370354,"standard_error":0.009494645128712054},"median":{"confidence_interval":{"confidence_level":0.95,"lower_bound":-0.03055357072053866,"upper_bound":0.0013773585396228416},"point_estimate":-0.012886348699904238,"standard_error":0.008139450847218377}}