{"mean":{"confidence_interval":{"confidence_level":0.95,"lower_bound":-0.06483019919324438,"upper_bound":-0.03154220471468814},"point_estimate":-0.0472649130573064,"standard_error":0.008528186409623186},"median":{"confidence_interval":{"confidence_level":0.95,"lower_bound":-0.06601934676136634,"upper_bound":-0.03378466277886283},"point_estimate":-0.04905109401514651,"standard_error":0.007804405853706976}}