{"mean":{"confidence_interval":{"confidence_level":0.95,"lower_bound":-0.020241914263321316,"upper_bound":0.0272958958969711},"point_estimate":0.0039636351989129626,"standard_error":0.012107804041736505},"median":{"confidence_interval":{"confidence_level":0.95,"lower_bound":-0.013179163881484898,"upper_bound":0.034143843657713724},"point_estimate":0.007834367413736887,"standard_error":0.01210920344846908}}