{"mean":{"confidence_interval":{"confidence_level":0.95,"lower_bound":-0.13808421558440154,"upper_bound":-0.11040586804683188},"point_estimate":-0.12381521583902322,"standard_error":0.007075833177807099},"median":{"confidence_interval":{"confidence_level":0.95,"lower_bound":-0.13155544606930103,"upper_bound":-0.1102485715606229},"point_estimate":-0.11871881516381477,"standard_error":0.0054048354365438395}}