{"mean":{"confidence_interval":{"confidence_level":0.95,"lower_bound":0.09893379511714927,"upper_bound":0.13230503444930597},"point_estimate":0.11514335679878163,"standard_error":0.008535743124862325},"median":{"confidence_interval":{"confidence_level":0.95,"lower_bound":0.09662756709996301,"upper_bound":0.1343249601214762},"point_estimate":0.11228651359801956,"standard_error":0.009611656304649207}}