{"mean":{"confidence_interval":{"confidence_level":0.95,"lower_bound":0.05694999254920485,"upper_bound":0.09428043496220441},"point_estimate":0.07607168094033367,"standard_error":0.009476658311586303},"median":{"confidence_interval":{"confidence_level":0.95,"lower_bound":0.05252062555971482,"upper_bound":0.09721924244517832},"point_estimate":0.0752439133419911,"standard_error":0.011127387226892863}}