{"mean":{"confidence_interval":{"confidence_level":0.95,"lower_bound":0.0477344022511892,"upper_bound":0.1267797433414867},"point_estimate":0.0877549230361927,"standard_error":0.020219338060234016},"median":{"confidence_interval":{"confidence_level":0.95,"lower_bound":0.04549357498732953,"upper_bound":0.12876839160345832},"point_estimate":0.09939989751043754,"standard_error":0.017461552356156783}}