{"mean":{"confidence_interval":{"confidence_level":0.95,"lower_bound":-0.04484759327017979,"upper_bound":0.008039184299176817},"point_estimate":-0.019358059607201383,"standard_error":0.013494010627802403},"median":{"confidence_interval":{"confidence_level":0.95,"lower_bound":-0.04670774413053526,"upper_bound":-0.002646287443726747},"point_estimate":-0.018990743296139923,"standard_error":0.011818350477094718}}