{"mean":{"confidence_interval":{"confidence_level":0.95,"lower_bound":-0.0676140773644356,"upper_bound":-0.030082400812234223},"point_estimate":-0.04882258840260001,"standard_error":0.009625548621424191},"median":{"confidence_interval":{"confidence_level":0.95,"lower_bound":-0.07350202827213648,"upper_bound":-0.030490796149708732},"point_estimate":-0.0571048106982881,"standard_error":0.010692617868311757}}