{"mean":{"confidence_interval":{"confidence_level":0.95,"lower_bound":-0.1920738755330938,"upper_bound":-0.18343653499134524},"point_estimate":-0.18813241415414206,"standard_error":0.0022136072765024},"median":{"confidence_interval":{"confidence_level":0.95,"lower_bound":-0.1944724937438389,"upper_bound":-0.18504536417189865},"point_estimate":-0.18862556887709558,"standard_error":0.0025771551892637603}}