{"mean":{"confidence_interval":{"confidence_level":0.95,"lower_bound":-0.04750598236026929,"upper_bound":-0.035804901604908575},"point_estimate":-0.04127546907911461,"standard_error":0.0029837807184494042},"median":{"confidence_interval":{"confidence_level":0.95,"lower_bound":-0.04755396977000648,"upper_bound":-0.0370036621304114},"point_estimate":-0.04157996541302467,"standard_error":0.0028226334858113657}}