{"mean":{"confidence_interval":{"confidence_level":0.95,"lower_bound":-0.00913327370608656,"upper_bound":-0.00015101726583771638},"point_estimate":-0.004883806222887976,"standard_error":0.0023154082052704358},"median":{"confidence_interval":{"confidence_level":0.95,"lower_bound":-0.01073154907084739,"upper_bound":0.0016357970816096579},"point_estimate":-0.004767245526935193,"standard_error":0.003147752050808322}}