{"mean":{"confidence_interval":{"confidence_level":0.95,"lower_bound":-0.019069118185628828,"upper_bound":-0.0006766701324815825},"point_estimate":-0.010997830180928037,"standard_error":0.004671463086898458},"median":{"confidence_interval":{"confidence_level":0.95,"lower_bound":-0.023681460871135318,"upper_bound":-0.011253507851049753},"point_estimate":-0.016534540298395406,"standard_error":0.0032088619609428348}}