{"mean":{"confidence_interval":{"confidence_level":0.95,"lower_bound":0.02113466616990203,"upper_bound":0.03264782634365102},"point_estimate":0.02725317458427101,"standard_error":0.0029325331082523123},"median":{"confidence_interval":{"confidence_level":0.95,"lower_bound":0.021827781090436593,"upper_bound":0.035081950641290716},"point_estimate":0.02990916206553962,"standard_error":0.0034399970237125187}}