{"mean":{"confidence_interval":{"confidence_level":0.95,"lower_bound":-0.00958809648279941,"upper_bound":0.0015837211078707039},"point_estimate":-0.0036296703311103906,"standard_error":0.002871341477342578},"median":{"confidence_interval":{"confidence_level":0.95,"lower_bound":-0.009216296787015521,"upper_bound":0.0043506982250336446},"point_estimate":-0.003139367399230375,"standard_error":0.0034275961772607675}}