{"mean":{"confidence_interval":{"confidence_level":0.95,"lower_bound":0.04915785051663954,"upper_bound":0.057393506168907725},"point_estimate":0.05299210883976069,"standard_error":0.0021242980276247507},"median":{"confidence_interval":{"confidence_level":0.95,"lower_bound":0.047603365625592975,"upper_bound":0.05743531364240284},"point_estimate":0.051184997972841595,"standard_error":0.0026778995323615156}}