{"mean":{"confidence_interval":{"confidence_level":0.95,"lower_bound":0.042368810056894066,"upper_bound":0.05116945895997471},"point_estimate":0.04693045049056743,"standard_error":0.002240503625822809},"median":{"confidence_interval":{"confidence_level":0.95,"lower_bound":0.043330247734188365,"upper_bound":0.05471086256501634},"point_estimate":0.048564253911879574,"standard_error":0.0027331104848759007}}