{"mean":{"confidence_interval":{"confidence_level":0.95,"lower_bound":-0.07103474792632228,"upper_bound":-0.061696142152536715},"point_estimate":-0.06683706960181279,"standard_error":0.002390380956441682},"median":{"confidence_interval":{"confidence_level":0.95,"lower_bound":-0.07474362324026629,"upper_bound":-0.061041384036074064},"point_estimate":-0.06903230678282113,"standard_error":0.0036022885983266954}}