{"mean":{"confidence_interval":{"confidence_level":0.95,"lower_bound":6660781.5116874995,"upper_bound":6745087.75815625},"point_estimate":6702505.61125,"standard_error":21539.183907467846},"median":{"confidence_interval":{"confidence_level":0.95,"lower_bound":6647979.3125,"upper_bound":6751541.75},"point_estimate":6695299.3125,"standard_error":27743.062660435407},"median_abs_dev":{"confidence_interval":{"confidence_level":0.95,"lower_bound":155113.40840868652,"upper_bound":261993.3918736875},"point_estimate":202994.71585862339,"standard_error":27979.889313092335},"slope":null,"std_dev":{"confidence_interval":{"confidence_level":0.95,"lower_bound":184029.1366297581,"upper_bound":245175.98890038338},"point_estimate":216356.75857035888,"standard_error":15611.37968944032}}