{"mean":{"confidence_interval":{"confidence_level":0.95,"lower_bound":1465421.6568749999,"upper_bound":1487527.04775},"point_estimate":1476274.515,"standard_error":5657.165802925305},"median":{"confidence_interval":{"confidence_level":0.95,"lower_bound":1465036.0,"upper_bound":1487004.75},"point_estimate":1476996.75,"standard_error":6188.79344810163},"median_abs_dev":{"confidence_interval":{"confidence_level":0.95,"lower_bound":41476.206842400155,"upper_bound":73445.03749608994},"point_estimate":56679.79699373245,"standard_error":8422.099314918141},"slope":null,"std_dev":{"confidence_interval":{"confidence_level":0.95,"lower_bound":47617.7861226526,"upper_bound":65948.53151282876},"point_estimate":56867.64492899258,"standard_error":4703.62814179537}}