{"mean":{"confidence_interval":{"confidence_level":0.95,"lower_bound":458811.20464567427,"upper_bound":461038.4705428973},"point_estimate":459684.8829728394,"standard_error":590.8998885120828},"median":{"confidence_interval":{"confidence_level":0.95,"lower_bound":458334.16228070174,"upper_bound":459392.29258503404},"point_estimate":459077.2841666667,"standard_error":319.9064276263072},"median_abs_dev":{"confidence_interval":{"confidence_level":0.95,"lower_bound":1388.2481571578007,"upper_bound":2517.3446834900064},"point_estimate":1885.8901168672608,"standard_error":297.50135523878436},"slope":{"confidence_interval":{"confidence_level":0.95,"lower_bound":458950.6990011381,"upper_bound":460038.58366059425},"point_estimate":459491.1861593025,"standard_error":276.99568304986127},"std_dev":{"confidence_interval":{"confidence_level":0.95,"lower_bound":1876.7374901023836,"upper_bound":9809.701135921732},"point_estimate":5966.624717582879,"standard_error":2661.3032125761456}}