{"mean":{"confidence_interval":{"confidence_level":0.95,"lower_bound":-0.004010879126510344,"upper_bound":0.008177921126774016},"point_estimate":0.002224300646417543,"standard_error":0.0031008477311519275},"median":{"confidence_interval":{"confidence_level":0.95,"lower_bound":-0.004998677283301944,"upper_bound":0.008857310327874254},"point_estimate":0.0034241461609747503,"standard_error":0.0036015428033402326}}