{"mean":{"confidence_interval":{"confidence_level":0.95,"lower_bound":-0.01956625214519141,"upper_bound":0.008212383208458695},"point_estimate":-0.0050504248165536,"standard_error":0.007107029574653831},"median":{"confidence_interval":{"confidence_level":0.95,"lower_bound":-0.028654120254479887,"upper_bound":0.016060028396471582},"point_estimate":-0.011873059102097239,"standard_error":0.011758273801656245}}