{"mean":{"confidence_interval":{"confidence_level":0.95,"lower_bound":-0.005875299423446672,"upper_bound":0.008820918827861929},"point_estimate":0.001356945134651566,"standard_error":0.003753849650074952},"median":{"confidence_interval":{"confidence_level":0.95,"lower_bound":-0.009669053684582294,"upper_bound":0.011857874053478776},"point_estimate":0.002499160593780747,"standard_error":0.005469487705062984}}