{"mean":{"confidence_interval":{"confidence_level":0.95,"lower_bound":0.00849804283593817,"upper_bound":0.021517720375735152},"point_estimate":0.014780295949816447,"standard_error":0.003287161977269422},"median":{"confidence_interval":{"confidence_level":0.95,"lower_bound":0.00427026161288202,"upper_bound":0.02249599233791444},"point_estimate":0.012606195853017699,"standard_error":0.004466431977407092}}