{"mean":{"confidence_interval":{"confidence_level":0.95,"lower_bound":0.029222163099237065,"upper_bound":0.05420065089739395},"point_estimate":0.041956625769839384,"standard_error":0.006336256165266863},"median":{"confidence_interval":{"confidence_level":0.95,"lower_bound":0.026669292854862192,"upper_bound":0.056155280671886354},"point_estimate":0.04130285616298868,"standard_error":0.007352338325164572}}