{"mean":{"confidence_interval":{"confidence_level":0.95,"lower_bound":0.0007400904750016264,"upper_bound":0.026821982802746912},"point_estimate":0.013842369783681585,"standard_error":0.006666556829299561},"median":{"confidence_interval":{"confidence_level":0.95,"lower_bound":-0.0005126562171007265,"upper_bound":0.03215643765842091},"point_estimate":0.014198411363952834,"standard_error":0.008097167021202355}}