{"mean":{"confidence_interval":{"confidence_level":0.95,"lower_bound":-0.05539061747497022,"upper_bound":-0.032088272680982174},"point_estimate":-0.044702223225963844,"standard_error":0.005908436860759768},"median":{"confidence_interval":{"confidence_level":0.95,"lower_bound":-0.058529010776952495,"upper_bound":-0.03197972257885706},"point_estimate":-0.04525445809986717,"standard_error":0.006713067137315121}}