{"mean":{"confidence_interval":{"confidence_level":0.95,"lower_bound":-0.035220019255017186,"upper_bound":-0.016329987460810748},"point_estimate":-0.02623122879564377,"standard_error":0.004822074664380683},"median":{"confidence_interval":{"confidence_level":0.95,"lower_bound":-0.03392723534247977,"upper_bound":-0.010463500074495232},"point_estimate":-0.023361037120202433,"standard_error":0.0056994820446383656}}