{"mean":{"confidence_interval":{"confidence_level":0.95,"lower_bound":-0.045933533508360276,"upper_bound":-0.03570541793940594},"point_estimate":-0.04119240132283364,"standard_error":0.0025931353403579904},"median":{"confidence_interval":{"confidence_level":0.95,"lower_bound":-0.048871723140684664,"upper_bound":-0.041686136749901403},"point_estimate":-0.04519391705153908,"standard_error":0.0018446217851124738}}