{"mean":{"confidence_interval":{"confidence_level":0.95,"lower_bound":0.001382239976611999,"upper_bound":0.01373853062488429},"point_estimate":0.007077011363779029,"standard_error":0.003206117164118232},"median":{"confidence_interval":{"confidence_level":0.95,"lower_bound":-0.0009256895928322351,"upper_bound":0.012724603551127034},"point_estimate":0.004529412314882242,"standard_error":0.003440981116946252}}