{"mean":{"confidence_interval":{"confidence_level":0.95,"lower_bound":0.0006247811316199902,"upper_bound":0.007855717748246345},"point_estimate":0.004202194758514688,"standard_error":0.0018379565205787938},"median":{"confidence_interval":{"confidence_level":0.95,"lower_bound":-0.0015915637208390176,"upper_bound":0.007105278295977513},"point_estimate":0.0020963776350158003,"standard_error":0.0022028939416871706}}