{"mean":{"confidence_interval":{"confidence_level":0.95,"lower_bound":0.0012473186052688226,"upper_bound":0.011673798514549387},"point_estimate":0.006070167789564707,"standard_error":0.0026715590765329896},"median":{"confidence_interval":{"confidence_level":0.95,"lower_bound":-0.0009534259510334264,"upper_bound":0.010220282358969879},"point_estimate":0.0035893201907557515,"standard_error":0.0028453998982959556}}