{"mean":{"confidence_interval":{"confidence_level":0.95,"lower_bound":0.03630670698666827,"upper_bound":0.050104381388905946},"point_estimate":0.04385948013640473,"standard_error":0.003526371373140747},"median":{"confidence_interval":{"confidence_level":0.95,"lower_bound":0.0379166320130655,"upper_bound":0.053658139305620134},"point_estimate":0.04818092714737654,"standard_error":0.003916632550155459}}