{"mean":{"confidence_interval":{"confidence_level":0.95,"lower_bound":-0.01462508168412803,"upper_bound":-0.003913370483864302},"point_estimate":-0.009005891602422822,"standard_error":0.0027360460025428936},"median":{"confidence_interval":{"confidence_level":0.95,"lower_bound":-0.009798623686233077,"upper_bound":-0.00123181292838892},"point_estimate":-0.0048426366408030885,"standard_error":0.002169060874861469}}