{"mean":{"confidence_interval":{"confidence_level":0.95,"lower_bound":-0.008564680374794464,"upper_bound":0.0023701584217008897},"point_estimate":-0.0035665092043836166,"standard_error":0.0028183402735495306},"median":{"confidence_interval":{"confidence_level":0.95,"lower_bound":-0.007731686860932285,"upper_bound":-0.0003168992677382501},"point_estimate":-0.0034350220143113397,"standard_error":0.0019073511683209397}}