{"mean":{"confidence_interval":{"confidence_level":0.95,"lower_bound":-0.058359831404723894,"upper_bound":-0.04951214221928865},"point_estimate":-0.05387944136411893,"standard_error":0.002260072600785121},"median":{"confidence_interval":{"confidence_level":0.95,"lower_bound":-0.059022401104310895,"upper_bound":-0.048807151792575554},"point_estimate":-0.0533987942565296,"standard_error":0.002554420475206126}}