{"mean":{"confidence_interval":{"confidence_level":0.95,"lower_bound":0.04433635087573616,"upper_bound":0.053054489912488366},"point_estimate":0.04883601121323555,"standard_error":0.0022197298251060028},"median":{"confidence_interval":{"confidence_level":0.95,"lower_bound":0.04448660503782964,"upper_bound":0.05387279833322567},"point_estimate":0.04920536998611169,"standard_error":0.0023738898058956333}}