{"mean":{"confidence_interval":{"confidence_level":0.95,"lower_bound":45242451.5905,"upper_bound":46107811.732750006},"point_estimate":45681204.935,"standard_error":220803.23484134363},"median":{"confidence_interval":{"confidence_level":0.95,"lower_bound":45425484.5,"upper_bound":46150554.88124998},"point_estimate":45920750.25,"standard_error":194192.4059042738},"median_abs_dev":{"confidence_interval":{"confidence_level":0.95,"lower_bound":1310124.6709406376,"upper_bound":2326253.102950752},"point_estimate":1677020.3505769372,"standard_error":266429.6643066286},"slope":null,"std_dev":{"confidence_interval":{"confidence_level":0.95,"lower_bound":1772391.1444254462,"upper_bound":2629188.197781731},"point_estimate":2211353.9090240756,"standard_error":219083.6113234094}}