{"mean":{"confidence_interval":{"confidence_level":0.95,"lower_bound":0.010285910457200459,"upper_bound":0.025227545483771794},"point_estimate":0.018380146111304674,"standard_error":0.0038232006271445573},"median":{"confidence_interval":{"confidence_level":0.95,"lower_bound":0.010706693741701967,"upper_bound":0.028653226872208393},"point_estimate":0.024505584675858172,"standard_error":0.005466407032004367}}