{"mean":{"confidence_interval":{"confidence_level":0.95,"lower_bound":-0.004185204086296453,"upper_bound":0.009653549184038839},"point_estimate":0.0027459651435903787,"standard_error":0.003518347966373533},"median":{"confidence_interval":{"confidence_level":0.95,"lower_bound":-0.0031324548443347755,"upper_bound":0.008145932140924073},"point_estimate":0.0019987731328319214,"standard_error":0.0028726104392080656}}