{"mean":{"confidence_interval":{"confidence_level":0.95,"lower_bound":-0.029581059784881365,"upper_bound":-0.018665434782438182},"point_estimate":-0.023778518003501836,"standard_error":0.002769908777585435},"median":{"confidence_interval":{"confidence_level":0.95,"lower_bound":-0.027868181517888835,"upper_bound":-0.01957197628922769},"point_estimate":-0.02311792999637896,"standard_error":0.002113738227891166}}