{"mean":{"confidence_interval":{"confidence_level":0.95,"lower_bound":0.07030703257144517,"upper_bound":0.08485268771854179},"point_estimate":0.07792186426408976,"standard_error":0.003690368023332127},"median":{"confidence_interval":{"confidence_level":0.95,"lower_bound":0.07354308667313592,"upper_bound":0.08460072706711186},"point_estimate":0.07949657716558978,"standard_error":0.0027901712101283784}}