{"mean":{"confidence_interval":{"confidence_level":0.95,"lower_bound":-0.01170832288802402,"upper_bound":0.0011855785982938121},"point_estimate":-0.005494239850286187,"standard_error":0.0032931105713405206},"median":{"confidence_interval":{"confidence_level":0.95,"lower_bound":-0.009915051466843572,"upper_bound":0.0002346679591884726},"point_estimate":-0.004845834542326122,"standard_error":0.002555094082590178}}