{"mean":{"confidence_interval":{"confidence_level":0.95,"lower_bound":-0.022803100597351595,"upper_bound":-0.013897026647179985},"point_estimate":-0.01822203152170565,"standard_error":0.002259813469671626},"median":{"confidence_interval":{"confidence_level":0.95,"lower_bound":-0.024456698036762536,"upper_bound":-0.01230669065476464},"point_estimate":-0.016814866531344896,"standard_error":0.003341746387462371}}