{"mean":{"confidence_interval":{"confidence_level":0.95,"lower_bound":0.02206576010601362,"upper_bound":0.033433055253429746},"point_estimate":0.02742247418593169,"standard_error":0.002911418982154504},"median":{"confidence_interval":{"confidence_level":0.95,"lower_bound":0.01628578360893629,"upper_bound":0.032173023885644136},"point_estimate":0.0266640297711922,"standard_error":0.0040171087533435006}}