{"mean":{"confidence_interval":{"confidence_level":0.95,"lower_bound":-0.062331790610407674,"upper_bound":-0.05089586555883824},"point_estimate":-0.05692581611191061,"standard_error":0.002884163755549944},"median":{"confidence_interval":{"confidence_level":0.95,"lower_bound":-0.06603466100974686,"upper_bound":-0.052249829891506505},"point_estimate":-0.05983641165502063,"standard_error":0.0035314883621208127}}