{"mean":{"confidence_interval":{"confidence_level":0.95,"lower_bound":-0.03517339314235298,"upper_bound":-0.021877189788013226},"point_estimate":-0.028723442233726026,"standard_error":0.0033956326764071495},"median":{"confidence_interval":{"confidence_level":0.95,"lower_bound":-0.03932290244534842,"upper_bound":-0.018761898784223185},"point_estimate":-0.03539932474207086,"standard_error":0.005762660567714813}}