{"mean":{"confidence_interval":{"confidence_level":0.95,"lower_bound":0.0013638771420535882,"upper_bound":0.006187670457216565},"point_estimate":0.0037449613364275436,"standard_error":0.0012328449143602592},"median":{"confidence_interval":{"confidence_level":0.95,"lower_bound":-0.00008464379661388133,"upper_bound":0.006793344639810073},"point_estimate":0.002611216431544827,"standard_error":0.00163797881668358}}