{"mean":{"confidence_interval":{"confidence_level":0.95,"lower_bound":0.01813597574566076,"upper_bound":0.02360969854405082},"point_estimate":0.020831705846425796,"standard_error":0.001385978806533263},"median":{"confidence_interval":{"confidence_level":0.95,"lower_bound":0.01735205102187609,"upper_bound":0.023158336210717057},"point_estimate":0.019392103775476954,"standard_error":0.0013623213384313644}}