{"mean":{"confidence_interval":{"confidence_level":0.95,"lower_bound":-0.021497335776002102,"upper_bound":-0.014499289233993838},"point_estimate":-0.017717345746224522,"standard_error":0.0017964415488249874},"median":{"confidence_interval":{"confidence_level":0.95,"lower_bound":-0.020172211979281984,"upper_bound":-0.013849134646466858},"point_estimate":-0.01637731341204307,"standard_error":0.0016172486459136396}}