{"mean":{"confidence_interval":{"confidence_level":0.95,"lower_bound":-0.00755283679875039,"upper_bound":-0.002909919333665929},"point_estimate":-0.005181295635428462,"standard_error":0.0011846261557210528},"median":{"confidence_interval":{"confidence_level":0.95,"lower_bound":-0.007214626658077594,"upper_bound":-0.002149388902714655},"point_estimate":-0.0048887113893588685,"standard_error":0.0012673470245727738}}