{"mean":{"confidence_interval":{"confidence_level":0.95,"lower_bound":0.01160448078602856,"upper_bound":0.01847625176463991},"point_estimate":0.014952457251311335,"standard_error":0.0017668797307487528},"median":{"confidence_interval":{"confidence_level":0.95,"lower_bound":0.010600856224169508,"upper_bound":0.017055987111254778},"point_estimate":0.013654049686873115,"standard_error":0.001660344078431303}}