{"mean":{"confidence_interval":{"confidence_level":0.95,"lower_bound":-0.007179658799992219,"upper_bound":-0.0033556055058516832},"point_estimate":-0.005215835971641325,"standard_error":0.0009737107917445587},"median":{"confidence_interval":{"confidence_level":0.95,"lower_bound":-0.0077302866721178365,"upper_bound":-0.003667467410428646},"point_estimate":-0.006127708195219128,"standard_error":0.0010838346035915974}}