{"mean":{"confidence_interval":{"confidence_level":0.95,"lower_bound":0.00014393082799908367,"upper_bound":0.004142003280523331},"point_estimate":0.0021344527207090014,"standard_error":0.001025389055937573},"median":{"confidence_interval":{"confidence_level":0.95,"lower_bound":-0.00012785418870830956,"upper_bound":0.005623506135642664},"point_estimate":0.0029658012857465277,"standard_error":0.0014322329642766861}}