{"mean":{"confidence_interval":{"confidence_level":0.95,"lower_bound":-0.0012287300937817874,"upper_bound":0.005009551720314013},"point_estimate":0.0017365173735628403,"standard_error":0.0016010709315893048},"median":{"confidence_interval":{"confidence_level":0.95,"lower_bound":-0.002643812584119276,"upper_bound":0.006323843116432748},"point_estimate":-0.000027088453918411304,"standard_error":0.002210428994703423}}