{"mean":{"confidence_interval":{"confidence_level":0.95,"lower_bound":-0.03875365884154861,"upper_bound":-0.01911626068525964},"point_estimate":-0.028717185858766814,"standard_error":0.005019642127279366},"median":{"confidence_interval":{"confidence_level":0.95,"lower_bound":-0.04317034790267694,"upper_bound":-0.021072898978576227},"point_estimate":-0.02997737463424255,"standard_error":0.005829539623432554}}