{"mean":{"confidence_interval":{"confidence_level":0.95,"lower_bound":-0.032605019732923256,"upper_bound":-0.012809615688280422},"point_estimate":-0.0227390365472947,"standard_error":0.005015691651469181},"median":{"confidence_interval":{"confidence_level":0.95,"lower_bound":-0.03673524182481688,"upper_bound":-0.006269566958985617},"point_estimate":-0.022765597319335695,"standard_error":0.007914578607610115}}