{"mean":{"confidence_interval":{"confidence_level":0.95,"lower_bound":-0.09292139268589783,"upper_bound":-0.06544031222553612},"point_estimate":-0.07984117131083168,"standard_error":0.006998127420696463},"median":{"confidence_interval":{"confidence_level":0.95,"lower_bound":-0.09474168896672153,"upper_bound":-0.06291972104353849},"point_estimate":-0.08389944327395815,"standard_error":0.008173662670852922}}