{"mean":{"confidence_interval":{"confidence_level":0.95,"lower_bound":0.009538784878404755,"upper_bound":0.03460149132310782},"point_estimate":0.021805791283106224,"standard_error":0.006375745608115117},"median":{"confidence_interval":{"confidence_level":0.95,"lower_bound":0.0110459077517584,"upper_bound":0.045400013417105756},"point_estimate":0.025836049305959286,"standard_error":0.00887599889812672}}