{"mean":{"confidence_interval":{"confidence_level":0.95,"lower_bound":0.09540669534535515,"upper_bound":0.11801663689897143},"point_estimate":0.10668493583282856,"standard_error":0.0057673022054259455},"median":{"confidence_interval":{"confidence_level":0.95,"lower_bound":0.09221300689722045,"upper_bound":0.12592714986184325},"point_estimate":0.11013743953462507,"standard_error":0.008820109372521577}}