{"mean":{"confidence_interval":{"confidence_level":0.95,"lower_bound":0.00140770574202208,"upper_bound":0.022475221631852456},"point_estimate":0.01136415394930923,"standard_error":0.005382698673523264},"median":{"confidence_interval":{"confidence_level":0.95,"lower_bound":-0.006838544593815721,"upper_bound":0.021191615404573927},"point_estimate":0.012093428769121894,"standard_error":0.00724527126353207}}