{"mean":{"confidence_interval":{"confidence_level":0.95,"lower_bound":-0.003342912370863781,"upper_bound":0.027787315807143633},"point_estimate":0.013138601096851943,"standard_error":0.007940780418490227},"median":{"confidence_interval":{"confidence_level":0.95,"lower_bound":-0.0011557117718136167,"upper_bound":0.033282954773425466},"point_estimate":0.016605031388009506,"standard_error":0.009173169240256457}}