{"mean":{"confidence_interval":{"confidence_level":0.95,"lower_bound":-0.013487285711666373,"upper_bound":0.013214436209015723},"point_estimate":-0.00013032104134125255,"standard_error":0.006910095516689049},"median":{"confidence_interval":{"confidence_level":0.95,"lower_bound":-0.020771363416005606,"upper_bound":0.020084604851935417},"point_estimate":0.003606377964483931,"standard_error":0.010519598097561452}}