{"mean":{"confidence_interval":{"confidence_level":0.95,"lower_bound":94368487.46666667,"upper_bound":94698749.43333332},"point_estimate":94526223.8,"standard_error":84609.73422556129},"median":{"confidence_interval":{"confidence_level":0.95,"lower_bound":94328986.83333334,"upper_bound":94720726.0},"point_estimate":94515714.0,"standard_error":71020.04175257827},"median_abs_dev":{"confidence_interval":{"confidence_level":0.95,"lower_bound":12188.948583595542,"upper_bound":533630.2317261659},"point_estimate":127045.47434449196,"standard_error":149514.1013531823},"slope":null,"std_dev":{"confidence_interval":{"confidence_level":0.95,"lower_bound":128870.36307260276,"upper_bound":367892.04559768375},"point_estimate":282834.97883701226,"standard_error":62068.91117753656}}