{"mean":{"confidence_interval":{"confidence_level":0.95,"lower_bound":58981780.87175,"upper_bound":59166002.6005},"point_estimate":59067413.59,"standard_error":47211.92971193894},"median":{"confidence_interval":{"confidence_level":0.95,"lower_bound":58902536.5,"upper_bound":59033301.0},"point_estimate":58970454.0,"standard_error":33348.45835941848},"median_abs_dev":{"confidence_interval":{"confidence_level":0.95,"lower_bound":206356.41863644123,"upper_bound":366066.53560101986},"point_estimate":289342.7282631397,"standard_error":40327.346771222474},"slope":null,"std_dev":{"confidence_interval":{"confidence_level":0.95,"lower_bound":304517.4124035182,"upper_bound":646742.1164019046},"point_estimate":475166.5051245135,"standard_error":90146.92311775211}}