{"mean":{"confidence_interval":{"confidence_level":0.95,"lower_bound":89635724.96666667,"upper_bound":90225019.56666668},"point_estimate":89931203.83333334,"standard_error":150704.36026727926},"median":{"confidence_interval":{"confidence_level":0.95,"lower_bound":89552741.33333334,"upper_bound":90290138.83333333},"point_estimate":89937963.16666666,"standard_error":175826.32722296196},"median_abs_dev":{"confidence_interval":{"confidence_level":0.95,"lower_bound":128405.75982034206,"upper_bound":866778.847211592},"point_estimate":434124.54609274864,"standard_error":196542.0122842609},"slope":null,"std_dev":{"confidence_interval":{"confidence_level":0.95,"lower_bound":272140.62107959116,"upper_bound":648707.5532973276},"point_estimate":503347.93135664734,"standard_error":96698.04105210936}}