{"mean":{"confidence_interval":{"confidence_level":0.95,"lower_bound":89901051.8,"upper_bound":91276518.63333334},"point_estimate":90483842.26666668,"standard_error":360532.1517871405},"median":{"confidence_interval":{"confidence_level":0.95,"lower_bound":89730035.16666666,"upper_bound":90749836.0},"point_estimate":90224485.83333333,"standard_error":272571.6477438065},"median_abs_dev":{"confidence_interval":{"confidence_level":0.95,"lower_bound":206021.5981423818,"upper_bound":1305932.6195150504},"point_estimate":755328.3477902412,"standard_error":291358.8660131943},"slope":null,"std_dev":{"confidence_interval":{"confidence_level":0.95,"lower_bound":377468.5486654265,"upper_bound":1775820.7323356387},"point_estimate":1208225.6223515158,"standard_error":436483.0942948569}}