{"mean":{"confidence_interval":{"confidence_level":0.95,"lower_bound":27367050.8835,"upper_bound":27615866.378125},"point_estimate":27490608.205,"standard_error":63571.47564953071},"median":{"confidence_interval":{"confidence_level":0.95,"lower_bound":27366520.0,"upper_bound":27589643.0},"point_estimate":27487171.75,"standard_error":61385.93895483493},"median_abs_dev":{"confidence_interval":{"confidence_level":0.95,"lower_bound":445912.3278334737,"upper_bound":690006.4755499363},"point_estimate":550054.2271345854,"standard_error":63752.632813379256},"slope":null,"std_dev":{"confidence_interval":{"confidence_level":0.95,"lower_bound":518882.0569078613,"upper_bound":754716.4812154406},"point_estimate":639726.6825371049,"standard_error":60463.27940908693}}