{"mean":{"confidence_interval":{"confidence_level":0.95,"lower_bound":26141674.420654766,"upper_bound":26393859.209796876},"point_estimate":26280144.241815478,"standard_error":64734.97016257284},"median":{"confidence_interval":{"confidence_level":0.95,"lower_bound":26184387.17857143,"upper_bound":26428242.65625},"point_estimate":26329017.166666664,"standard_error":82561.80300770875},"median_abs_dev":{"confidence_interval":{"confidence_level":0.95,"lower_bound":25769.741945620626,"upper_bound":333526.3618818484},"point_estimate":186501.62511393428,"standard_error":75590.93566541706},"slope":{"confidence_interval":{"confidence_level":0.95,"lower_bound":26267829.68015325,"upper_bound":26420544.70777027},"point_estimate":26348635.906493507,"standard_error":38759.40297082491},"std_dev":{"confidence_interval":{"confidence_level":0.95,"lower_bound":97560.43952591311,"upper_bound":298397.2978068202},"point_estimate":214582.45421437107,"standard_error":59624.15276358135}}