{"mean":{"confidence_interval":{"confidence_level":0.95,"lower_bound":7809378.1800714275,"upper_bound":7835735.333392856},"point_estimate":7821692.6128571415,"standard_error":6719.835316487359},"median":{"confidence_interval":{"confidence_level":0.95,"lower_bound":7797387.571428572,"upper_bound":7832417.142857143},"point_estimate":7814506.642857143,"standard_error":8750.789240629058},"median_abs_dev":{"confidence_interval":{"confidence_level":0.95,"lower_bound":46666.63447150202,"upper_bound":70476.13104879856},"point_estimate":61621.30270600319,"standard_error":6316.554946260936},"slope":null,"std_dev":{"confidence_interval":{"confidence_level":0.95,"lower_bound":47954.27792341786,"upper_bound":91571.4391681746},"point_estimate":67701.28664403046,"standard_error":12719.291831950599}}