{"mean":{"confidence_interval":{"confidence_level":0.95,"lower_bound":7824721.83635714,"upper_bound":7843113.5962499995},"point_estimate":7833832.245714286,"standard_error":4685.221937100995},"median":{"confidence_interval":{"confidence_level":0.95,"lower_bound":7818843.285714285,"upper_bound":7844118.714285715},"point_estimate":7830385.714285715,"standard_error":6554.313180802535},"median_abs_dev":{"confidence_interval":{"confidence_level":0.95,"lower_bound":33873.17339863076,"upper_bound":55158.75532073624},"point_estimate":41898.592956150984,"standard_error":5600.472102211617},"slope":null,"std_dev":{"confidence_interval":{"confidence_level":0.95,"lower_bound":39167.63395272259,"upper_bound":54607.38432756325},"point_estimate":47164.64384332714,"standard_error":3967.0356051646268}}