{"mean":{"confidence_interval":{"confidence_level":0.95,"lower_bound":7667391.272107145,"upper_bound":7687703.516178571},"point_estimate":7677029.080000001,"standard_error":5184.444363050015},"median":{"confidence_interval":{"confidence_level":0.95,"lower_bound":7670038.857142856,"upper_bound":7680030.285714285},"point_estimate":7673823.642857143,"standard_error":2392.3586698699146},"median_abs_dev":{"confidence_interval":{"confidence_level":0.95,"lower_bound":23889.02747588439,"upper_bound":50623.587901251456},"point_estimate":40209.06438614621,"standard_error":6793.906611557752},"slope":null,"std_dev":{"confidence_interval":{"confidence_level":0.95,"lower_bound":35668.81169233212,"upper_bound":68043.83940714254},"point_estimate":52279.594409127734,"standard_error":8369.465103216768}}