{"mean":{"confidence_interval":{"confidence_level":0.95,"lower_bound":27370623.668571424,"upper_bound":28120773.764642853},"point_estimate":27747096.55714286,"standard_error":191098.34079519392},"median":{"confidence_interval":{"confidence_level":0.95,"lower_bound":27245478.14285714,"upper_bound":27998449.07142857},"point_estimate":27789549.64285714,"standard_error":225159.48395449226},"median_abs_dev":{"confidence_interval":{"confidence_level":0.95,"lower_bound":598310.7382778658,"upper_bound":1501775.0745381636},"point_estimate":1046411.7543224769,"standard_error":229981.55425962247},"slope":null,"std_dev":{"confidence_interval":{"confidence_level":0.95,"lower_bound":788203.6146493653,"upper_bound":1281821.957883223},"point_estimate":1064105.1829371133,"standard_error":126549.83702603847}}