{"mean":{"confidence_interval":{"confidence_level":0.95,"lower_bound":27637893.972625,"upper_bound":28522290.636125},"point_estimate":28081969.015,"standard_error":225099.41845387884},"median":{"confidence_interval":{"confidence_level":0.95,"lower_bound":27660624.0,"upper_bound":28831010.0},"point_estimate":28005616.75,"standard_error":299465.06154309335},"median_abs_dev":{"confidence_interval":{"confidence_level":0.95,"lower_bound":1969888.7293762346,"upper_bound":3093149.8076856136},"point_estimate":2467047.8388011456,"standard_error":281798.5600152704},"slope":null,"std_dev":{"confidence_interval":{"confidence_level":0.95,"lower_bound":1993169.5598727306,"upper_bound":2511124.3817187618},"point_estimate":2269904.7607430397,"standard_error":131816.50537409857}}