{"mean":{"confidence_interval":{"confidence_level":0.95,"lower_bound":28531948.578874998,"upper_bound":29464115.57025},"point_estimate":28994396.155,"standard_error":238702.3634001772},"median":{"confidence_interval":{"confidence_level":0.95,"lower_bound":28490990.5,"upper_bound":29595004.5},"point_estimate":28873088.25,"standard_error":276026.9074065557},"median_abs_dev":{"confidence_interval":{"confidence_level":0.95,"lower_bound":1715451.1951446533,"upper_bound":2882106.8905323744},"point_estimate":2232264.789569378,"standard_error":295334.6953222694},"slope":null,"std_dev":{"confidence_interval":{"confidence_level":0.95,"lower_bound":2074521.4692780788,"upper_bound":2683651.6267463523},"point_estimate":2398460.949044757,"standard_error":155412.36849975874}}