{"mean":{"confidence_interval":{"confidence_level":0.95,"lower_bound":26411403.436547622,"upper_bound":26971182.595476195},"point_estimate":26692879.909523804,"standard_error":142880.3366912741},"median":{"confidence_interval":{"confidence_level":0.95,"lower_bound":26239379.64285714,"upper_bound":27165116.85714286},"point_estimate":26697806.14285714,"standard_error":250630.70945398347},"median_abs_dev":{"confidence_interval":{"confidence_level":0.95,"lower_bound":500200.63811966113,"upper_bound":1139906.9443626066},"point_estimate":840447.483379071,"standard_error":159864.925198173},"slope":null,"std_dev":{"confidence_interval":{"confidence_level":0.95,"lower_bound":601525.5076481592,"upper_bound":966412.0550826562},"point_estimate":798725.1582891822,"standard_error":93696.79078843756}}