{"mean":{"confidence_interval":{"confidence_level":0.95,"lower_bound":117673961.4615,"upper_bound":117870832.23525},"point_estimate":117771330.07,"standard_error":50155.41705104991},"median":{"confidence_interval":{"confidence_level":0.95,"lower_bound":117576147.0,"upper_bound":117835567.0},"point_estimate":117708452.0,"standard_error":76895.86497480204},"median_abs_dev":{"confidence_interval":{"confidence_level":0.95,"lower_bound":391795.5755442381,"upper_bound":645343.1513428688},"point_estimate":524058.319196105,"standard_error":64837.814441543494},"slope":null,"std_dev":{"confidence_interval":{"confidence_level":0.95,"lower_bound":436922.30816229887,"upper_bound":565606.4950079116},"point_estimate":504674.82157036115,"standard_error":32864.58490547804}}