{"mean":{"confidence_interval":{"confidence_level":0.95,"lower_bound":177938797.35,"upper_bound":180578530.0},"point_estimate":179000842.35,"standard_error":711301.7221144002},"median":{"confidence_interval":{"confidence_level":0.95,"lower_bound":177753293.5,"upper_bound":179128923.0},"point_estimate":178369118.0,"standard_error":346004.68485644297},"median_abs_dev":{"confidence_interval":{"confidence_level":0.95,"lower_bound":105341.6933298111,"upper_bound":1865510.3275805712},"point_estimate":833305.6934058666,"standard_error":530534.4715353253},"slope":null,"std_dev":{"confidence_interval":{"confidence_level":0.95,"lower_bound":508530.2357045813,"upper_bound":3583812.2931359005},"point_estimate":2369550.2170417756,"standard_error":1000008.7369507882}}