{"mean":{"confidence_interval":{"confidence_level":0.95,"lower_bound":168060433.2,"upper_bound":169627589.31625},"point_estimate":168706862.05,"standard_error":414565.051983782},"median":{"confidence_interval":{"confidence_level":0.95,"lower_bound":167862552.75,"upper_bound":168798920.75},"point_estimate":168574090.5,"standard_error":257476.2754381039},"median_abs_dev":{"confidence_interval":{"confidence_level":0.95,"lower_bound":71457.24158138037,"upper_bound":1355159.3864411116},"point_estimate":467907.4397429824,"standard_error":336759.30464338424},"slope":null,"std_dev":{"confidence_interval":{"confidence_level":0.95,"lower_bound":345578.7113660598,"upper_bound":2066353.45374101},"point_estimate":1378597.413014894,"standard_error":550442.3497450312}}