{"mean":{"confidence_interval":{"confidence_level":0.95,"lower_bound":52504233.654285714,"upper_bound":52603017.79678571},"point_estimate":52550484.54289682,"standard_error":25429.69670076088},"median":{"confidence_interval":{"confidence_level":0.95,"lower_bound":52488462.171428576,"upper_bound":52620956.9875},"point_estimate":52529236.66666667,"standard_error":27574.201970951886},"median_abs_dev":{"confidence_interval":{"confidence_level":0.95,"lower_bound":17513.829939069205,"upper_bound":142740.95542584526},"point_estimate":55700.94330776976,"standard_error":31993.796482994145},"slope":{"confidence_interval":{"confidence_level":0.95,"lower_bound":52506181.46181192,"upper_bound":52613095.88225256},"point_estimate":52553429.83506493,"standard_error":27663.808763420042},"std_dev":{"confidence_interval":{"confidence_level":0.95,"lower_bound":34383.609759439205,"upper_bound":107704.29130286683},"point_estimate":84670.62863839816,"standard_error":18702.16664501553}}