{"mean":{"confidence_interval":{"confidence_level":0.95,"lower_bound":-0.03959569774795879,"upper_bound":-0.03673197041418221},"point_estimate":-0.038169524283418466,"standard_error":0.0007287120502719403},"median":{"confidence_interval":{"confidence_level":0.95,"lower_bound":-0.04008650568402716,"upper_bound":-0.03727302778554009},"point_estimate":-0.038623923212955824,"standard_error":0.0007536913596888546}}