{"mean":{"confidence_interval":{"confidence_level":0.95,"lower_bound":-0.0021524808940747153,"upper_bound":0.001981964057279838},"point_estimate":-0.0000962304342954079,"standard_error":0.0010659557013190245},"median":{"confidence_interval":{"confidence_level":0.95,"lower_bound":-0.003229737959923984,"upper_bound":0.0025080811415301163},"point_estimate":0.0001551363457830135,"standard_error":0.0015582921481789899}}