{"mean":{"confidence_interval":{"confidence_level":0.95,"lower_bound":0.00614839763172031,"upper_bound":0.009483983334741295},"point_estimate":0.00783947440577859,"standard_error":0.0008527176433579902},"median":{"confidence_interval":{"confidence_level":0.95,"lower_bound":0.006587367084355034,"upper_bound":0.01079457510319548},"point_estimate":0.008525212700789098,"standard_error":0.0011485260203952517}}