{"mean":{"confidence_interval":{"confidence_level":0.95,"lower_bound":-0.0691211480222249,"upper_bound":-0.0634857592773805},"point_estimate":-0.06629203468378952,"standard_error":0.0014375488170451094},"median":{"confidence_interval":{"confidence_level":0.95,"lower_bound":-0.06835859519220089,"upper_bound":-0.06195063650461441},"point_estimate":-0.06567398561766857,"standard_error":0.0015677917868033946}}