{"mean":{"confidence_interval":{"confidence_level":0.95,"lower_bound":-0.0027032951851820226,"upper_bound":0.003899766450229807},"point_estimate":0.0004150349965230671,"standard_error":0.0017486652491154034},"median":{"confidence_interval":{"confidence_level":0.95,"lower_bound":-0.00405583146184485,"upper_bound":0.004154955302709151},"point_estimate":-0.00021435094283561718,"standard_error":0.0021989458817084266}}