{"mean":{"confidence_interval":{"confidence_level":0.95,"lower_bound":0.04508261986004083,"upper_bound":0.048789780737262534},"point_estimate":0.04684486468515936,"standard_error":0.0009493047622200279},"median":{"confidence_interval":{"confidence_level":0.95,"lower_bound":0.0445713967697072,"upper_bound":0.04730266400866534},"point_estimate":0.04565252584474866,"standard_error":0.0006631037199569567}}