{"mean":{"confidence_interval":{"confidence_level":0.95,"lower_bound":-0.021560827643672304,"upper_bound":-0.017354316382237053},"point_estimate":-0.01943499051963804,"standard_error":0.0010742568771386313},"median":{"confidence_interval":{"confidence_level":0.95,"lower_bound":-0.02366745455664765,"upper_bound":-0.01678074143952457},"point_estimate":-0.020187526406728606,"standard_error":0.0017308345227599097}}