{"mean":{"confidence_interval":{"confidence_level":0.95,"lower_bound":0.020445296542280573,"upper_bound":0.02571535725097994},"point_estimate":0.023012048856973166,"standard_error":0.0013377105668838647},"median":{"confidence_interval":{"confidence_level":0.95,"lower_bound":0.020241315057737852,"upper_bound":0.02624715264632238},"point_estimate":0.023721124380223557,"standard_error":0.0016009107452279686}}