{"mean":{"confidence_interval":{"confidence_level":0.95,"lower_bound":15064580.765833333,"upper_bound":15496922.66375},"point_estimate":15221792.633333333,"standard_error":125238.08600995174},"median":{"confidence_interval":{"confidence_level":0.95,"lower_bound":15049645.625,"upper_bound":15136091.75},"point_estimate":15091090.75,"standard_error":21161.623690768403},"median_abs_dev":{"confidence_interval":{"confidence_level":0.95,"lower_bound":57942.35596569289,"upper_bound":172493.64991262555},"point_estimate":98538.78335058689,"standard_error":30023.797099141513},"slope":null,"std_dev":{"confidence_interval":{"confidence_level":0.95,"lower_bound":86510.72527882499,"upper_bound":1164819.3333096781},"point_estimate":699694.1111809785,"standard_error":374656.1323483472}}