{"mean":{"confidence_interval":{"confidence_level":0.95,"lower_bound":81175481.295,"upper_bound":82313617.15975},"point_estimate":81747039.29,"standard_error":290250.0934979352},"median":{"confidence_interval":{"confidence_level":0.95,"lower_bound":81076917.0,"upper_bound":82612397.0},"point_estimate":81832851.5,"standard_error":443214.3790863683},"median_abs_dev":{"confidence_interval":{"confidence_level":0.95,"lower_bound":2097293.3357656,"upper_bound":3591069.889345765},"point_estimate":2696580.2602261305,"standard_error":379814.50561181817},"slope":null,"std_dev":{"confidence_interval":{"confidence_level":0.95,"lower_bound":2514786.9641919686,"upper_bound":3257202.0455563986},"point_estimate":2911941.2218062836,"standard_error":189378.21494768042}}