{"mean":{"confidence_interval":{"confidence_level":0.95,"lower_bound":80382429.3885,"upper_bound":81783684.08850001},"point_estimate":81093201.26,"standard_error":357468.21441467834},"median":{"confidence_interval":{"confidence_level":0.95,"lower_bound":80311384.0,"upper_bound":82429925.5},"point_estimate":81566589.0,"standard_error":503505.1521714444},"median_abs_dev":{"confidence_interval":{"confidence_level":0.95,"lower_bound":2984888.0039801467,"upper_bound":4673584.329727292},"point_estimate":4066452.2275060415,"standard_error":424342.4407900655},"slope":null,"std_dev":{"confidence_interval":{"confidence_level":0.95,"lower_bound":3064472.30273826,"upper_bound":4079348.3461833415},"point_estimate":3585558.6544510857,"standard_error":260314.9546991663}}