{"mean":{"confidence_interval":{"confidence_level":0.95,"lower_bound":85049623.125,"upper_bound":85558775.03083333},"point_estimate":85287586.6,"standard_error":130395.88979613116},"median":{"confidence_interval":{"confidence_level":0.95,"lower_bound":84897450.66666667,"upper_bound":85632812.0},"point_estimate":85182929.5,"standard_error":175392.669441733},"median_abs_dev":{"confidence_interval":{"confidence_level":0.95,"lower_bound":67783.48239661736,"upper_bound":767649.2477715163},"point_estimate":457142.6519840956,"standard_error":161551.86037469452},"slope":null,"std_dev":{"confidence_interval":{"confidence_level":0.95,"lower_bound":216004.76190194653,"upper_bound":567594.8882729578},"point_estimate":435053.26929162163,"standard_error":94568.22280291136}}