{"mean":{"confidence_interval":{"confidence_level":0.95,"lower_bound":66977785.833333336,"upper_bound":67308474.4},"point_estimate":67144559.4,"standard_error":84805.18147974378},"median":{"confidence_interval":{"confidence_level":0.95,"lower_bound":66865051.333333336,"upper_bound":67365641.0},"point_estimate":67167818.5,"standard_error":113127.19742602458},"median_abs_dev":{"confidence_interval":{"confidence_level":0.95,"lower_bound":59511.31584345558,"upper_bound":501774.1002917511},"point_estimate":301536.3717466593,"standard_error":117165.57006067834},"slope":null,"std_dev":{"confidence_interval":{"confidence_level":0.95,"lower_bound":159264.00321983197,"upper_bound":354047.84803127334},"point_estimate":282728.0112707807,"standard_error":49480.512024080235}}