{"mean":{"confidence_interval":{"confidence_level":0.95,"lower_bound":61461733.78675,"upper_bound":61736525.42575},"point_estimate":61595570.04,"standard_error":70179.81619828698},"median":{"confidence_interval":{"confidence_level":0.95,"lower_bound":61375194.5,"upper_bound":61674684.5},"point_estimate":61516399.0,"standard_error":74529.0128564171},"median_abs_dev":{"confidence_interval":{"confidence_level":0.95,"lower_bound":479399.44278895855,"upper_bound":792222.8481352329},"point_estimate":632712.1408671141,"standard_error":79127.9267917048},"slope":null,"std_dev":{"confidence_interval":{"confidence_level":0.95,"lower_bound":556946.9212575516,"upper_bound":842903.3951199721},"point_estimate":703234.7682755553,"standard_error":73428.13923899744}}