{"mean":{"confidence_interval":{"confidence_level":0.95,"lower_bound":178406640.06625,"upper_bound":180636528.45},"point_estimate":179506730.05,"standard_error":572292.8573177891},"median":{"confidence_interval":{"confidence_level":0.95,"lower_bound":177813264.75,"upper_bound":181313014.75},"point_estimate":179219691.0,"standard_error":1203011.2789162877},"median_abs_dev":{"confidence_interval":{"confidence_level":0.95,"lower_bound":227083.90756845474,"upper_bound":2802022.7703541517},"point_estimate":2354297.222752869,"standard_error":778618.4419209863},"slope":null,"std_dev":{"confidence_interval":{"confidence_level":0.95,"lower_bound":1285286.9629032651,"upper_bound":2130938.9520600154},"point_estimate":1893701.9434722364,"standard_error":217522.88329017532}}