{"mean":{"confidence_interval":{"confidence_level":0.95,"lower_bound":-0.06392835617032216,"upper_bound":-0.05034721999775004},"point_estimate":-0.057304813471516836,"standard_error":0.0034546537233737236},"median":{"confidence_interval":{"confidence_level":0.95,"lower_bound":-0.07007024670584387,"upper_bound":-0.05571092048886861},"point_estimate":-0.06262681048928764,"standard_error":0.0036197190499562115}}