{"mean":{"confidence_interval":{"confidence_level":0.95,"lower_bound":-0.008255337805946315,"upper_bound":0.013914318415889597},"point_estimate":0.002909848358652267,"standard_error":0.005658929545242505},"median":{"confidence_interval":{"confidence_level":0.95,"lower_bound":-0.002759917359489661,"upper_bound":0.015878430137125088},"point_estimate":0.003617455072606246,"standard_error":0.00403120354415595}}