{"mean":{"confidence_interval":{"confidence_level":0.95,"lower_bound":-0.006235558083816761,"upper_bound":0.010490154945503458},"point_estimate":0.0023932406036233367,"standard_error":0.004315985692297834},"median":{"confidence_interval":{"confidence_level":0.95,"lower_bound":-0.008285502924272103,"upper_bound":0.014121764164897854},"point_estimate":0.0026747302622021074,"standard_error":0.005393787149684098}}