{"mean":{"confidence_interval":{"confidence_level":0.95,"lower_bound":0.051277770348591926,"upper_bound":0.07598806918557766},"point_estimate":0.0630076982226595,"standard_error":0.006291136264412534},"median":{"confidence_interval":{"confidence_level":0.95,"lower_bound":0.049118033850076515,"upper_bound":0.06853514248777293},"point_estimate":0.06227589612160456,"standard_error":0.004181475985902939}}