{"mean":{"confidence_interval":{"confidence_level":0.95,"lower_bound":-0.7187224415349536,"upper_bound":-0.7129247141268968},"point_estimate":-0.7157055748295542,"standard_error":0.00148362406015095},"median":{"confidence_interval":{"confidence_level":0.95,"lower_bound":-0.717824359366865,"upper_bound":-0.7123094533723021},"point_estimate":-0.7156804134283099,"standard_error":0.0013811094218112332}}