{"mean":{"confidence_interval":{"confidence_level":0.95,"lower_bound":0.0677903270496475,"upper_bound":0.07932059255118999},"point_estimate":0.07358546333087279,"standard_error":0.002931051070937675},"median":{"confidence_interval":{"confidence_level":0.95,"lower_bound":0.06785523179674913,"upper_bound":0.08112882033757174},"point_estimate":0.07404784666068776,"standard_error":0.0033075391974927404}}