{"mean":{"confidence_interval":{"confidence_level":0.95,"lower_bound":-0.07438573903048959,"upper_bound":-0.0628763754585504},"point_estimate":-0.0691104886865821,"standard_error":0.0029432366788120523},"median":{"confidence_interval":{"confidence_level":0.95,"lower_bound":-0.07628769373146915,"upper_bound":-0.06497541795406636},"point_estimate":-0.07028479379297714,"standard_error":0.002882968243811686}}