{"mean":{"confidence_interval":{"confidence_level":0.95,"lower_bound":-0.06171762498436302,"upper_bound":-0.04032002257573955},"point_estimate":-0.05136084107622263,"standard_error":0.005437760293609304},"median":{"confidence_interval":{"confidence_level":0.95,"lower_bound":-0.0649869500425585,"upper_bound":-0.04166432832572131},"point_estimate":-0.05152475441010684,"standard_error":0.005751349471371961}}