{"mean":{"confidence_interval":{"confidence_level":0.95,"lower_bound":15008513.92325,"upper_bound":15111899.707249999},"point_estimate":15057647.52,"standard_error":26390.593303600315},"median":{"confidence_interval":{"confidence_level":0.95,"lower_bound":14943051.0,"upper_bound":15045597.0},"point_estimate":14979771.0,"standard_error":29363.91848846572},"median_abs_dev":{"confidence_interval":{"confidence_level":0.95,"lower_bound":135034.46430265903,"upper_bound":238358.4131982919},"point_estimate":175439.02008533478,"standard_error":26576.54610640016},"slope":null,"std_dev":{"confidence_interval":{"confidence_level":0.95,"lower_bound":192090.43018771947,"upper_bound":332127.1030046998},"point_estimate":265447.8498098569,"standard_error":35818.53569820702}}