{"mean":{"confidence_interval":{"confidence_level":0.95,"lower_bound":14561192.069625,"upper_bound":14596853.869375},"point_estimate":14578706.87,"standard_error":9147.723908235446},"median":{"confidence_interval":{"confidence_level":0.95,"lower_bound":14547063.0,"upper_bound":14585448.0},"point_estimate":14563210.0,"standard_error":9603.329209417096},"median_abs_dev":{"confidence_interval":{"confidence_level":0.95,"lower_bound":57098.631486296654,"upper_bound":105720.8682730794},"point_estimate":82843.98002922535,"standard_error":12388.029252234364},"slope":null,"std_dev":{"confidence_interval":{"confidence_level":0.95,"lower_bound":77554.19771051462,"upper_bound":105344.57248648826},"point_estimate":92220.6757151655,"standard_error":7119.828842823936}}