{"mean":{"confidence_interval":{"confidence_level":0.95,"lower_bound":14989372.954125,"upper_bound":15033607.625625},"point_estimate":15010569.85,"standard_error":11313.080346448014},"median":{"confidence_interval":{"confidence_level":0.95,"lower_bound":14977603.25,"upper_bound":15025845.5},"point_estimate":15000908.5,"standard_error":11958.283190324963},"median_abs_dev":{"confidence_interval":{"confidence_level":0.95,"lower_bound":73060.67345291376,"upper_bound":112313.99035602808},"point_estimate":92178.42946350574,"standard_error":10010.828701764016},"slope":null,"std_dev":{"confidence_interval":{"confidence_level":0.95,"lower_bound":86164.80844367652,"upper_bound":145876.494706652},"point_estimate":114065.92867917185,"standard_error":15957.376735182994}}