{"mean":{"confidence_interval":{"confidence_level":0.95,"lower_bound":15909887.61875,"upper_bound":16033380.99575},"point_estimate":15969912.65,"standard_error":31365.297810276777},"median":{"confidence_interval":{"confidence_level":0.95,"lower_bound":15850277.950000003,"upper_bound":16043733.0},"point_estimate":15976516.5,"standard_error":49410.59369972975},"median_abs_dev":{"confidence_interval":{"confidence_level":0.95,"lower_bound":220891.82877838612,"upper_bound":336747.5651465356},"point_estimate":253279.96650338173,"standard_error":30512.106477604368},"slope":null,"std_dev":{"confidence_interval":{"confidence_level":0.95,"lower_bound":247819.26986254862,"upper_bound":381430.1711059746},"point_estimate":315370.3390121108,"standard_error":34270.45013017765}}