{"mean":{"confidence_interval":{"confidence_level":0.95,"lower_bound":0.005744561408898553,"upper_bound":0.013995791464633655},"point_estimate":0.009953969736743451,"standard_error":0.002115923446721972},"median":{"confidence_interval":{"confidence_level":0.95,"lower_bound":0.003279595545772729,"upper_bound":0.01566591543804363},"point_estimate":0.008555442374652777,"standard_error":0.0030360322082248225}}