{"mean":{"confidence_interval":{"confidence_level":0.95,"lower_bound":0.012163032167020266,"upper_bound":0.023416780292744903},"point_estimate":0.01749287940180677,"standard_error":0.0028712495994567505},"median":{"confidence_interval":{"confidence_level":0.95,"lower_bound":0.0075217786512531415,"upper_bound":0.024386148068464394},"point_estimate":0.01409812127224308,"standard_error":0.004393290308047022}}