{"mean":{"confidence_interval":{"confidence_level":0.95,"lower_bound":-0.016150344790189702,"upper_bound":-0.005910528037723344},"point_estimate":-0.011013633933790734,"standard_error":0.002624372902274678},"median":{"confidence_interval":{"confidence_level":0.95,"lower_bound":-0.01601479514743953,"upper_bound":-0.005445787395825574},"point_estimate":-0.009430426201160746,"standard_error":0.0027124356893736597}}