{"mean":{"confidence_interval":{"confidence_level":0.95,"lower_bound":-0.0024202029106283334,"upper_bound":0.012779761940452562},"point_estimate":0.00521573646561202,"standard_error":0.003910939647716646},"median":{"confidence_interval":{"confidence_level":0.95,"lower_bound":-0.005671977375310888,"upper_bound":0.012313038746646576},"point_estimate":0.005715483068029714,"standard_error":0.004961949752685846}}