{"mean":{"confidence_interval":{"confidence_level":0.95,"lower_bound":0.04176310184595971,"upper_bound":0.052017052741322234},"point_estimate":0.04670002082315339,"standard_error":0.0026274472190298925},"median":{"confidence_interval":{"confidence_level":0.95,"lower_bound":0.041199047000033406,"upper_bound":0.05376925252160358},"point_estimate":0.047680899391636666,"standard_error":0.0031589337121736764}}