{"mean":{"confidence_interval":{"confidence_level":0.95,"lower_bound":-0.03699272253304802,"upper_bound":-0.028706756153099443},"point_estimate":-0.03265750688163349,"standard_error":0.002113116121257995},"median":{"confidence_interval":{"confidence_level":0.95,"lower_bound":-0.03829466936667536,"upper_bound":-0.02671444648062493},"point_estimate":-0.03009183019597106,"standard_error":0.0031585901222475647}}