{"mean":{"confidence_interval":{"confidence_level":0.95,"lower_bound":0.01720925514457065,"upper_bound":0.02882530511467362},"point_estimate":0.023064422987616018,"standard_error":0.002926521568174152},"median":{"confidence_interval":{"confidence_level":0.95,"lower_bound":0.017246365108049,"upper_bound":0.031012788500062394},"point_estimate":0.022811445769049143,"standard_error":0.0038430110216964466}}