{"mean":{"confidence_interval":{"confidence_level":0.95,"lower_bound":27761844.491375,"upper_bound":28076626.946},"point_estimate":27904894.515,"standard_error":80751.1261006799},"median":{"confidence_interval":{"confidence_level":0.95,"lower_bound":27702133.25,"upper_bound":27871360.0},"point_estimate":27771095.25,"standard_error":38126.55080383413},"median_abs_dev":{"confidence_interval":{"confidence_level":0.95,"lower_bound":265005.0805964695,"upper_bound":462820.63923329115},"point_estimate":374526.6217008233,"standard_error":49808.32545181518},"slope":null,"std_dev":{"confidence_interval":{"confidence_level":0.95,"lower_bound":473183.96558541653,"upper_bound":1174648.7372386851},"point_estimate":812148.6795245511,"standard_error":201643.1853170516}}