{"mean":{"confidence_interval":{"confidence_level":0.95,"lower_bound":29008524.155375,"upper_bound":29366359.211124998},"point_estimate":29175013.775,"standard_error":91611.35129784096},"median":{"confidence_interval":{"confidence_level":0.95,"lower_bound":28901018.5,"upper_bound":29162282.0},"point_estimate":29036933.5,"standard_error":63424.27970097212},"median_abs_dev":{"confidence_interval":{"confidence_level":0.95,"lower_bound":386554.21398729086,"upper_bound":670432.8200474381},"point_estimate":501367.4972489476,"standard_error":73190.66090398701},"slope":null,"std_dev":{"confidence_interval":{"confidence_level":0.95,"lower_bound":576304.0456047814,"upper_bound":1236212.703167578},"point_estimate":919286.5178996028,"standard_error":170552.6727532698}}