{"mean":{"confidence_interval":{"confidence_level":0.95,"lower_bound":26594014.467500005,"upper_bound":26834582.671428576},"point_estimate":26715885.419047628,"standard_error":61405.347928326955},"median":{"confidence_interval":{"confidence_level":0.95,"lower_bound":26475948.64285714,"upper_bound":26955790.785714284},"point_estimate":26804831.214285716,"standard_error":152707.65612672555},"median_abs_dev":{"confidence_interval":{"confidence_level":0.95,"lower_bound":170642.17377050055,"upper_bound":554032.3605639598},"point_estimate":431644.15633678436,"standard_error":98947.59273201939},"slope":null,"std_dev":{"confidence_interval":{"confidence_level":0.95,"lower_bound":273437.2608673786,"upper_bound":398160.29166902887},"point_estimate":342718.87172385695,"standard_error":32028.926954964914}}