{"mean":{"confidence_interval":{"confidence_level":0.95,"lower_bound":26240044.37625,"upper_bound":26521404.857499998},"point_estimate":26379317.41,"standard_error":71605.57618541094},"median":{"confidence_interval":{"confidence_level":0.95,"lower_bound":26165128.0,"upper_bound":26561068.5},"point_estimate":26341445.25,"standard_error":82831.6975134815},"median_abs_dev":{"confidence_interval":{"confidence_level":0.95,"lower_bound":492575.30875504017,"upper_bound":801576.3119141756},"point_estimate":664086.1802101135,"standard_error":83474.30053304238},"slope":null,"std_dev":{"confidence_interval":{"confidence_level":0.95,"lower_bound":602189.0145586046,"upper_bound":824965.395529213},"point_estimate":717649.4973369144,"standard_error":56836.97401658603}}