{"mean":{"confidence_interval":{"confidence_level":0.95,"lower_bound":-0.01869587982196751,"upper_bound":-0.006207993906321437},"point_estimate":-0.0123887723273447,"standard_error":0.0031806974972734886},"median":{"confidence_interval":{"confidence_level":0.95,"lower_bound":-0.017906442450410953,"upper_bound":-0.006199424374760953},"point_estimate":-0.01175973395739549,"standard_error":0.0030188809989129283}}