{"mean":{"confidence_interval":{"confidence_level":0.95,"lower_bound":0.04736451834616592,"upper_bound":0.06379012966386825},"point_estimate":0.055797581090479165,"standard_error":0.004123756024043097},"median":{"confidence_interval":{"confidence_level":0.95,"lower_bound":0.0505801562053767,"upper_bound":0.06162641603458319},"point_estimate":0.054848185710388186,"standard_error":0.002830992937079753}}