{"mean":{"confidence_interval":{"confidence_level":0.95,"lower_bound":-0.007064519730104184,"upper_bound":0.007023429126373464},"point_estimate":-0.00023349615251755385,"standard_error":0.003634227839528023},"median":{"confidence_interval":{"confidence_level":0.95,"lower_bound":-0.007994361674979134,"upper_bound":0.005206646355051747},"point_estimate":-0.00153924575047526,"standard_error":0.0032369905592395604}}