{"mean":{"confidence_interval":{"confidence_level":0.95,"lower_bound":-0.036152199676407634,"upper_bound":-0.025342214476128815},"point_estimate":-0.030709352792364752,"standard_error":0.002748605371434991},"median":{"confidence_interval":{"confidence_level":0.95,"lower_bound":-0.038769862528200694,"upper_bound":-0.024693973658557078},"point_estimate":-0.031180764152817342,"standard_error":0.0035134289162401396}}