{"mean":{"confidence_interval":{"confidence_level":0.95,"lower_bound":0.004739919141844895,"upper_bound":0.020895460226821615},"point_estimate":0.013515574874931602,"standard_error":0.0041209311531858256},"median":{"confidence_interval":{"confidence_level":0.95,"lower_bound":0.005914431857217073,"upper_bound":0.024126570998753483},"point_estimate":0.01653363079693948,"standard_error":0.004824937962576267}}