{"mean":{"confidence_interval":{"confidence_level":0.95,"lower_bound":-0.009057255468355572,"upper_bound":0.007490936804779523},"point_estimate":-0.001195938603158253,"standard_error":0.004245517742426362},"median":{"confidence_interval":{"confidence_level":0.95,"lower_bound":-0.013689780436737076,"upper_bound":0.007123715919048479},"point_estimate":-0.002448779047911631,"standard_error":0.005287698546092486}}