{"mean":{"confidence_interval":{"confidence_level":0.95,"lower_bound":-0.04350137861250433,"upper_bound":-0.022539154489657036},"point_estimate":-0.032392965362445625,"standard_error":0.0053422428505813975},"median":{"confidence_interval":{"confidence_level":0.95,"lower_bound":-0.04291367047793083,"upper_bound":-0.01968433424880489},"point_estimate":-0.029559266030670384,"standard_error":0.00518833143174089}}