{"mean":{"confidence_interval":{"confidence_level":0.95,"lower_bound":-0.012540162400645184,"upper_bound":0.0004751267544497665},"point_estimate":-0.006024278243946912,"standard_error":0.0033242932409164095},"median":{"confidence_interval":{"confidence_level":0.95,"lower_bound":-0.010899775685424662,"upper_bound":-0.0003091235439968143},"point_estimate":-0.005746241079099934,"standard_error":0.0026288388639281518}}