{"mean":{"confidence_interval":{"confidence_level":0.95,"lower_bound":0.019070011517030794,"upper_bound":0.03729716785222258},"point_estimate":0.027902078132105546,"standard_error":0.004645309265420857},"median":{"confidence_interval":{"confidence_level":0.95,"lower_bound":0.01918716087589578,"upper_bound":0.03589791943039122},"point_estimate":0.024401005250628716,"standard_error":0.004146601247502684}}