{"mean":{"confidence_interval":{"confidence_level":0.95,"lower_bound":0.05860889420674631,"upper_bound":0.10159629067454976},"point_estimate":0.08051541953167995,"standard_error":0.01104419627308058},"median":{"confidence_interval":{"confidence_level":0.95,"lower_bound":0.04803030943888498,"upper_bound":0.10498674484402959},"point_estimate":0.0805307501741197,"standard_error":0.014900344191007664}}