{"mean":{"confidence_interval":{"confidence_level":0.95,"lower_bound":-0.08675163013135627,"upper_bound":-0.05238264449608792},"point_estimate":-0.06962997103622204,"standard_error":0.008785110321585972},"median":{"confidence_interval":{"confidence_level":0.95,"lower_bound":-0.07677879156325995,"upper_bound":-0.03836793471999089},"point_estimate":-0.05728895388570798,"standard_error":0.009722005306472653}}