{"mean":{"confidence_interval":{"confidence_level":0.95,"lower_bound":0.0695571698870855,"upper_bound":0.11139781702419663},"point_estimate":0.08951494948980887,"standard_error":0.010630337668893347},"median":{"confidence_interval":{"confidence_level":0.95,"lower_bound":0.061264942419636315,"upper_bound":0.12172883514467858},"point_estimate":0.09740368050840886,"standard_error":0.01584302062544654}}