{"mean":{"confidence_interval":{"confidence_level":0.95,"lower_bound":-0.06783358878631787,"upper_bound":-0.019957803761476777},"point_estimate":-0.04473681647504335,"standard_error":0.012214567288267345},"median":{"confidence_interval":{"confidence_level":0.95,"lower_bound":-0.07229007718389324,"upper_bound":-0.018303550310770356},"point_estimate":-0.04556651418144175,"standard_error":0.01401804926968935}}