{"mean":{"confidence_interval":{"confidence_level":0.95,"lower_bound":0.05628103955010524,"upper_bound":0.1014912069881546},"point_estimate":0.07954543636769085,"standard_error":0.011566011083748507},"median":{"confidence_interval":{"confidence_level":0.95,"lower_bound":0.04374508579020864,"upper_bound":0.1097966778568984},"point_estimate":0.07655391813887413,"standard_error":0.017348933498189004}}