{"mean":{"confidence_interval":{"confidence_level":0.95,"lower_bound":-0.0941252026709456,"upper_bound":-0.05502219877763713},"point_estimate":-0.07508625340382802,"standard_error":0.01003635372644626},"median":{"confidence_interval":{"confidence_level":0.95,"lower_bound":-0.0986030555466423,"upper_bound":-0.04832467709544919},"point_estimate":-0.0774268073898805,"standard_error":0.013154918569991368}}