{"mean":{"confidence_interval":{"confidence_level":0.95,"lower_bound":-0.02615546045115768,"upper_bound":0.01873939296537266},"point_estimate":-0.003708746331002044,"standard_error":0.01147888468025528},"median":{"confidence_interval":{"confidence_level":0.95,"lower_bound":-0.03877396509162834,"upper_bound":0.021401096524332308},"point_estimate":-0.008264049418852504,"standard_error":0.01545906309130206}}