{"mean":{"confidence_interval":{"confidence_level":0.95,"lower_bound":-0.031111238748335983,"upper_bound":0.023716466700208324},"point_estimate":-0.004882408910373726,"standard_error":0.013836860730135972},"median":{"confidence_interval":{"confidence_level":0.95,"lower_bound":-0.030740245411876144,"upper_bound":0.023128489258662732},"point_estimate":-0.004975705626089955,"standard_error":0.013554541505555502}}