{"mean":{"confidence_interval":{"confidence_level":0.95,"lower_bound":-0.03536322195376642,"upper_bound":-0.002578819059519263},"point_estimate":-0.01924841255511578,"standard_error":0.008305785693355428},"median":{"confidence_interval":{"confidence_level":0.95,"lower_bound":-0.04841024482692402,"upper_bound":0.008953842986137106},"point_estimate":-0.027074434061874264,"standard_error":0.01518049401699653}}