{"mean":{"confidence_interval":{"confidence_level":0.95,"lower_bound":-0.061739163021848995,"upper_bound":-0.04332526973580015},"point_estimate":-0.05262435633279172,"standard_error":0.004678262662438356},"median":{"confidence_interval":{"confidence_level":0.95,"lower_bound":-0.06746760204509228,"upper_bound":-0.03882583058814981},"point_estimate":-0.05439603670136495,"standard_error":0.008115588585912877}}