{"mean":{"confidence_interval":{"confidence_level":0.95,"lower_bound":0.04931521953900745,"upper_bound":0.06822754155651989},"point_estimate":0.05882145915130721,"standard_error":0.004854215920399242},"median":{"confidence_interval":{"confidence_level":0.95,"lower_bound":0.03973062200558686,"upper_bound":0.08416357257358564},"point_estimate":0.05999468588456547,"standard_error":0.011652180154121623}}