{"mean":{"confidence_interval":{"confidence_level":0.95,"lower_bound":-0.010884960154723988,"upper_bound":0.008182779592855073},"point_estimate":-0.001332019138456264,"standard_error":0.004866997759282486},"median":{"confidence_interval":{"confidence_level":0.95,"lower_bound":-0.013590197512033164,"upper_bound":0.012539925775380212},"point_estimate":-0.0017470781550545933,"standard_error":0.006375658316962712}}