{"mean":{"confidence_interval":{"confidence_level":0.95,"lower_bound":-0.06257447431004731,"upper_bound":-0.046452728759547667},"point_estimate":-0.0544726598678299,"standard_error":0.0041239136476572515},"median":{"confidence_interval":{"confidence_level":0.95,"lower_bound":-0.06821261224779651,"upper_bound":-0.04101221788928189},"point_estimate":-0.0537726432080502,"standard_error":0.007474524754269391}}