{"mean":{"confidence_interval":{"confidence_level":0.95,"lower_bound":0.02654776885424251,"upper_bound":0.04507435386930777},"point_estimate":0.03570777907735878,"standard_error":0.004735368223954848},"median":{"confidence_interval":{"confidence_level":0.95,"lower_bound":0.021433730348960234,"upper_bound":0.048472420703931096},"point_estimate":0.03557042321388049,"standard_error":0.0059844731050486275}}