{"mean":{"confidence_interval":{"confidence_level":0.95,"lower_bound":-0.021988887734714316,"upper_bound":-0.0053241055553176495},"point_estimate":-0.013960714199057533,"standard_error":0.004250360976064053},"median":{"confidence_interval":{"confidence_level":0.95,"lower_bound":-0.030370481464918275,"upper_bound":-0.002227930632751618},"point_estimate":-0.02298819167893351,"standard_error":0.008788821116961741}}