{"mean":{"confidence_interval":{"confidence_level":0.95,"lower_bound":-0.01392030747604713,"upper_bound":0.0016047825135159708},"point_estimate":-0.005944551561070877,"standard_error":0.004017290536524172},"median":{"confidence_interval":{"confidence_level":0.95,"lower_bound":-0.016647562541965866,"upper_bound":0.006384803589606136},"point_estimate":-0.005807257517184805,"standard_error":0.0071194176302527236}}