{"mean":{"confidence_interval":{"confidence_level":0.95,"lower_bound":-0.24917648702093406,"upper_bound":-0.234789722282985},"point_estimate":-0.24227092098445846,"standard_error":0.0037012253365925926},"median":{"confidence_interval":{"confidence_level":0.95,"lower_bound":-0.25147200477236836,"upper_bound":-0.23222657575804728},"point_estimate":-0.24083566144940205,"standard_error":0.004880912503113436}}