{"mean":{"confidence_interval":{"confidence_level":0.95,"lower_bound":0.01288429642940991,"upper_bound":0.030128295030651897},"point_estimate":0.021686545718302197,"standard_error":0.004380850262450101},"median":{"confidence_interval":{"confidence_level":0.95,"lower_bound":0.009615562149224481,"upper_bound":0.042713563366137075},"point_estimate":0.025687980060023374,"standard_error":0.008832335268907544}}