{"mean":{"confidence_interval":{"confidence_level":0.95,"lower_bound":0.016596783441426333,"upper_bound":0.04423355777351103},"point_estimate":0.029624986619516402,"standard_error":0.007077283544806174},"median":{"confidence_interval":{"confidence_level":0.95,"lower_bound":0.014342075639909524,"upper_bound":0.043027997254309724},"point_estimate":0.02514141520493096,"standard_error":0.007149433698538626}}