{"mean":{"confidence_interval":{"confidence_level":0.95,"lower_bound":-0.041202782043415334,"upper_bound":-0.01983496877933657},"point_estimate":-0.030299415698923582,"standard_error":0.005428380926706437},"median":{"confidence_interval":{"confidence_level":0.95,"lower_bound":-0.04793065702007532,"upper_bound":-0.01832929048102742},"point_estimate":-0.03470350498020014,"standard_error":0.007725455644651134}}