{"mean":{"confidence_interval":{"confidence_level":0.95,"lower_bound":0.0006568902655520073,"upper_bound":0.026234729267699333},"point_estimate":0.01303245857363744,"standard_error":0.006537000606024128},"median":{"confidence_interval":{"confidence_level":0.95,"lower_bound":-0.004519506443204535,"upper_bound":0.03159681918281265},"point_estimate":0.017582904922239795,"standard_error":0.010042532115276242}}