{"mean":{"confidence_interval":{"confidence_level":0.95,"lower_bound":-0.03350885397612203,"upper_bound":-0.01123680763425713},"point_estimate":-0.022373993300231043,"standard_error":0.005682143863369948},"median":{"confidence_interval":{"confidence_level":0.95,"lower_bound":-0.041670278324540067,"upper_bound":-0.00944834125572025},"point_estimate":-0.030110826170479332,"standard_error":0.008414897100229801}}