{"mean":{"confidence_interval":{"confidence_level":0.95,"lower_bound":0.0926717010780193,"upper_bound":0.11705923300010164},"point_estimate":0.1052425318360739,"standard_error":0.006205853997189704},"median":{"confidence_interval":{"confidence_level":0.95,"lower_bound":0.09002263900759098,"upper_bound":0.1264721447577275},"point_estimate":0.11038273291390066,"standard_error":0.010034999123218813}}