{"mean":{"confidence_interval":{"confidence_level":0.95,"lower_bound":-0.09233664583519374,"upper_bound":-0.07052311464835201},"point_estimate":-0.0819610320538049,"standard_error":0.005553068822404431},"median":{"confidence_interval":{"confidence_level":0.95,"lower_bound":-0.09626804100862874,"upper_bound":-0.06765688011225601},"point_estimate":-0.089939487006084,"standard_error":0.007624494959605334}}