{"mean":{"confidence_interval":{"confidence_level":0.95,"lower_bound":0.004680404946451017,"upper_bound":0.036365704393249605},"point_estimate":0.020445344901899754,"standard_error":0.008096512713853234},"median":{"confidence_interval":{"confidence_level":0.95,"lower_bound":0.0011772052040017744,"upper_bound":0.04613976400218811},"point_estimate":0.02431537724427657,"standard_error":0.01146547706654532}}