{"mean":{"confidence_interval":{"confidence_level":0.95,"lower_bound":-0.02590181442386195,"upper_bound":0.004275776433649578},"point_estimate":-0.010418823275583966,"standard_error":0.007671726876174562},"median":{"confidence_interval":{"confidence_level":0.95,"lower_bound":-0.02312444407035541,"upper_bound":0.011477513638626258},"point_estimate":-0.006790145418080984,"standard_error":0.009279172626594613}}