{"mean":{"confidence_interval":{"confidence_level":0.95,"lower_bound":-0.010067382103664901,"upper_bound":0.0181315333439378},"point_estimate":0.003417615774454541,"standard_error":0.007309462912590951},"median":{"confidence_interval":{"confidence_level":0.95,"lower_bound":-0.017663780945158636,"upper_bound":0.025438140293305267},"point_estimate":0.007284805507425052,"standard_error":0.010693818835863853}}