{"mean":{"confidence_interval":{"confidence_level":0.95,"lower_bound":26095246.446875002,"upper_bound":26241154.823875},"point_estimate":26168656.19,"standard_error":37217.310537256846},"median":{"confidence_interval":{"confidence_level":0.95,"lower_bound":26129860.5,"upper_bound":26302181.75},"point_estimate":26197031.5,"standard_error":43960.615928452884},"median_abs_dev":{"confidence_interval":{"confidence_level":0.95,"lower_bound":261014.50524106625,"upper_bound":458100.78221708536},"point_estimate":367804.884070158,"standard_error":53038.48172331715},"slope":null,"std_dev":{"confidence_interval":{"confidence_level":0.95,"lower_bound":316059.7797618031,"upper_bound":428270.17726887885},"point_estimate":374341.880790146,"standard_error":28631.578042685003}}