{"mean":{"confidence_interval":{"confidence_level":0.95,"lower_bound":27221227.851666667,"upper_bound":27362590.66690476},"point_estimate":27293612.475357145,"standard_error":36306.59311325226},"median":{"confidence_interval":{"confidence_level":0.95,"lower_bound":27185040.416666664,"upper_bound":27394704.42261905},"point_estimate":27307856.3125,"standard_error":51234.55190804902},"median_abs_dev":{"confidence_interval":{"confidence_level":0.95,"lower_bound":16710.73642082623,"upper_bound":212896.90842032433},"point_estimate":98225.28758615366,"standard_error":50064.92725402223},"slope":{"confidence_interval":{"confidence_level":0.95,"lower_bound":27281261.936927952,"upper_bound":27387537.87305296},"point_estimate":27338937.757142857,"standard_error":27378.67934238016},"std_dev":{"confidence_interval":{"confidence_level":0.95,"lower_bound":66546.81597115211,"upper_bound":148778.2093867898},"point_estimate":120405.9851704835,"standard_error":20983.737898044717}}