{"mean":{"confidence_interval":{"confidence_level":0.95,"lower_bound":25846415.534375,"upper_bound":26196143.607375003},"point_estimate":26000134.57,"standard_error":90355.27162423865},"median":{"confidence_interval":{"confidence_level":0.95,"lower_bound":25857207.0,"upper_bound":26027984.5},"point_estimate":25932450.75,"standard_error":51987.98848063795},"median_abs_dev":{"confidence_interval":{"confidence_level":0.95,"lower_bound":242058.90860259533,"upper_bound":412574.95547533035},"point_estimate":313041.71819239855,"standard_error":44487.353732954674},"slope":null,"std_dev":{"confidence_interval":{"confidence_level":0.95,"lower_bound":350542.27002579055,"upper_bound":1352322.307885455},"point_estimate":908037.7563962226,"standard_error":266775.69147592544}}