{"mean":{"confidence_interval":{"confidence_level":0.95,"lower_bound":0.05465766627472418,"upper_bound":0.07531423011132031},"point_estimate":0.0658468147413227,"standard_error":0.00527673263180119},"median":{"confidence_interval":{"confidence_level":0.95,"lower_bound":0.048417673492897606,"upper_bound":0.08086377259431554},"point_estimate":0.06839042287867936,"standard_error":0.007341141561716996}}