{"mean":{"confidence_interval":{"confidence_level":0.95,"lower_bound":-0.03477656568128331,"upper_bound":-0.002533034132085969},"point_estimate":-0.019569566275785988,"standard_error":0.00817982819518621},"median":{"confidence_interval":{"confidence_level":0.95,"lower_bound":-0.039541965165880266,"upper_bound":-0.009368355990857058},"point_estimate":-0.017175967869553,"standard_error":0.007046061806366652}}