{"mean":{"confidence_interval":{"confidence_level":0.95,"lower_bound":-0.07291584505862336,"upper_bound":-0.04808828824620749},"point_estimate":-0.060078474778533564,"standard_error":0.006351027170591194},"median":{"confidence_interval":{"confidence_level":0.95,"lower_bound":-0.07112993020115432,"upper_bound":-0.045146784087026326},"point_estimate":-0.06320944207744639,"standard_error":0.006844438023999203}}