{"mean":{"confidence_interval":{"confidence_level":0.95,"lower_bound":0.0023271166476075467,"upper_bound":0.03364072448040136},"point_estimate":0.01733474132839463,"standard_error":0.008060467892323883},"median":{"confidence_interval":{"confidence_level":0.95,"lower_bound":-0.0022937831200372516,"upper_bound":0.03627366245976993},"point_estimate":0.016370611410157387,"standard_error":0.009385270763244687}}