{"mean":{"confidence_interval":{"confidence_level":0.95,"lower_bound":-0.06401303209398815,"upper_bound":-0.04041064962386397},"point_estimate":-0.05239720488359145,"standard_error":0.006023864535706314},"median":{"confidence_interval":{"confidence_level":0.95,"lower_bound":-0.07144621392601169,"upper_bound":-0.03924036163263256},"point_estimate":-0.05150704059424316,"standard_error":0.007859174679051345}}