{"mean":{"confidence_interval":{"confidence_level":0.95,"lower_bound":-0.2921199761604832,"upper_bound":-0.2778925721570768},"point_estimate":-0.28496329211279803,"standard_error":0.003653265228162385},"median":{"confidence_interval":{"confidence_level":0.95,"lower_bound":-0.29563526146845187,"upper_bound":-0.2744398916186932},"point_estimate":-0.2846345085623524,"standard_error":0.0050940129244685705}}