{"mean":{"confidence_interval":{"confidence_level":0.95,"lower_bound":-0.011274288496132361,"upper_bound":0.0018402871662037844},"point_estimate":-0.004124737039818194,"standard_error":0.003361813020059779},"median":{"confidence_interval":{"confidence_level":0.95,"lower_bound":-0.0038822816944912297,"upper_bound":0.0009689140352640013},"point_estimate":-0.0010093589614472709,"standard_error":0.0012742556796339094}}