{"mean":{"confidence_interval":{"confidence_level":0.95,"lower_bound":0.0010511822492105846,"upper_bound":0.01483126044052558},"point_estimate":0.006995624481813012,"standard_error":0.0035187743887139136},"median":{"confidence_interval":{"confidence_level":0.95,"lower_bound":-0.0016333548476871185,"upper_bound":0.01047570537571807},"point_estimate":0.0032376082209939483,"standard_error":0.0030190828553457952}}