{"mean":{"confidence_interval":{"confidence_level":0.95,"lower_bound":0.000620201845028902,"upper_bound":0.006006865988205156},"point_estimate":0.0031248419290907936,"standard_error":0.0013890492816440551},"median":{"confidence_interval":{"confidence_level":0.95,"lower_bound":-0.0013271487708048646,"upper_bound":0.0079067236694641},"point_estimate":0.003294158911435918,"standard_error":0.0024283088944392767}}