{"mean":{"confidence_interval":{"confidence_level":0.95,"lower_bound":0.009381134926454012,"upper_bound":0.016345553865237644},"point_estimate":0.012882296154012263,"standard_error":0.0017803642473136832},"median":{"confidence_interval":{"confidence_level":0.95,"lower_bound":0.008888976828927087,"upper_bound":0.01845558560532079},"point_estimate":0.013867013677985263,"standard_error":0.002494545524255956}}