{"mean":{"confidence_interval":{"confidence_level":0.95,"lower_bound":0.014809793892568153,"upper_bound":0.028140071854874146},"point_estimate":0.02045891984740167,"standard_error":0.0034098645746138486},"median":{"confidence_interval":{"confidence_level":0.95,"lower_bound":0.011757903909746403,"upper_bound":0.018550919585938352},"point_estimate":0.015415057103004726,"standard_error":0.0017062167373882568}}