{"mean":{"confidence_interval":{"confidence_level":0.95,"lower_bound":-0.006261625045692439,"upper_bound":-0.00041842821645818627},"point_estimate":-0.0032125375469955753,"standard_error":0.001496795447628984},"median":{"confidence_interval":{"confidence_level":0.95,"lower_bound":-0.003069018093465936,"upper_bound":0.0015166427484210043},"point_estimate":-0.0006596395759570495,"standard_error":0.0012362010652279863}}