{"mean":{"confidence_interval":{"confidence_level":0.95,"lower_bound":-0.0031413720892696337,"upper_bound":0.010312439291281875},"point_estimate":0.003275980449215954,"standard_error":0.003558768410244983},"median":{"confidence_interval":{"confidence_level":0.95,"lower_bound":-0.005941474782941936,"upper_bound":-0.00094466108343505},"point_estimate":-0.0033077789778626077,"standard_error":0.0013240716739663881}}