{"mean":{"confidence_interval":{"confidence_level":0.95,"lower_bound":-0.01807537505199109,"upper_bound":-0.011951438894817092},"point_estimate":-0.015208621076985285,"standard_error":0.0015624093136523659},"median":{"confidence_interval":{"confidence_level":0.95,"lower_bound":-0.01925935180561067,"upper_bound":-0.012161848948489436},"point_estimate":-0.016534345364955794,"standard_error":0.0018039587882214406}}