{"mean":{"confidence_interval":{"confidence_level":0.95,"lower_bound":0.008573357795998477,"upper_bound":0.04208163782264969},"point_estimate":0.02509036387437802,"standard_error":0.008562721538536922},"median":{"confidence_interval":{"confidence_level":0.95,"lower_bound":0.0030762757628071125,"upper_bound":0.050761890623178374},"point_estimate":0.022668717379735748,"standard_error":0.012880786904296039}}