{"mean":{"confidence_interval":{"confidence_level":0.95,"lower_bound":-0.04452284612498474,"upper_bound":-0.008750321099170807},"point_estimate":-0.02533480050765935,"standard_error":0.009026071508796508},"median":{"confidence_interval":{"confidence_level":0.95,"lower_bound":-0.05078798887129565,"upper_bound":-0.0015806334135364253},"point_estimate":-0.02048431523323857,"standard_error":0.011947866189783047}}