{"mean":{"confidence_interval":{"confidence_level":0.95,"lower_bound":-0.013801427373543501,"upper_bound":0.023714259795108803},"point_estimate":0.005221802632723094,"standard_error":0.00961305765330534},"median":{"confidence_interval":{"confidence_level":0.95,"lower_bound":-0.014848482714295397,"upper_bound":0.031475346794254344},"point_estimate":0.012959258519790184,"standard_error":0.012491587619955185}}