{"mean":{"confidence_interval":{"confidence_level":0.95,"lower_bound":-0.03728472862364615,"upper_bound":-0.013504107246564203},"point_estimate":-0.02491564737697749,"standard_error":0.006063038807475872},"median":{"confidence_interval":{"confidence_level":0.95,"lower_bound":-0.03902878782104213,"upper_bound":-0.0034978962720614293},"point_estimate":-0.02099108574533004,"standard_error":0.009070744832613685}}