{"mean":{"confidence_interval":{"confidence_level":0.95,"lower_bound":-0.010133713542453052,"upper_bound":0.0166966665597035},"point_estimate":0.002851830111524345,"standard_error":0.006825043105926064},"median":{"confidence_interval":{"confidence_level":0.95,"lower_bound":-0.009541350670779991,"upper_bound":0.015323687953860077},"point_estimate":0.004368927988307236,"standard_error":0.006632132398887329}}