{"mean":{"confidence_interval":{"confidence_level":0.95,"lower_bound":0.030980182272363783,"upper_bound":0.0570796551579168},"point_estimate":0.04449340797272394,"standard_error":0.006599244335901056},"median":{"confidence_interval":{"confidence_level":0.95,"lower_bound":0.026280039236064923,"upper_bound":0.055555067439838846},"point_estimate":0.0411901021192298,"standard_error":0.0076041700287838845}}