{"mean":{"confidence_interval":{"confidence_level":0.95,"lower_bound":-0.013799968354960312,"upper_bound":0.02800782311799695},"point_estimate":0.007946957286549816,"standard_error":0.010710835155412263},"median":{"confidence_interval":{"confidence_level":0.95,"lower_bound":-0.013133650537539565,"upper_bound":0.038020745602628025},"point_estimate":0.010962844619415879,"standard_error":0.013744063278948783}}