{"mean":{"confidence_interval":{"confidence_level":0.95,"lower_bound":0.0006077417850612784,"upper_bound":0.037118553711288464},"point_estimate":0.017974333685516486,"standard_error":0.009322009854625335},"median":{"confidence_interval":{"confidence_level":0.95,"lower_bound":-0.0066723938549154704,"upper_bound":0.043102244868670425},"point_estimate":0.01633222450864258,"standard_error":0.012621225623155097}}