{"mean":{"confidence_interval":{"confidence_level":0.95,"lower_bound":-0.054095963920046154,"upper_bound":-0.017377601853719827},"point_estimate":-0.03611615422217718,"standard_error":0.009349118535710918},"median":{"confidence_interval":{"confidence_level":0.95,"lower_bound":-0.06408549090219173,"upper_bound":-0.013455086578184283},"point_estimate":-0.041908974322448445,"standard_error":0.012869269326077853}}