{"mean":{"confidence_interval":{"confidence_level":0.95,"lower_bound":7771851.001571427,"upper_bound":7797941.195749997},"point_estimate":7784685.545714286,"standard_error":6645.320862671409},"median":{"confidence_interval":{"confidence_level":0.95,"lower_bound":7771533.785714285,"upper_bound":7795946.285714285},"point_estimate":7781811.714285715,"standard_error":7035.018437892156},"median_abs_dev":{"confidence_interval":{"confidence_level":0.95,"lower_bound":43522.993027312616,"upper_bound":75922.46205210686},"point_estimate":59763.07543899312,"standard_error":8343.948234287316},"slope":null,"std_dev":{"confidence_interval":{"confidence_level":0.95,"lower_bound":56017.953801259624,"upper_bound":76434.83504458609},"point_estimate":66676.31242109598,"standard_error":5208.810383182138}}