{"mean":{"confidence_interval":{"confidence_level":0.95,"lower_bound":245033.59291666668,"upper_bound":257633.71816666666},"point_estimate":250654.30666666667,"standard_error":3214.9732135173886},"median":{"confidence_interval":{"confidence_level":0.95,"lower_bound":244034.83333333334,"upper_bound":251872.6666666667},"point_estimate":247452.8333333333,"standard_error":1751.0238218992538},"median_abs_dev":{"confidence_interval":{"confidence_level":0.95,"lower_bound":8152.570155262962,"upper_bound":20850.174079835415},"point_estimate":12052.055186033249,"standard_error":3308.44740300238},"slope":null,"std_dev":{"confidence_interval":{"confidence_level":0.95,"lower_bound":12596.519186687607,"upper_bound":33884.51717133786},"point_estimate":22908.311741510177,"standard_error":6346.240793445149}}