{"mean":{"confidence_interval":{"confidence_level":0.95,"lower_bound":163064.83175000004,"upper_bound":165882.45433333336},"point_estimate":164429.29666666666,"standard_error":718.6796058730712},"median":{"confidence_interval":{"confidence_level":0.95,"lower_bound":161499.3333333333,"upper_bound":166238.83333333334},"point_estimate":164164.0833333333,"standard_error":1123.6653536179717},"median_abs_dev":{"confidence_interval":{"confidence_level":0.95,"lower_bound":3432.2189390659332,"upper_bound":6410.391636192777},"point_estimate":5077.904909849167,"standard_error":742.4483741373937},"slope":null,"std_dev":{"confidence_interval":{"confidence_level":0.95,"lower_bound":3850.49799528964,"upper_bound":6217.057372423372},"point_estimate":5120.008033747108,"standard_error":606.4497021919298}}