{"mean":{"confidence_interval":{"confidence_level":0.95,"lower_bound":-0.006231721913204953,"upper_bound":0.028587189604470972},"point_estimate":0.010199318835392157,"standard_error":0.008881144521926083},"median":{"confidence_interval":{"confidence_level":0.95,"lower_bound":-0.012652240825312244,"upper_bound":0.03337369557885861},"point_estimate":0.006076056447288369,"standard_error":0.01190481481011135}}