{"mean":{"confidence_interval":{"confidence_level":0.95,"lower_bound":-0.034453194923091186,"upper_bound":-0.01152633567486386},"point_estimate":-0.02342793967157164,"standard_error":0.005860073506100648},"median":{"confidence_interval":{"confidence_level":0.95,"lower_bound":-0.03654675090953108,"upper_bound":-0.012634995247607694},"point_estimate":-0.024375163923379684,"standard_error":0.006139089139148303}}