{"mean":{"confidence_interval":{"confidence_level":0.95,"lower_bound":0.0027273957553799687,"upper_bound":0.035580881123568386},"point_estimate":0.0187451504062508,"standard_error":0.00842232125422271},"median":{"confidence_interval":{"confidence_level":0.95,"lower_bound":-0.006925057735100104,"upper_bound":0.04604408501480162},"point_estimate":0.018491984306762133,"standard_error":0.01358930158436492}}