{"mean":{"confidence_interval":{"confidence_level":0.95,"lower_bound":-0.0013443085302519908,"upper_bound":0.024446957822833387},"point_estimate":0.011678774601840303,"standard_error":0.006604885935928943},"median":{"confidence_interval":{"confidence_level":0.95,"lower_bound":-0.0006489062140135893,"upper_bound":0.02866716726753567},"point_estimate":0.015786384758500693,"standard_error":0.007618901794416635}}