{"mean":{"confidence_interval":{"confidence_level":0.95,"lower_bound":-0.005256213330314385,"upper_bound":0.027583408137662847},"point_estimate":0.01120420574808434,"standard_error":0.008397059343265841},"median":{"confidence_interval":{"confidence_level":0.95,"lower_bound":-0.007190390619790876,"upper_bound":0.02918885668941873},"point_estimate":0.007443253652470672,"standard_error":0.009684672425833667}}