{"mean":{"confidence_interval":{"confidence_level":0.95,"lower_bound":-0.047386152653723805,"upper_bound":-0.01467455614918459},"point_estimate":-0.030869736106933554,"standard_error":0.008357263491190762},"median":{"confidence_interval":{"confidence_level":0.95,"lower_bound":-0.049553007149691096,"upper_bound":-0.006750200063243783},"point_estimate":-0.029125840978817208,"standard_error":0.010920463348849824}}