{"mean":{"confidence_interval":{"confidence_level":0.95,"lower_bound":-0.02832210564976901,"upper_bound":0.0008830838868193369},"point_estimate":-0.013555101704964545,"standard_error":0.00745760671629958},"median":{"confidence_interval":{"confidence_level":0.95,"lower_bound":-0.03744123311669745,"upper_bound":0.009802460578321792},"point_estimate":-0.011101835400648352,"standard_error":0.012040457127583552}}