{"mean":{"confidence_interval":{"confidence_level":0.95,"lower_bound":0.004324186134538965,"upper_bound":0.034251340676583475},"point_estimate":0.01925643491840834,"standard_error":0.007606050993797674},"median":{"confidence_interval":{"confidence_level":0.95,"lower_bound":0.009693433575180821,"upper_bound":0.04363169899020081},"point_estimate":0.027856284082302007,"standard_error":0.00862852642854862}}