{"mean":{"confidence_interval":{"confidence_level":0.95,"lower_bound":-0.044174539334149776,"upper_bound":-0.014150367905277869},"point_estimate":-0.029404649332729904,"standard_error":0.007627777775239226},"median":{"confidence_interval":{"confidence_level":0.95,"lower_bound":-0.05123081158412124,"upper_bound":-0.011369530699768648},"point_estimate":-0.03248585377859736,"standard_error":0.01025620697583061}}