{"mean":{"confidence_interval":{"confidence_level":0.95,"lower_bound":32111440.278125,"upper_bound":32976395.703625},"point_estimate":32547259.135,"standard_error":220314.12815794293},"median":{"confidence_interval":{"confidence_level":0.95,"lower_bound":31989898.0,"upper_bound":33272576.0},"point_estimate":32766369.25,"standard_error":374426.8219559747},"median_abs_dev":{"confidence_interval":{"confidence_level":0.95,"lower_bound":1741813.3052766323,"upper_bound":2848012.650887668},"point_estimate":2300875.068551302,"standard_error":292754.2491698233},"slope":null,"std_dev":{"confidence_interval":{"confidence_level":0.95,"lower_bound":1930496.6033962895,"upper_bound":2476893.3231673404},"point_estimate":2218717.5127130663,"standard_error":139858.16524237412}}