{"mean":{"confidence_interval":{"confidence_level":0.95,"lower_bound":30454877.89475,"upper_bound":31242130.4145},"point_estimate":30855519.84,"standard_error":201169.11765552103},"median":{"confidence_interval":{"confidence_level":0.95,"lower_bound":30623082.0,"upper_bound":31567847.0},"point_estimate":31067629.5,"standard_error":225705.14244889404},"median_abs_dev":{"confidence_interval":{"confidence_level":0.95,"lower_bound":1520659.797602892,"upper_bound":2695683.287242055},"point_estimate":2205610.607242584,"standard_error":304969.2955927616},"slope":null,"std_dev":{"confidence_interval":{"confidence_level":0.95,"lower_bound":1742273.5798750918,"upper_bound":2277475.1818064703},"point_estimate":2022583.66626512,"standard_error":136508.75457448265}}