{"mean":{"confidence_interval":{"confidence_level":0.95,"lower_bound":0.013855300015212896,"upper_bound":0.018318097198211824},"point_estimate":0.015897401077019646,"standard_error":0.0011425826051976277},"median":{"confidence_interval":{"confidence_level":0.95,"lower_bound":0.013624975630057934,"upper_bound":0.015937280567825063},"point_estimate":0.01455358915023175,"standard_error":0.0005922256110850791}}