{"mean":{"confidence_interval":{"confidence_level":0.95,"lower_bound":-0.06692780463256982,"upper_bound":-0.05093066680912815},"point_estimate":-0.058219619109346143,"standard_error":0.0041228046604516394},"median":{"confidence_interval":{"confidence_level":0.95,"lower_bound":-0.06297325356055017,"upper_bound":-0.048665245401985135},"point_estimate":-0.05685637785725095,"standard_error":0.00372543468000644}}