{"mean":{"confidence_interval":{"confidence_level":0.95,"lower_bound":-0.0026855524878266913,"upper_bound":0.002805787668864509},"point_estimate":0.00013269212196131974,"standard_error":0.0013987169720577253},"median":{"confidence_interval":{"confidence_level":0.95,"lower_bound":-0.0040385890939063085,"upper_bound":0.004594688937566316},"point_estimate":0.0004633122341495266,"standard_error":0.0021207699022283946}}