{"mean":{"confidence_interval":{"confidence_level":0.95,"lower_bound":0.07572691252184353,"upper_bound":0.08404168532123876},"point_estimate":0.0799190504300118,"standard_error":0.0021132770685319386},"median":{"confidence_interval":{"confidence_level":0.95,"lower_bound":0.07448920508983181,"upper_bound":0.08525872600024464},"point_estimate":0.07948589926691474,"standard_error":0.002757843421303846}}