{"mean":{"confidence_interval":{"confidence_level":0.95,"lower_bound":-0.05572972171773157,"upper_bound":-0.0524060260867033},"point_estimate":-0.053970743708505076,"standard_error":0.0008492566984790421},"median":{"confidence_interval":{"confidence_level":0.95,"lower_bound":-0.05521403204374553,"upper_bound":-0.05290430252577105},"point_estimate":-0.05392633693229576,"standard_error":0.0005798544979493842}}