{"mean":{"confidence_interval":{"confidence_level":0.95,"lower_bound":-0.007180213823544207,"upper_bound":-0.0025645795496025085},"point_estimate":-0.004714121407290217,"standard_error":0.0011834667739408244},"median":{"confidence_interval":{"confidence_level":0.95,"lower_bound":-0.00515044972424652,"upper_bound":-0.0019769180236968165},"point_estimate":-0.0035911340290288862,"standard_error":0.0008199107005542371}}