{"mean":{"confidence_interval":{"confidence_level":0.95,"lower_bound":-0.03546887428826051,"upper_bound":-0.03254402545921519},"point_estimate":-0.03397444687522655,"standard_error":0.0007480106886733561},"median":{"confidence_interval":{"confidence_level":0.95,"lower_bound":-0.035410432938780434,"upper_bound":-0.0331437704424381},"point_estimate":-0.03417665521676905,"standard_error":0.000545857458913067}}