{"mean":{"confidence_interval":{"confidence_level":0.95,"lower_bound":-0.08743575071825974,"upper_bound":-0.07252639348323563},"point_estimate":-0.07975929055049191,"standard_error":0.0038109653002442313},"median":{"confidence_interval":{"confidence_level":0.95,"lower_bound":-0.08849174513557556,"upper_bound":-0.07066268869925918},"point_estimate":-0.07682814670828064,"standard_error":0.005068349606707782}}