{"mean":{"confidence_interval":{"confidence_level":0.95,"lower_bound":0.05885798388499518,"upper_bound":0.06322407438493953},"point_estimate":0.06106080421761151,"standard_error":0.0011182934403473558},"median":{"confidence_interval":{"confidence_level":0.95,"lower_bound":0.05753570459198465,"upper_bound":0.06439853089184955},"point_estimate":0.061842544800504884,"standard_error":0.0015847380886035104}}