{"mean":{"confidence_interval":{"confidence_level":0.95,"lower_bound":-0.04305122043496162,"upper_bound":-0.038101920501778255},"point_estimate":-0.040646664261723475,"standard_error":0.0012621962803763367},"median":{"confidence_interval":{"confidence_level":0.95,"lower_bound":-0.045103182738378655,"upper_bound":-0.036764788484051736},"point_estimate":-0.040584802147443866,"standard_error":0.0021882740848512073}}