{"mean":{"confidence_interval":{"confidence_level":0.95,"lower_bound":-0.006013262324566502,"upper_bound":0.004192352938524099},"point_estimate":-0.0012585259518307357,"standard_error":0.0025888811799755908},"median":{"confidence_interval":{"confidence_level":0.95,"lower_bound":-0.006106245695795431,"upper_bound":0.005473678955957295},"point_estimate":-0.0038245973059934935,"standard_error":0.0027626903346492774}}