{"mean":{"confidence_interval":{"confidence_level":0.95,"lower_bound":-0.010798792444340718,"upper_bound":-0.003809515446028456},"point_estimate":-0.0068778304050961525,"standard_error":0.0018008124831547865},"median":{"confidence_interval":{"confidence_level":0.95,"lower_bound":-0.006552278757442242,"upper_bound":-0.004384274493753559},"point_estimate":-0.005147413533375111,"standard_error":0.0005935587636464116}}