{"mean":{"confidence_interval":{"confidence_level":0.95,"lower_bound":0.0056539479271263,"upper_bound":0.026151485296202676},"point_estimate":0.01696527187533614,"standard_error":0.005295731533531617},"median":{"confidence_interval":{"confidence_level":0.95,"lower_bound":0.0090127979196446,"upper_bound":0.028078951698576438},"point_estimate":0.016157336471746664,"standard_error":0.005397484628907814}}