{"mean":{"confidence_interval":{"confidence_level":0.95,"lower_bound":0.05576273398034472,"upper_bound":0.07142211845914101},"point_estimate":0.06347080587986542,"standard_error":0.00405360909330725},"median":{"confidence_interval":{"confidence_level":0.95,"lower_bound":0.055891433724979844,"upper_bound":0.06698789350960754},"point_estimate":0.0643519259470351,"standard_error":0.0025115726063292157}}