{"mean":{"confidence_interval":{"confidence_level":0.95,"lower_bound":0.0005402686134063812,"upper_bound":0.00716948605012091},"point_estimate":0.003479093907583053,"standard_error":0.001696502199198736},"median":{"confidence_interval":{"confidence_level":0.95,"lower_bound":-0.002002393346735354,"upper_bound":0.0034210225937548674},"point_estimate":-0.00044081982286636734,"standard_error":0.0014678802029083826}}