{"mean":{"confidence_interval":{"confidence_level":0.95,"lower_bound":0.014279235934257922,"upper_bound":0.018409979711024187},"point_estimate":0.01631812548544853,"standard_error":0.001058230151747901},"median":{"confidence_interval":{"confidence_level":0.95,"lower_bound":0.011676329968841825,"upper_bound":0.020652469323366243},"point_estimate":0.015516436702848413,"standard_error":0.002346679543284937}}