{"mean":{"confidence_interval":{"confidence_level":0.95,"lower_bound":-0.060944057100751826,"upper_bound":-0.05107375762640882},"point_estimate":-0.056057506148880276,"standard_error":0.0025201104275797076},"median":{"confidence_interval":{"confidence_level":0.95,"lower_bound":-0.059395998755485735,"upper_bound":-0.051968550655677924},"point_estimate":-0.05521209827072904,"standard_error":0.001884378719183436}}