{"mean":{"confidence_interval":{"confidence_level":0.95,"lower_bound":0.043959906979684764,"upper_bound":0.054322699979696805},"point_estimate":0.04886345110267798,"standard_error":0.002655542975463416},"median":{"confidence_interval":{"confidence_level":0.95,"lower_bound":0.0459332897533451,"upper_bound":0.05247591344795288},"point_estimate":0.048620927635353306,"standard_error":0.0016444417904129705}}