{"mean":{"confidence_interval":{"confidence_level":0.95,"lower_bound":0.05213268384935158,"upper_bound":0.05558203658869996},"point_estimate":0.0538091283841553,"standard_error":0.0008822383640662356},"median":{"confidence_interval":{"confidence_level":0.95,"lower_bound":0.051348373931978664,"upper_bound":0.05517226539419107},"point_estimate":0.05319783695611435,"standard_error":0.0009716251325601397}}