{"mean":{"confidence_interval":{"confidence_level":0.95,"lower_bound":0.012689115243644022,"upper_bound":0.020845865423908986},"point_estimate":0.016323729188871816,"standard_error":0.0021143032947949256},"median":{"confidence_interval":{"confidence_level":0.95,"lower_bound":0.011027375222983693,"upper_bound":0.01712342433024583},"point_estimate":0.014255353470664867,"standard_error":0.0016265563322392224}}