{"mean":{"confidence_interval":{"confidence_level":0.95,"lower_bound":-0.0034597136709881623,"upper_bound":0.0017889335324967706},"point_estimate":-0.0008472571304629639,"standard_error":0.0013410143251061865},"median":{"confidence_interval":{"confidence_level":0.95,"lower_bound":-0.0025492254511416375,"upper_bound":0.0035977131039524046},"point_estimate":0.0015190906970339313,"standard_error":0.0016510270692522593}}