{"mean":{"confidence_interval":{"confidence_level":0.95,"lower_bound":-0.014785872404656437,"upper_bound":-0.007233377098387465},"point_estimate":-0.01069130724368672,"standard_error":0.001932438053328731},"median":{"confidence_interval":{"confidence_level":0.95,"lower_bound":-0.00951223511413346,"upper_bound":-0.004035077303475965},"point_estimate":-0.0063370324103052544,"standard_error":0.0013094775473788034}}