{"mean":{"confidence_interval":{"confidence_level":0.95,"lower_bound":-0.013106034038404489,"upper_bound":0.0026955510771578426},"point_estimate":-0.003130694108629428,"standard_error":0.0045277546606933465},"median":{"confidence_interval":{"confidence_level":0.95,"lower_bound":-0.0008506846892474274,"upper_bound":0.0033361501998332432},"point_estimate":0.0015764158953235352,"standard_error":0.0015691427259279145}}