{"mean":{"confidence_interval":{"confidence_level":0.95,"lower_bound":0.012244947327835593,"upper_bound":0.020301910880000447},"point_estimate":0.015643462100850325,"standard_error":0.00201438033560996},"median":{"confidence_interval":{"confidence_level":0.95,"lower_bound":0.010857043858173357,"upper_bound":0.014988596897934395},"point_estimate":0.012925230179538172,"standard_error":0.0010916821432073278}}