{"mean":{"confidence_interval":{"confidence_level":0.95,"lower_bound":90965654.285,"upper_bound":91642813.03583333},"point_estimate":91326872.63333334,"standard_error":174028.50843974832},"median":{"confidence_interval":{"confidence_level":0.95,"lower_bound":91039829.0,"upper_bound":91849193.0},"point_estimate":91305159.16666666,"standard_error":262623.30451449554},"median_abs_dev":{"confidence_interval":{"confidence_level":0.95,"lower_bound":36604.65205013752,"upper_bound":1097148.6905217133},"point_estimate":566535.7968419753,"standard_error":260639.76400504322},"slope":null,"std_dev":{"confidence_interval":{"confidence_level":0.95,"lower_bound":310120.90813409036,"upper_bound":786231.70074111},"point_estimate":581655.0709905302,"standard_error":138598.43506321224}}