{"mean":{"confidence_interval":{"confidence_level":0.95,"lower_bound":96653366.07666668,"upper_bound":97375770.46666667},"point_estimate":97005132.73333332,"standard_error":185252.49317329124},"median":{"confidence_interval":{"confidence_level":0.95,"lower_bound":96440323.33333333,"upper_bound":97442580.33333334},"point_estimate":97028372.0,"standard_error":202108.9937738878},"median_abs_dev":{"confidence_interval":{"confidence_level":0.95,"lower_bound":57707.238775491714,"upper_bound":1059494.1105902195},"point_estimate":544318.5420364179,"standard_error":311986.3844365806},"slope":null,"std_dev":{"confidence_interval":{"confidence_level":0.95,"lower_bound":323437.2267506002,"upper_bound":786432.3493883178},"point_estimate":615138.0903346548,"standard_error":122435.98628351907}}