{"mean":{"confidence_interval":{"confidence_level":0.95,"lower_bound":61885262.8085,"upper_bound":62030592.787250005},"point_estimate":61954821.32,"standard_error":37043.85033630404},"median":{"confidence_interval":{"confidence_level":0.95,"lower_bound":61853498.5,"upper_bound":61970033.5},"point_estimate":61903224.5,"standard_error":28221.506108981604},"median_abs_dev":{"confidence_interval":{"confidence_level":0.95,"lower_bound":204954.62036132812,"upper_bound":327267.635589838},"point_estimate":254308.14958512783,"standard_error":30162.306935150067},"slope":null,"std_dev":{"confidence_interval":{"confidence_level":0.95,"lower_bound":269952.6312407677,"upper_bound":470260.3144405427},"point_estimate":371469.2800169358,"standard_error":51750.487914736215}}