{"mean":{"confidence_interval":{"confidence_level":0.95,"lower_bound":67720141.87666667,"upper_bound":67955319.96666667},"point_estimate":67836132.9,"standard_error":60335.30691066286},"median":{"confidence_interval":{"confidence_level":0.95,"lower_bound":67670175.5,"upper_bound":68024293.33333333},"point_estimate":67832706.5,"standard_error":80234.03460444561},"median_abs_dev":{"confidence_interval":{"confidence_level":0.95,"lower_bound":51949.8088776918,"upper_bound":339047.88078070426},"point_estimate":239095.93255519867,"standard_error":81082.11137596569},"slope":null,"std_dev":{"confidence_interval":{"confidence_level":0.95,"lower_bound":115840.05855753475,"upper_bound":251855.6759647896},"point_estimate":201108.85086452746,"standard_error":35018.89664826172}}