{"mean":{"confidence_interval":{"confidence_level":0.95,"lower_bound":64591211.95,"upper_bound":64892748.02725},"point_estimate":64721019.86,"standard_error":77607.99068283448},"median":{"confidence_interval":{"confidence_level":0.95,"lower_bound":64534297.0,"upper_bound":64684485.0},"point_estimate":64606601.0,"standard_error":36593.043490822434},"median_abs_dev":{"confidence_interval":{"confidence_level":0.95,"lower_bound":309424.0445291252,"upper_bound":480650.01586675644},"point_estimate":394880.86608946323,"standard_error":44820.89188893137},"slope":null,"std_dev":{"confidence_interval":{"confidence_level":0.95,"lower_bound":383209.0339110211,"upper_bound":1201281.5336289916},"point_estimate":781487.6433931133,"standard_error":254838.3325523838}}