{"mean":{"confidence_interval":{"confidence_level":0.95,"lower_bound":96068368.03083333,"upper_bound":96474098.1975},"point_estimate":96285556.46666667,"standard_error":104319.23873007586},"median":{"confidence_interval":{"confidence_level":0.95,"lower_bound":95980751.0,"upper_bound":96574156.33333333},"point_estimate":96407172.0,"standard_error":136855.80625983138},"median_abs_dev":{"confidence_interval":{"confidence_level":0.95,"lower_bound":61187.88931369413,"upper_bound":579771.2139069961},"point_estimate":301605.0655454434,"standard_error":135913.76330935716},"slope":null,"std_dev":{"confidence_interval":{"confidence_level":0.95,"lower_bound":151193.81847142507,"upper_bound":435689.2850942351},"point_estimate":346495.012399753,"standard_error":72630.3305832258}}