{"mean":{"confidence_interval":{"confidence_level":0.95,"lower_bound":31162593.572875,"upper_bound":31979712.053125},"point_estimate":31572602.185,"standard_error":209053.1980567033},"median":{"confidence_interval":{"confidence_level":0.95,"lower_bound":31346972.5,"upper_bound":32425706.0},"point_estimate":31773577.75,"standard_error":263515.21972545993},"median_abs_dev":{"confidence_interval":{"confidence_level":0.95,"lower_bound":1749702.5903865695,"upper_bound":2829432.272503785},"point_estimate":2147782.907219231,"standard_error":268326.95254116465},"slope":null,"std_dev":{"confidence_interval":{"confidence_level":0.95,"lower_bound":1856909.33858431,"upper_bound":2340692.969776025},"point_estimate":2112659.5138530885,"standard_error":123303.62525151606}}