{"mean":{"confidence_interval":{"confidence_level":0.95,"lower_bound":30848999.627777778,"upper_bound":31872264.86917196},"point_estimate":31358290.98223545,"standard_error":262300.8364666161},"median":{"confidence_interval":{"confidence_level":0.95,"lower_bound":30728895.223214284,"upper_bound":31998260.877777778},"point_estimate":31431898.51851852,"standard_error":258803.96903465618},"median_abs_dev":{"confidence_interval":{"confidence_level":0.95,"lower_bound":45995.121798980406,"upper_bound":1711731.3621065263},"point_estimate":579914.8407794517,"standard_error":481336.09795621515},"slope":{"confidence_interval":{"confidence_level":0.95,"lower_bound":30815638.383976534,"upper_bound":31729464.460934795},"point_estimate":31294263.252813853,"standard_error":233010.83467172916},"std_dev":{"confidence_interval":{"confidence_level":0.95,"lower_bound":457891.5971539758,"upper_bound":1119649.8178485627},"point_estimate":875455.8109678522,"standard_error":171596.87154763273}}