{"mean":{"confidence_interval":{"confidence_level":0.95,"lower_bound":31677524.26775,"upper_bound":32474238.744875003},"point_estimate":32079774.04,"standard_error":203017.96533071046},"median":{"confidence_interval":{"confidence_level":0.95,"lower_bound":31684473.5,"upper_bound":32762600.5},"point_estimate":32186486.0,"standard_error":311537.2132411639},"median_abs_dev":{"confidence_interval":{"confidence_level":0.95,"lower_bound":1670835.212207996,"upper_bound":2634369.62403059},"point_estimate":2132747.1195861697,"standard_error":245136.85715003422},"slope":null,"std_dev":{"confidence_interval":{"confidence_level":0.95,"lower_bound":1747470.4093160667,"upper_bound":2311830.343533844},"point_estimate":2042943.3102001818,"standard_error":144127.62019617506}}