{"mean":{"confidence_interval":{"confidence_level":0.95,"lower_bound":30878938.733000003,"upper_bound":31733294.97025},"point_estimate":31307412.56,"standard_error":217325.89341167323},"median":{"confidence_interval":{"confidence_level":0.95,"lower_bound":30716915.75,"upper_bound":31739743.0},"point_estimate":31204792.75,"standard_error":254564.62597131685},"median_abs_dev":{"confidence_interval":{"confidence_level":0.95,"lower_bound":1764085.663381219,"upper_bound":2741401.851980388},"point_estimate":2381763.8698652387,"standard_error":260625.23707946262},"slope":null,"std_dev":{"confidence_interval":{"confidence_level":0.95,"lower_bound":1893516.2550593365,"upper_bound":2446959.7591121816},"point_estimate":2185133.5984788327,"standard_error":141318.07787739453}}