{"mean":{"confidence_interval":{"confidence_level":0.95,"lower_bound":26464293.4635,"upper_bound":26720090.329375},"point_estimate":26590093.475,"standard_error":65413.53200660048},"median":{"confidence_interval":{"confidence_level":0.95,"lower_bound":26437863.0,"upper_bound":26732426.0},"point_estimate":26593027.5,"standard_error":72686.34321442022},"median_abs_dev":{"confidence_interval":{"confidence_level":0.95,"lower_bound":529667.736196518,"upper_bound":793455.6300133467},"point_estimate":684428.1931489706,"standard_error":65707.36312249344},"slope":null,"std_dev":{"confidence_interval":{"confidence_level":0.95,"lower_bound":541772.2252479864,"upper_bound":775016.3751865606},"point_estimate":658813.906618547,"standard_error":59852.50149834007}}