{"mean":{"confidence_interval":{"confidence_level":0.95,"lower_bound":25867599.609375,"upper_bound":26062966.04},"point_estimate":25964656.15,"standard_error":49864.19697189967},"median":{"confidence_interval":{"confidence_level":0.95,"lower_bound":25905658.5,"upper_bound":26056115.0},"point_estimate":25973288.5,"standard_error":44114.47239193092},"median_abs_dev":{"confidence_interval":{"confidence_level":0.95,"lower_bound":322935.7657204944,"upper_bound":514108.9614227414},"point_estimate":412060.8639344573,"standard_error":48453.90587127605},"slope":null,"std_dev":{"confidence_interval":{"confidence_level":0.95,"lower_bound":395639.92282977793,"upper_bound":604969.8117038878},"point_estimate":503076.1725612748,"standard_error":53689.47912460139}}