{"mean":{"confidence_interval":{"confidence_level":0.95,"lower_bound":26139544.342125002,"upper_bound":26385619.8915},"point_estimate":26261783.385,"standard_error":62684.96273440049},"median":{"confidence_interval":{"confidence_level":0.95,"lower_bound":26127906.75,"upper_bound":26424303.0},"point_estimate":26232616.25,"standard_error":79493.36107645732},"median_abs_dev":{"confidence_interval":{"confidence_level":0.95,"lower_bound":377130.4379045963,"upper_bound":650013.7119099498},"point_estimate":491372.5495263934,"standard_error":68262.49293690681},"slope":null,"std_dev":{"confidence_interval":{"confidence_level":0.95,"lower_bound":512603.07472457265,"upper_bound":736063.466545823},"point_estimate":628389.8041344285,"standard_error":57181.76601052421}}