{"mean":{"confidence_interval":{"confidence_level":0.95,"lower_bound":26955929.57595237,"upper_bound":27544146.478214286},"point_estimate":27257448.02380952,"standard_error":150443.78807022003},"median":{"confidence_interval":{"confidence_level":0.95,"lower_bound":26885153.64285714,"upper_bound":27707611.0},"point_estimate":27262012.92857143,"standard_error":248415.21917604544},"median_abs_dev":{"confidence_interval":{"confidence_level":0.95,"lower_bound":497814.1816620308,"upper_bound":1221234.9659187456},"point_estimate":826097.186433844,"standard_error":177914.51426354196},"slope":null,"std_dev":{"confidence_interval":{"confidence_level":0.95,"lower_bound":608296.3726979921,"upper_bound":1028296.8918572158},"point_estimate":837891.5596782448,"standard_error":108562.7444385393}}