{"mean":{"confidence_interval":{"confidence_level":0.95,"lower_bound":26532122.19749999,"upper_bound":27336575.44488095},"point_estimate":26938824.457142863,"standard_error":205431.12898222022},"median":{"confidence_interval":{"confidence_level":0.95,"lower_bound":26478890.85714286,"upper_bound":27511111.214285713},"point_estimate":26853739.92857143,"standard_error":310484.98546645464},"median_abs_dev":{"confidence_interval":{"confidence_level":0.95,"lower_bound":710353.8893886986,"upper_bound":1650629.700395462},"point_estimate":1219147.676955801,"standard_error":233135.24662154535},"slope":null,"std_dev":{"confidence_interval":{"confidence_level":0.95,"lower_bound":866136.754944339,"upper_bound":1373407.9945055204},"point_estimate":1149610.3317704457,"standard_error":129851.34789165274}}