{"mean":{"confidence_interval":{"confidence_level":0.95,"lower_bound":28757808.38,"upper_bound":29708806.21425},"point_estimate":29235211.935,"standard_error":242030.43074154996},"median":{"confidence_interval":{"confidence_level":0.95,"lower_bound":28753789.5,"upper_bound":30349975.5},"point_estimate":29448033.0,"standard_error":406584.7206730713},"median_abs_dev":{"confidence_interval":{"confidence_level":0.95,"lower_bound":1923336.5450039506,"upper_bound":3170554.4990614057},"point_estimate":2601838.786058128,"standard_error":320807.1332794755},"slope":null,"std_dev":{"confidence_interval":{"confidence_level":0.95,"lower_bound":2140749.8844941617,"upper_bound":2688479.7127914764},"point_estimate":2433892.5792844603,"standard_error":139435.39541227007}}