{"mean":{"confidence_interval":{"confidence_level":0.95,"lower_bound":28759845.61625,"upper_bound":29612464.071944438},"point_estimate":29185577.505555563,"standard_error":217296.4739247886},"median":{"confidence_interval":{"confidence_level":0.95,"lower_bound":29008336.083333336,"upper_bound":29583035.083333332},"point_estimate":29251147.583333332,"standard_error":164298.43881031306},"median_abs_dev":{"confidence_interval":{"confidence_level":0.95,"lower_bound":420172.9096904397,"upper_bound":1538846.3572800178},"point_estimate":694316.0230234265,"standard_error":269651.2319626804},"slope":null,"std_dev":{"confidence_interval":{"confidence_level":0.95,"lower_bound":837598.2750285601,"upper_bound":1504574.4230495286},"point_estimate":1209176.0425732173,"standard_error":171230.63951552782}}