{"mean":{"confidence_interval":{"confidence_level":0.95,"lower_bound":28310244.26931548,"upper_bound":29470357.88055556},"point_estimate":28873535.3140377,"standard_error":296585.3336131565},"median":{"confidence_interval":{"confidence_level":0.95,"lower_bound":28165698.222222224,"upper_bound":29606078.71875},"point_estimate":28788772.546875,"standard_error":327010.4916645658},"median_abs_dev":{"confidence_interval":{"confidence_level":0.95,"lower_bound":225216.75822660327,"upper_bound":1622288.7362798676},"point_estimate":764981.947460521,"standard_error":386349.04529135284},"slope":{"confidence_interval":{"confidence_level":0.95,"lower_bound":28319005.89078675,"upper_bound":28934566.394406393},"point_estimate":28621382.953246754,"standard_error":157942.33888645042},"std_dev":{"confidence_interval":{"confidence_level":0.95,"lower_bound":452788.7649355481,"upper_bound":1300529.9328955812},"point_estimate":986593.3677262667,"standard_error":213734.20133619296}}