{"mean":{"confidence_interval":{"confidence_level":0.95,"lower_bound":27512221.702125,"upper_bound":28209349.923},"point_estimate":27865371.125,"standard_error":177766.24276280098},"median":{"confidence_interval":{"confidence_level":0.95,"lower_bound":27639972.5,"upper_bound":28385723.0},"point_estimate":27963964.5,"standard_error":215053.58220396598},"median_abs_dev":{"confidence_interval":{"confidence_level":0.95,"lower_bound":1288152.539330721,"upper_bound":2420640.977025032},"point_estimate":1846728.7511140108,"standard_error":281743.9846703765},"slope":null,"std_dev":{"confidence_interval":{"confidence_level":0.95,"lower_bound":1527487.0515052564,"upper_bound":2035685.6391677633},"point_estimate":1791301.3405876195,"standard_error":129326.68797853102}}