{"mean":{"confidence_interval":{"confidence_level":0.95,"lower_bound":39687495.67789683,"upper_bound":40192868.229523815},"point_estimate":39933142.165634915,"standard_error":128530.79589840508},"median":{"confidence_interval":{"confidence_level":0.95,"lower_bound":39705196.08333333,"upper_bound":40171735.01428571},"point_estimate":39894888.85555556,"standard_error":109880.29040268567},"median_abs_dev":{"confidence_interval":{"confidence_level":0.95,"lower_bound":73429.18191303872,"upper_bound":709826.6427147229},"point_estimate":246356.40995129943,"standard_error":154410.01506554196},"slope":{"confidence_interval":{"confidence_level":0.95,"lower_bound":39891721.44876978,"upper_bound":40146222.707476646},"point_estimate":39987510.825974025,"standard_error":64669.48227727641},"std_dev":{"confidence_interval":{"confidence_level":0.95,"lower_bound":166540.6639057154,"upper_bound":589958.1394963397},"point_estimate":428291.2990152078,"standard_error":107791.22270701271}}