{"mean":{"confidence_interval":{"confidence_level":0.95,"lower_bound":4047551.7492884626,"upper_bound":4067618.840365387},"point_estimate":4057494.470769232,"standard_error":5124.706533334389},"median":{"confidence_interval":{"confidence_level":0.95,"lower_bound":4033692.230769231,"upper_bound":4064450.4615384615},"point_estimate":4054876.653846154,"standard_error":8005.225955681037},"median_abs_dev":{"confidence_interval":{"confidence_level":0.95,"lower_bound":40018.45253568405,"upper_bound":63411.82728959956},"point_estimate":51794.68710353781,"standard_error":5669.462296904547},"slope":null,"std_dev":{"confidence_interval":{"confidence_level":0.95,"lower_bound":44053.628960474525,"upper_bound":58380.62638708217},"point_estimate":51663.432301509994,"standard_error":3657.8159554625263}}