{"mean":{"confidence_interval":{"confidence_level":0.95,"lower_bound":46779043.6005,"upper_bound":47061347.674875},"point_estimate":46917786.12,"standard_error":71886.51191148399},"median":{"confidence_interval":{"confidence_level":0.95,"lower_bound":46681508.0,"upper_bound":46973001.0},"point_estimate":46816461.75,"standard_error":71323.19703692752},"median_abs_dev":{"confidence_interval":{"confidence_level":0.95,"lower_bound":396292.30126440525,"upper_bound":747963.1617709994},"point_estimate":544736.5116789937,"standard_error":91025.46343133957},"slope":null,"std_dev":{"confidence_interval":{"confidence_level":0.95,"lower_bound":598297.5472717825,"upper_bound":829955.3173551221},"point_estimate":721001.9343532524,"standard_error":59210.01154242259}}