{"mean":{"confidence_interval":{"confidence_level":0.95,"lower_bound":49095451.211666666,"upper_bound":49472897.73041666},"point_estimate":49284816.61666667,"standard_error":96251.45671056425},"median":{"confidence_interval":{"confidence_level":0.95,"lower_bound":49030761.0,"upper_bound":49507191.25},"point_estimate":49373238.75,"standard_error":135621.30163639688},"median_abs_dev":{"confidence_interval":{"confidence_level":0.95,"lower_bound":338823.20510968566,"upper_bound":809451.7717793584},"point_estimate":582452.3724094033,"standard_error":117751.42512627119},"slope":null,"std_dev":{"confidence_interval":{"confidence_level":0.95,"lower_bound":413830.1438953302,"upper_bound":628206.8184121102},"point_estimate":535395.2467630353,"standard_error":54684.6214389783}}