{"mean":{"confidence_interval":{"confidence_level":0.95,"lower_bound":46091000.524375,"upper_bound":46337826.901875004},"point_estimate":46212626.49,"standard_error":63016.19347622178},"median":{"confidence_interval":{"confidence_level":0.95,"lower_bound":46008817.0,"upper_bound":46297181.0},"point_estimate":46135561.25,"standard_error":60155.964277520754},"median_abs_dev":{"confidence_interval":{"confidence_level":0.95,"lower_bound":446235.1639777422,"upper_bound":735616.4213076967},"point_estimate":622314.6672517061,"standard_error":72481.78206455875},"slope":null,"std_dev":{"confidence_interval":{"confidence_level":0.95,"lower_bound":536054.7226921093,"upper_bound":724968.8915117471},"point_estimate":634017.745532454,"standard_error":48284.91549711605}}