{"mean":{"confidence_interval":{"confidence_level":0.95,"lower_bound":46579171.2725,"upper_bound":46956792.144375},"point_estimate":46764390.666666664,"standard_error":96093.14435776212},"median":{"confidence_interval":{"confidence_level":0.95,"lower_bound":46483643.0,"upper_bound":46913627.625},"point_estimate":46754039.875,"standard_error":106381.61006804873},"median_abs_dev":{"confidence_interval":{"confidence_level":0.95,"lower_bound":234682.41775855422,"upper_bound":800204.4250935316},"point_estimate":509822.2089238465,"standard_error":145499.17202988686},"slope":null,"std_dev":{"confidence_interval":{"confidence_level":0.95,"lower_bound":393121.3099087665,"upper_bound":635436.313088773},"point_estimate":533823.5838143313,"standard_error":61886.00194979316}}