{"mean":{"confidence_interval":{"confidence_level":0.95,"lower_bound":-0.006316513907263901,"upper_bound":0.024574769632025043},"point_estimate":0.010752944750938687,"standard_error":0.007962645353573109},"median":{"confidence_interval":{"confidence_level":0.95,"lower_bound":0.007242944505952309,"upper_bound":0.030924700788874215},"point_estimate":0.01706675523918877,"standard_error":0.00679401287515248}}