{"mean":{"confidence_interval":{"confidence_level":0.95,"lower_bound":0.016211611315002306,"upper_bound":0.02850782968689807},"point_estimate":0.022159857846046016,"standard_error":0.003140890300757507},"median":{"confidence_interval":{"confidence_level":0.95,"lower_bound":0.016127469598127275,"upper_bound":0.02791418051796235},"point_estimate":0.022259391192446465,"standard_error":0.003106087005200561}}