{"mean":{"confidence_interval":{"confidence_level":0.95,"lower_bound":0.05029967945724673,"upper_bound":0.06707134595602403},"point_estimate":0.05817155559221843,"standard_error":0.004277306061196268},"median":{"confidence_interval":{"confidence_level":0.95,"lower_bound":0.04663718327943478,"upper_bound":0.06225327920658774},"point_estimate":0.05238957237039221,"standard_error":0.004129012289855444}}