{"mean":{"confidence_interval":{"confidence_level":0.95,"lower_bound":-0.020679467917546,"upper_bound":-0.0031219359545972916},"point_estimate":-0.012108783465052508,"standard_error":0.004488997627592751},"median":{"confidence_interval":{"confidence_level":0.95,"lower_bound":-0.01802294782945868,"upper_bound":-0.003373022830763406},"point_estimate":-0.009814658383301755,"standard_error":0.0038036553198118827}}