{"mean":{"confidence_interval":{"confidence_level":0.95,"lower_bound":-0.04350907738562769,"upper_bound":-0.03215532919364899},"point_estimate":-0.03784253194018694,"standard_error":0.002897469188059072},"median":{"confidence_interval":{"confidence_level":0.95,"lower_bound":-0.04245102768356079,"upper_bound":-0.029036890045460284},"point_estimate":-0.03509232697621467,"standard_error":0.0034233214007720436}}