{"mean":{"confidence_interval":{"confidence_level":0.95,"lower_bound":0.03637276170598442,"upper_bound":0.057106817708794104},"point_estimate":0.04671272559179096,"standard_error":0.00538903561572338},"median":{"confidence_interval":{"confidence_level":0.95,"lower_bound":0.030537224122335706,"upper_bound":0.05955995416668913},"point_estimate":0.04459274965340487,"standard_error":0.006866117354918098}}