{"mean":{"confidence_interval":{"confidence_level":0.95,"lower_bound":-0.025424778896468547,"upper_bound":-0.0059529079681311615},"point_estimate":-0.015453328305469527,"standard_error":0.004988818148852146},"median":{"confidence_interval":{"confidence_level":0.95,"lower_bound":-0.02765043929181288,"upper_bound":-0.0038360034900415396},"point_estimate":-0.010744385514444343,"standard_error":0.006366730813038376}}