{"mean":{"confidence_interval":{"confidence_level":0.95,"lower_bound":-0.029116912300317283,"upper_bound":-0.016921088050086124},"point_estimate":-0.022767636239807043,"standard_error":0.0031325507261404048},"median":{"confidence_interval":{"confidence_level":0.95,"lower_bound":-0.026895645383021916,"upper_bound":-0.013690920183090594},"point_estimate":-0.02203653919004367,"standard_error":0.0033342959365172623}}