{"mean":{"confidence_interval":{"confidence_level":0.95,"lower_bound":-0.04747097257113414,"upper_bound":-0.02756433725449965},"point_estimate":-0.03849495608713083,"standard_error":0.005097645614261935},"median":{"confidence_interval":{"confidence_level":0.95,"lower_bound":-0.053448891455432634,"upper_bound":-0.026989091785899033},"point_estimate":-0.04098042750576525,"standard_error":0.00677644652159278}}