{"mean":{"confidence_interval":{"confidence_level":0.95,"lower_bound":28187497.074375,"upper_bound":28384491.90775},"point_estimate":28286644.965,"standard_error":50210.78912012181},"median":{"confidence_interval":{"confidence_level":0.95,"lower_bound":28174819.75,"upper_bound":28389495.5},"point_estimate":28310898.25,"standard_error":60257.15141692759},"median_abs_dev":{"confidence_interval":{"confidence_level":0.95,"lower_bound":349792.4063399434,"upper_bound":591132.624605298},"point_estimate":490009.66950058937,"standard_error":60538.23258803174},"slope":null,"std_dev":{"confidence_interval":{"confidence_level":0.95,"lower_bound":419576.22855377826,"upper_bound":590276.7825021084},"point_estimate":505501.53643746994,"standard_error":43728.50256437762}}