{"mean":{"confidence_interval":{"confidence_level":0.95,"lower_bound":31795312.234500002,"upper_bound":32682352.516999997},"point_estimate":32243190.66,"standard_error":227013.10612601208},"median":{"confidence_interval":{"confidence_level":0.95,"lower_bound":31582763.5,"upper_bound":32989418.5},"point_estimate":32257159.5,"standard_error":379712.50276690465},"median_abs_dev":{"confidence_interval":{"confidence_level":0.95,"lower_bound":2125082.0777222514,"upper_bound":3227448.5317513347},"point_estimate":2795108.6653769016,"standard_error":283357.96733998955},"slope":null,"std_dev":{"confidence_interval":{"confidence_level":0.95,"lower_bound":1994722.636996554,"upper_bound":2559614.749712309},"point_estimate":2281755.8832089603,"standard_error":144724.2334108717}}