{"mean":{"confidence_interval":{"confidence_level":0.95,"lower_bound":31057341.60825,"upper_bound":31968795.087125},"point_estimate":31518585.485,"standard_error":232828.42899415095},"median":{"confidence_interval":{"confidence_level":0.95,"lower_bound":31238544.0,"upper_bound":32325135.25},"point_estimate":31728619.75,"standard_error":283753.23187097855},"median_abs_dev":{"confidence_interval":{"confidence_level":0.95,"lower_bound":1803001.318140328,"upper_bound":2909474.2034465075},"point_estimate":2354557.789698243,"standard_error":276250.6773292395},"slope":null,"std_dev":{"confidence_interval":{"confidence_level":0.95,"lower_bound":1960689.70847326,"upper_bound":2711895.784181427},"point_estimate":2352186.1043740683,"standard_error":192206.2753582756}}