{"mean":{"confidence_interval":{"confidence_level":0.95,"lower_bound":-0.0006491792172209206,"upper_bound":0.05646687532928728},"point_estimate":0.027922666969901755,"standard_error":0.014589796197658891},"median":{"confidence_interval":{"confidence_level":0.95,"lower_bound":-0.005949562908108663,"upper_bound":0.069356458237539},"point_estimate":0.03630475011595746,"standard_error":0.019530101592829203}}