{"mean":{"confidence_interval":{"confidence_level":0.95,"lower_bound":-0.047710634457807516,"upper_bound":-0.010273689420053567},"point_estimate":-0.029627931188134338,"standard_error":0.009521945190871132},"median":{"confidence_interval":{"confidence_level":0.95,"lower_bound":-0.04982664265207393,"upper_bound":0.008201681554138585},"point_estimate":-0.01679121524095828,"standard_error":0.015192453667161735}}