{"mean":{"confidence_interval":{"confidence_level":0.95,"lower_bound":-0.04798677329599665,"upper_bound":-0.013429199261037413},"point_estimate":-0.03210679076794498,"standard_error":0.00877834041107553},"median":{"confidence_interval":{"confidence_level":0.95,"lower_bound":-0.06150044348586414,"upper_bound":-0.0002867148515609541},"point_estimate":-0.03503011458487959,"standard_error":0.016191886390403996}}