{"mean":{"confidence_interval":{"confidence_level":0.95,"lower_bound":0.05171147798761545,"upper_bound":0.08938747045130335},"point_estimate":0.07065697419957218,"standard_error":0.009676957797733077},"median":{"confidence_interval":{"confidence_level":0.95,"lower_bound":0.039964382415882405,"upper_bound":0.10051522750028505},"point_estimate":0.07656535958835264,"standard_error":0.016170737195180158}}