{"mean":{"confidence_interval":{"confidence_level":0.95,"lower_bound":-0.0889403346899055,"upper_bound":-0.05214029318547077},"point_estimate":-0.0705956775241593,"standard_error":0.0094652770518936},"median":{"confidence_interval":{"confidence_level":0.95,"lower_bound":-0.09807729720948255,"upper_bound":-0.041408198430656795},"point_estimate":-0.06906904194248331,"standard_error":0.014258991007766134}}