{"mean":{"confidence_interval":{"confidence_level":0.95,"lower_bound":0.005013689841449537,"upper_bound":0.04471279055960853},"point_estimate":0.024234513866308705,"standard_error":0.010142187773418208},"median":{"confidence_interval":{"confidence_level":0.95,"lower_bound":-0.004489455512514784,"upper_bound":0.05440060058724949},"point_estimate":0.022193781145638525,"standard_error":0.014943624380326547}}