{"mean":{"confidence_interval":{"confidence_level":0.95,"lower_bound":0.021370450025368623,"upper_bound":0.06578922467616102},"point_estimate":0.04260888499751614,"standard_error":0.011446095059457482},"median":{"confidence_interval":{"confidence_level":0.95,"lower_bound":0.01334546501104894,"upper_bound":0.07734624455709871},"point_estimate":0.05714570700047994,"standard_error":0.015308207888468423}}