{"mean":{"confidence_interval":{"confidence_level":0.95,"lower_bound":0.0018394433463366393,"upper_bound":0.0064620458172050576},"point_estimate":0.004118807702137017,"standard_error":0.0011689779108626068},"median":{"confidence_interval":{"confidence_level":0.95,"lower_bound":0.0024025459892833556,"upper_bound":0.00445614198809241},"point_estimate":0.0032109220464815458,"standard_error":0.0005526028406737354}}