{"mean":{"confidence_interval":{"confidence_level":0.95,"lower_bound":0.0006111179764286492,"upper_bound":0.0025340032883186194},"point_estimate":0.0014592321290647359,"standard_error":0.0004917679866902426},"median":{"confidence_interval":{"confidence_level":0.95,"lower_bound":0.00016779150807133547,"upper_bound":0.003189390497963185},"point_estimate":0.0010744290948712099,"standard_error":0.0007414051920562822}}