{"mean":{"confidence_interval":{"confidence_level":0.95,"lower_bound":-0.11843226780657334,"upper_bound":-0.11555807655339974},"point_estimate":-0.11721018352478407,"standard_error":0.0007197387414999239},"median":{"confidence_interval":{"confidence_level":0.95,"lower_bound":-0.11926548734200149,"upper_bound":-0.11693324373337377},"point_estimate":-0.11770828011115575,"standard_error":0.0005650675090559863}}