{"mean":{"confidence_interval":{"confidence_level":0.95,"lower_bound":116923058.88749999,"upper_bound":118186769.75525},"point_estimate":117563302.81,"standard_error":322389.5760395538},"median":{"confidence_interval":{"confidence_level":0.95,"lower_bound":116915434.0,"upper_bound":118712991.0},"point_estimate":117715795.5,"standard_error":406151.75489652663},"median_abs_dev":{"confidence_interval":{"confidence_level":0.95,"lower_bound":2377051.055198908,"upper_bound":3686195.727556944},"point_estimate":3077331.20726645,"standard_error":314711.7461217365},"slope":null,"std_dev":{"confidence_interval":{"confidence_level":0.95,"lower_bound":2744767.865311765,"upper_bound":3701562.601556088},"point_estimate":3245614.7570511363,"standard_error":243752.88484175896}}