{"mean":{"confidence_interval":{"confidence_level":0.95,"lower_bound":94176140.255,"upper_bound":94677241.534},"point_estimate":94418989.55,"standard_error":128173.85739059048},"median":{"confidence_interval":{"confidence_level":0.95,"lower_bound":93917841.0,"upper_bound":94617066.0},"point_estimate":94349472.0,"standard_error":163380.49621558088},"median_abs_dev":{"confidence_interval":{"confidence_level":0.95,"lower_bound":1074012.470832467,"upper_bound":1595853.5617679358},"point_estimate":1440133.1213325262,"standard_error":128720.24670606562},"slope":null,"std_dev":{"confidence_interval":{"confidence_level":0.95,"lower_bound":1035209.2949258422,"upper_bound":1582492.273901362},"point_estimate":1289389.446648887,"standard_error":145375.1322870064}}