{"mean":{"confidence_interval":{"confidence_level":0.95,"lower_bound":123959630.2625,"upper_bound":126144840.0},"point_estimate":125041079.6,"standard_error":558529.0876811928},"median":{"confidence_interval":{"confidence_level":0.95,"lower_bound":123590702.5,"upper_bound":126504211.0},"point_estimate":124950408.25,"standard_error":718056.0979147494},"median_abs_dev":{"confidence_interval":{"confidence_level":0.95,"lower_bound":494484.8975211382,"upper_bound":3231725.462025404},"point_estimate":2089619.0276518464,"standard_error":725479.3849667596},"slope":null,"std_dev":{"confidence_interval":{"confidence_level":0.95,"lower_bound":1069988.7997164582,"upper_bound":2328243.163036425},"point_estimate":1854149.3857482017,"standard_error":325510.574173837}}