{"mean":{"confidence_interval":{"confidence_level":0.95,"lower_bound":-0.9658686670227996,"upper_bound":-0.9656260730479145},"point_estimate":-0.965750498572156,"standard_error":0.00006263969522030217},"median":{"confidence_interval":{"confidence_level":0.95,"lower_bound":-0.9659581376613687,"upper_bound":-0.9655887154732135},"point_estimate":-0.9657481774319852,"standard_error":0.00009780626884171345}}