{"mean":{"confidence_interval":{"confidence_level":0.95,"lower_bound":0.05856770396272256,"upper_bound":0.07402752929191111},"point_estimate":0.06541220195723207,"standard_error":0.003980028078436277},"median":{"confidence_interval":{"confidence_level":0.95,"lower_bound":0.05759828456296057,"upper_bound":0.06857919501738463},"point_estimate":0.06295269712605878,"standard_error":0.0029486248609789335}}