{"mean":{"confidence_interval":{"confidence_level":0.95,"lower_bound":-0.040344319404994236,"upper_bound":-0.03286550841991033},"point_estimate":-0.03678403598250568,"standard_error":0.0019093735593974362},"median":{"confidence_interval":{"confidence_level":0.95,"lower_bound":-0.044312061106751566,"upper_bound":-0.03436110482826074},"point_estimate":-0.039171697981705944,"standard_error":0.0025992769020005643}}