{"mean":{"confidence_interval":{"confidence_level":0.95,"lower_bound":-0.06195075957893211,"upper_bound":-0.05584163724023012},"point_estimate":-0.05884622411999996,"standard_error":0.001538185136089879},"median":{"confidence_interval":{"confidence_level":0.95,"lower_bound":-0.062014404755759034,"upper_bound":-0.05523418122004231},"point_estimate":-0.0590599695829237,"standard_error":0.001797887716629658}}