{"mean":{"confidence_interval":{"confidence_level":0.95,"lower_bound":-0.00012678680335719185,"upper_bound":0.008011593771285345},"point_estimate":0.003949020333180453,"standard_error":0.002060270164757869},"median":{"confidence_interval":{"confidence_level":0.95,"lower_bound":0.0011236447480142964,"upper_bound":0.008803650864673813},"point_estimate":0.004017801922798325,"standard_error":0.001887838437135847}}