{"mean":{"confidence_interval":{"confidence_level":0.95,"lower_bound":0.0004446048982749707,"upper_bound":0.010265052519271588},"point_estimate":0.005608179506943145,"standard_error":0.0025084116330503442},"median":{"confidence_interval":{"confidence_level":0.95,"lower_bound":0.0042310884444412,"upper_bound":0.01192220951845857},"point_estimate":0.007991182859505175,"standard_error":0.0018152193218823939}}