{"mean":{"confidence_interval":{"confidence_level":0.95,"lower_bound":-0.03555184345495678,"upper_bound":-0.02816972752759285},"point_estimate":-0.03182631227764776,"standard_error":0.0018876258931349713},"median":{"confidence_interval":{"confidence_level":0.95,"lower_bound":-0.03517980966943102,"upper_bound":-0.024530284372623612},"point_estimate":-0.030419212261867723,"standard_error":0.0027704442902387037}}