{"mean":{"confidence_interval":{"confidence_level":0.95,"lower_bound":-0.012025518258039016,"upper_bound":0.004637715054472299},"point_estimate":-0.0032219263854633695,"standard_error":0.00423768797962597},"median":{"confidence_interval":{"confidence_level":0.95,"lower_bound":-0.009108584512850126,"upper_bound":0.004796741823084982},"point_estimate":-0.0020069672302346353,"standard_error":0.003453573949487878}}