{"mean":{"confidence_interval":{"confidence_level":0.95,"lower_bound":-0.03223781395204555,"upper_bound":-0.019196230061472353},"point_estimate":-0.025484669797777637,"standard_error":0.003331728381912094},"median":{"confidence_interval":{"confidence_level":0.95,"lower_bound":-0.032426080865790574,"upper_bound":-0.015219664184365045},"point_estimate":-0.024367569927396304,"standard_error":0.004105034376204021}}