{"mean":{"confidence_interval":{"confidence_level":0.95,"lower_bound":0.08526027962543054,"upper_bound":0.09701127213385609},"point_estimate":0.09118260533749134,"standard_error":0.002998685281310471},"median":{"confidence_interval":{"confidence_level":0.95,"lower_bound":0.08483629329586173,"upper_bound":0.09440956503095843},"point_estimate":0.08869989928433752,"standard_error":0.0023222151370208143}}