{"mean":{"confidence_interval":{"confidence_level":0.95,"lower_bound":0.013854630230286675,"upper_bound":0.02942066005648},"point_estimate":0.02127826316633441,"standard_error":0.003988222260604676},"median":{"confidence_interval":{"confidence_level":0.95,"lower_bound":0.008687189481829893,"upper_bound":0.026417436708710218},"point_estimate":0.017797126274270436,"standard_error":0.004464987787127397}}