{"mean":{"confidence_interval":{"confidence_level":0.95,"lower_bound":-0.04810840716232969,"upper_bound":-0.040007688986886725},"point_estimate":-0.044084071146307524,"standard_error":0.002059528525623907},"median":{"confidence_interval":{"confidence_level":0.95,"lower_bound":-0.047742620855757756,"upper_bound":-0.04325946930857587},"point_estimate":-0.04589152580270395,"standard_error":0.001138196888812387}}