{"mean":{"confidence_interval":{"confidence_level":0.95,"lower_bound":0.008324926328855934,"upper_bound":0.01710974049155788},"point_estimate":0.012982263157751417,"standard_error":0.002240529595525732},"median":{"confidence_interval":{"confidence_level":0.95,"lower_bound":0.010658948075205954,"upper_bound":0.016862894804102968},"point_estimate":0.01367699646384235,"standard_error":0.0015449877160777828}}