{"mean":{"confidence_interval":{"confidence_level":0.95,"lower_bound":-0.04686948640449155,"upper_bound":-0.03701960908133145},"point_estimate":-0.04168174956436199,"standard_error":0.0025093660666233677},"median":{"confidence_interval":{"confidence_level":0.95,"lower_bound":-0.04606820979067916,"upper_bound":-0.035890177683056954},"point_estimate":-0.040566585279389056,"standard_error":0.002540147903416588}}