{"mean":{"confidence_interval":{"confidence_level":0.95,"lower_bound":0.006101350831361847,"upper_bound":0.01501558784847054},"point_estimate":0.010290297719086627,"standard_error":0.00224897578548317},"median":{"confidence_interval":{"confidence_level":0.95,"lower_bound":0.00482947974849357,"upper_bound":0.013880411591421282},"point_estimate":0.009316952890243924,"standard_error":0.0023334306628546297}}