{"mean":{"confidence_interval":{"confidence_level":0.95,"lower_bound":-0.05065085499991914,"upper_bound":-0.039897143853342795},"point_estimate":-0.044783081760337407,"standard_error":0.0027422070087915465},"median":{"confidence_interval":{"confidence_level":0.95,"lower_bound":-0.04762559131034805,"upper_bound":-0.03752514016266828},"point_estimate":-0.04094837303365706,"standard_error":0.0027141573988980244}}