{"mean":{"confidence_interval":{"confidence_level":0.95,"lower_bound":27523470.92975,"upper_bound":27720488.204875},"point_estimate":27620838.155,"standard_error":50271.120012504936},"median":{"confidence_interval":{"confidence_level":0.95,"lower_bound":27490234.5,"upper_bound":27700958.0},"point_estimate":27551563.0,"standard_error":54055.23067820303},"median_abs_dev":{"confidence_interval":{"confidence_level":0.95,"lower_bound":315714.84594494104,"upper_bound":567963.2935166359},"point_estimate":444305.93076199293,"standard_error":64688.86826440954},"slope":null,"std_dev":{"confidence_interval":{"confidence_level":0.95,"lower_bound":421309.097769806,"upper_bound":586092.4032391097},"point_estimate":506328.9068814571,"standard_error":42148.66272645155}}