{"mean":{"confidence_interval":{"confidence_level":0.95,"lower_bound":213586629.57916662,"upper_bound":217586098.9025},"point_estimate":215622616.19999996,"standard_error":1024441.254521841},"median":{"confidence_interval":{"confidence_level":0.95,"lower_bound":212559771.33333334,"upper_bound":218640029.66666666},"point_estimate":216353059.33333334,"standard_error":1810829.3955207344},"median_abs_dev":{"confidence_interval":{"confidence_level":0.95,"lower_bound":789721.7019796371,"upper_bound":5445451.821523882},"point_estimate":4525512.869656071,"standard_error":1258394.4406726896},"slope":null,"std_dev":{"confidence_interval":{"confidence_level":0.95,"lower_bound":2122621.3530114247,"upper_bound":4094616.1731822877},"point_estimate":3408510.5287075513,"standard_error":503687.35926328454}}