{"mean":{"confidence_interval":{"confidence_level":0.95,"lower_bound":217008437.21916664,"upper_bound":220749612.58000007},"point_estimate":218881904.76666665,"standard_error":962838.583518303},"median":{"confidence_interval":{"confidence_level":0.95,"lower_bound":216368769.6666667,"upper_bound":221943631.66666666},"point_estimate":218789094.0,"standard_error":1584822.0047021606},"median_abs_dev":{"confidence_interval":{"confidence_level":0.95,"lower_bound":713474.0563333108,"upper_bound":5097749.263396874},"point_estimate":3956540.91395735,"standard_error":1187074.7247173588},"slope":null,"std_dev":{"confidence_interval":{"confidence_level":0.95,"lower_bound":1972386.2320778472,"upper_bound":3922751.225286295},"point_estimate":3192401.4755461863,"standard_error":500694.2575595734}}