{"mean":{"confidence_interval":{"confidence_level":0.95,"lower_bound":219373603.61925,"upper_bound":221717606.95275},"point_estimate":220577253.72,"standard_error":598224.5242754507},"median":{"confidence_interval":{"confidence_level":0.95,"lower_bound":220674232.0,"upper_bound":222793074.0},"point_estimate":221559393.5,"standard_error":527820.5840679336},"median_abs_dev":{"confidence_interval":{"confidence_level":0.95,"lower_bound":3231490.469929576,"upper_bound":6143777.165526152},"point_estimate":5033242.326942086,"standard_error":789053.0469884062},"slope":null,"std_dev":{"confidence_interval":{"confidence_level":0.95,"lower_bound":4936902.590359949,"upper_bound":7000562.665643545},"point_estimate":6006207.913630806,"standard_error":527651.5446303403}}