{"mean":{"confidence_interval":{"confidence_level":0.95,"lower_bound":215092693.206,"upper_bound":217061433.55875},"point_estimate":216096306.26,"standard_error":502091.2465451368},"median":{"confidence_interval":{"confidence_level":0.95,"lower_bound":215753102.0,"upper_bound":218141559.0},"point_estimate":217347727.5,"standard_error":611567.4543283453},"median_abs_dev":{"confidence_interval":{"confidence_level":0.95,"lower_bound":3683587.8342032433,"upper_bound":6353702.202299237},"point_estimate":5170882.460698485,"standard_error":706185.4215108322},"slope":null,"std_dev":{"confidence_interval":{"confidence_level":0.95,"lower_bound":4321563.136266235,"upper_bound":5766017.842585291},"point_estimate":5065714.995754765,"standard_error":370542.6579893228}}