{"mean":{"confidence_interval":{"confidence_level":0.95,"lower_bound":27787672.38125,"upper_bound":27981557.19333334},"point_estimate":27884763.994444445,"standard_error":49420.004323609486},"median":{"confidence_interval":{"confidence_level":0.95,"lower_bound":27794160.75,"upper_bound":27939930.166666664},"point_estimate":27892324.083333336,"standard_error":39049.403653859736},"median_abs_dev":{"confidence_interval":{"confidence_level":0.95,"lower_bound":99038.66664171404,"upper_bound":314373.21651875786},"point_estimate":189087.21769303177,"standard_error":53846.64091602317},"slope":null,"std_dev":{"confidence_interval":{"confidence_level":0.95,"lower_bound":172735.80716365096,"upper_bound":360218.7666178007},"point_estimate":275098.7817054429,"standard_error":47978.4304384459}}