{"mean":{"confidence_interval":{"confidence_level":0.95,"lower_bound":-0.06673932900216299,"upper_bound":-0.06124755284208606},"point_estimate":-0.06407943329589505,"standard_error":0.001386155024350564},"median":{"confidence_interval":{"confidence_level":0.95,"lower_bound":-0.06940305144271053,"upper_bound":-0.06407567127085312},"point_estimate":-0.06683531274484011,"standard_error":0.0012202516047943022}}