{"mean":{"confidence_interval":{"confidence_level":0.95,"lower_bound":-0.15119157471009603,"upper_bound":-0.147122216025256},"point_estimate":-0.14896677117490176,"standard_error":0.0010364730022828829},"median":{"confidence_interval":{"confidence_level":0.95,"lower_bound":-0.1492112008138442,"upper_bound":-0.14697939901133728},"point_estimate":-0.14793504580846695,"standard_error":0.0006131081040806958}}