{"mean":{"confidence_interval":{"confidence_level":0.95,"lower_bound":0.0007589693292003935,"upper_bound":0.00782052626198425},"point_estimate":0.004987083765306322,"standard_error":0.0018699766762360767},"median":{"confidence_interval":{"confidence_level":0.95,"lower_bound":0.0059067163092374475,"upper_bound":0.007734157049047452},"point_estimate":0.00689764950433025,"standard_error":0.000471733377655889}}