{"mean":{"confidence_interval":{"confidence_level":0.95,"lower_bound":-0.0011797189811664443,"upper_bound":0.007033668019494899},"point_estimate":0.0016902329269938843,"standard_error":0.0020455641894304745},"median":{"confidence_interval":{"confidence_level":0.95,"lower_bound":-0.0006068927004165836,"upper_bound":0.0013199057132931014},"point_estimate":0.00042793041855437863,"standard_error":0.0005314886661695225}}