{"mean":{"confidence_interval":{"confidence_level":0.95,"lower_bound":0.06065507353310606,"upper_bound":0.06778465651397603},"point_estimate":0.06419291561904994,"standard_error":0.0018085260445991596},"median":{"confidence_interval":{"confidence_level":0.95,"lower_bound":0.06365721653776023,"upper_bound":0.06874084216430831},"point_estimate":0.06663460190881776,"standard_error":0.001227408733972851}}