{"mean":{"confidence_interval":{"confidence_level":0.95,"lower_bound":24546496.107416663,"upper_bound":24742645.963},"point_estimate":24644399.45000001,"standard_error":49845.28085763786},"median":{"confidence_interval":{"confidence_level":0.95,"lower_bound":24554979.666666664,"upper_bound":24784732.0},"point_estimate":24675949.833333336,"standard_error":61341.35462002565},"median_abs_dev":{"confidence_interval":{"confidence_level":0.95,"lower_bound":348723.3282089252,"upper_bound":608336.9617998591},"point_estimate":481459.7625523769,"standard_error":65663.24295805332},"slope":null,"std_dev":{"confidence_interval":{"confidence_level":0.95,"lower_bound":415819.6748730715,"upper_bound":587585.1407243749},"point_estimate":500934.6090183899,"standard_error":44149.228708183255}}