{"mean":{"confidence_interval":{"confidence_level":0.95,"lower_bound":24631915.169166673,"upper_bound":24951046.50391667},"point_estimate":24787321.619999994,"standard_error":81495.11098929224},"median":{"confidence_interval":{"confidence_level":0.95,"lower_bound":24671134.0,"upper_bound":24932899.666666668},"point_estimate":24811479.833333336,"standard_error":64115.75553968656},"median_abs_dev":{"confidence_interval":{"confidence_level":0.95,"lower_bound":505072.63813316636,"upper_bound":778016.8222874394},"point_estimate":659199.0364968767,"standard_error":69365.47862047529},"slope":null,"std_dev":{"confidence_interval":{"confidence_level":0.95,"lower_bound":595191.4589874152,"upper_bound":1056362.4879484433},"point_estimate":815795.0685019303,"standard_error":121273.54806280369}}