{"mean":{"confidence_interval":{"confidence_level":0.95,"lower_bound":23606091.347249996,"upper_bound":23815058.765666675},"point_estimate":23711792.97666666,"standard_error":53192.32126934296},"median":{"confidence_interval":{"confidence_level":0.95,"lower_bound":23644997.666666668,"upper_bound":23887520.166666664},"point_estimate":23810013.333333332,"standard_error":58581.93092349903},"median_abs_dev":{"confidence_interval":{"confidence_level":0.95,"lower_bound":355818.5574829588,"upper_bound":643609.2506736517},"point_estimate":445106.6582977753,"standard_error":77539.35801424642},"slope":null,"std_dev":{"confidence_interval":{"confidence_level":0.95,"lower_bound":458947.3540752917,"upper_bound":600732.1796083436},"point_estimate":533936.296725847,"standard_error":36212.41388113988}}