{"mean":{"confidence_interval":{"confidence_level":0.95,"lower_bound":24937313.092375,"upper_bound":25250560.820625},"point_estimate":25091144.86,"standard_error":79883.35768170752},"median":{"confidence_interval":{"confidence_level":0.95,"lower_bound":24957960.0,"upper_bound":25180535.5},"point_estimate":25057409.75,"standard_error":73743.25068513524},"median_abs_dev":{"confidence_interval":{"confidence_level":0.95,"lower_bound":532077.7209862324,"upper_bound":854773.7410247326},"point_estimate":703766.8565556407,"standard_error":85299.00279854411},"slope":null,"std_dev":{"confidence_interval":{"confidence_level":0.95,"lower_bound":637960.9895567987,"upper_bound":963465.8482371292},"point_estimate":802836.6724155216,"standard_error":83549.78744769962}}