{"mean":{"confidence_interval":{"confidence_level":0.95,"lower_bound":94024636.0904762,"upper_bound":94858051.265},"point_estimate":94462301.38630953,"standard_error":213376.0838742409},"median":{"confidence_interval":{"confidence_level":0.95,"lower_bound":94066534.0625,"upper_bound":95050710.95},"point_estimate":94410224.05,"standard_error":282640.59821874235},"median_abs_dev":{"confidence_interval":{"confidence_level":0.95,"lower_bound":132017.44748621737,"upper_bound":1225573.053441732},"point_estimate":742946.8959550604,"standard_error":280180.3170180031},"slope":{"confidence_interval":{"confidence_level":0.95,"lower_bound":94193466.900277,"upper_bound":94647785.6422739},"point_estimate":94398755.52727273,"standard_error":113703.02915129934},"std_dev":{"confidence_interval":{"confidence_level":0.95,"lower_bound":367511.886210219,"upper_bound":953495.9208853752},"point_estimate":712198.7312794283,"standard_error":161842.3009088988}}