{"mean":{"confidence_interval":{"confidence_level":0.95,"lower_bound":93658839.03,"upper_bound":94119960.50975001},"point_estimate":93882401.2,"standard_error":117872.88972473762},"median":{"confidence_interval":{"confidence_level":0.95,"lower_bound":93356230.0,"upper_bound":94127343.0},"point_estimate":93760181.0,"standard_error":194072.18382871043},"median_abs_dev":{"confidence_interval":{"confidence_level":0.95,"lower_bound":952938.1678819656,"upper_bound":1429123.4080579865},"point_estimate":1136067.4340307713,"standard_error":122011.6806197221},"slope":null,"std_dev":{"confidence_interval":{"confidence_level":0.95,"lower_bound":943483.3913059633,"upper_bound":1442321.7378270002},"point_estimate":1183143.3152521627,"standard_error":130182.24383013476}}