{"mean":{"confidence_interval":{"confidence_level":0.95,"lower_bound":94474896.2315,"upper_bound":94998784.506},"point_estimate":94726061.54,"standard_error":133585.4149960372},"median":{"confidence_interval":{"confidence_level":0.95,"lower_bound":94114892.0,"upper_bound":94818067.0},"point_estimate":94470926.5,"standard_error":179332.7094505488},"median_abs_dev":{"confidence_interval":{"confidence_level":0.95,"lower_bound":955365.1840388775,"upper_bound":1492355.481505394},"point_estimate":1321521.416938305,"standard_error":133321.84042663837},"slope":null,"std_dev":{"confidence_interval":{"confidence_level":0.95,"lower_bound":1032708.3391586372,"upper_bound":1706131.462579558},"point_estimate":1346298.9084083831,"standard_error":180075.61408269525}}