{"mean":{"confidence_interval":{"confidence_level":0.95,"lower_bound":93512537.12571429,"upper_bound":94019459.13250001},"point_estimate":93788434.69845238,"standard_error":130481.32136998011},"median":{"confidence_interval":{"confidence_level":0.95,"lower_bound":93594335.66666667,"upper_bound":94167826.6},"point_estimate":93837760.6875,"standard_error":139960.4660319026},"median_abs_dev":{"confidence_interval":{"confidence_level":0.95,"lower_bound":64533.76445429192,"upper_bound":650138.9104177209},"point_estimate":425128.8213324466,"standard_error":154726.36608600733},"slope":{"confidence_interval":{"confidence_level":0.95,"lower_bound":93682506.82426779,"upper_bound":94049583.03469388},"point_estimate":93865406.84935065,"standard_error":98015.74289932857},"std_dev":{"confidence_interval":{"confidence_level":0.95,"lower_bound":189586.66784695795,"upper_bound":598615.5779523432},"point_estimate":434818.0665906907,"standard_error":117023.73170365508}}