{"mean":{"confidence_interval":{"confidence_level":0.95,"lower_bound":102149188.59574999,"upper_bound":102896822.18475},"point_estimate":102515407.43,"standard_error":190504.59260995156},"median":{"confidence_interval":{"confidence_level":0.95,"lower_bound":102061578.5,"upper_bound":102695250.0},"point_estimate":102428853.0,"standard_error":154180.85767381557},"median_abs_dev":{"confidence_interval":{"confidence_level":0.95,"lower_bound":1302069.3902311474,"upper_bound":2144378.4870296717},"point_estimate":1694134.3727231026,"standard_error":214109.9138300125},"slope":null,"std_dev":{"confidence_interval":{"confidence_level":0.95,"lower_bound":1552347.3996259687,"upper_bound":2246910.54669118},"point_estimate":1905539.5064261074,"standard_error":178219.35702056845}}