{"mean":{"confidence_interval":{"confidence_level":0.95,"lower_bound":105491845.95975,"upper_bound":106283884.6055},"point_estimate":105881428.73,"standard_error":201948.41901768447},"median":{"confidence_interval":{"confidence_level":0.95,"lower_bound":104900384.0,"upper_bound":106363317.0},"point_estimate":105542510.0,"standard_error":352707.0754342745},"median_abs_dev":{"confidence_interval":{"confidence_level":0.95,"lower_bound":1662287.198663503,"upper_bound":2527161.3373339176},"point_estimate":2075555.4549515247,"standard_error":221101.17810856467},"slope":null,"std_dev":{"confidence_interval":{"confidence_level":0.95,"lower_bound":1737323.7486257763,"upper_bound":2295851.088795286},"point_estimate":2033409.851486056,"standard_error":142501.73693903937}}