{"mean":{"confidence_interval":{"confidence_level":0.95,"lower_bound":-0.06269584062257001,"upper_bound":-0.05375066788887147},"point_estimate":-0.05823822724697303,"standard_error":0.002258516355104657},"median":{"confidence_interval":{"confidence_level":0.95,"lower_bound":-0.06523096066262357,"upper_bound":-0.051768337779907414},"point_estimate":-0.055851862829881194,"standard_error":0.0034085361753827467}}