{"mean":{"confidence_interval":{"confidence_level":0.95,"lower_bound":0.07486247292429901,"upper_bound":0.08835570511135835},"point_estimate":0.08138236360969353,"standard_error":0.0034398223636520997},"median":{"confidence_interval":{"confidence_level":0.95,"lower_bound":0.07036695961691763,"upper_bound":0.08784625860184958},"point_estimate":0.07663127438065764,"standard_error":0.00466163290901378}}