{"mean":{"confidence_interval":{"confidence_level":0.95,"lower_bound":0.059705883277233106,"upper_bound":0.06846182662451719},"point_estimate":0.06391115124786562,"standard_error":0.00219523525548127},"median":{"confidence_interval":{"confidence_level":0.95,"lower_bound":0.05658577753197758,"upper_bound":0.0699740135979181},"point_estimate":0.0650365942836062,"standard_error":0.0033547578227210917}}