{"mean":{"confidence_interval":{"confidence_level":0.95,"lower_bound":-0.0012842084266494625,"upper_bound":0.011475760672560028},"point_estimate":0.005601490254945052,"standard_error":0.003282581130742207},"median":{"confidence_interval":{"confidence_level":0.95,"lower_bound":-0.0010401904452689292,"upper_bound":0.01411287131271255},"point_estimate":0.007952149392219221,"standard_error":0.0037838755862322354}}