{"mean":{"confidence_interval":{"confidence_level":0.95,"lower_bound":-0.004172106908291882,"upper_bound":0.0036608371436618846},"point_estimate":-0.00010959861360826384,"standard_error":0.0019956211127434417},"median":{"confidence_interval":{"confidence_level":0.95,"lower_bound":-0.005129738250429283,"upper_bound":0.0063841089403247064},"point_estimate":0.0005991712415089889,"standard_error":0.003307862398685552}}