{"mean":{"confidence_interval":{"confidence_level":0.95,"lower_bound":-0.0736657438252997,"upper_bound":-0.05703609481735658},"point_estimate":-0.06521559550136391,"standard_error":0.004268810981191286},"median":{"confidence_interval":{"confidence_level":0.95,"lower_bound":-0.07831556799038224,"upper_bound":-0.05245468646250362},"point_estimate":-0.06266102148859987,"standard_error":0.007928204964212282}}