{"mean":{"confidence_interval":{"confidence_level":0.95,"lower_bound":-0.18908532059541405,"upper_bound":-0.17387182146658067},"point_estimate":-0.1815544182891382,"standard_error":0.0038713442912781397},"median":{"confidence_interval":{"confidence_level":0.95,"lower_bound":-0.19447875143650717,"upper_bound":-0.16997606116812192},"point_estimate":-0.1863512844301516,"standard_error":0.0072377986214178704}}