{"mean":{"confidence_interval":{"confidence_level":0.95,"lower_bound":0.12725197546820705,"upper_bound":0.15202459882045516},"point_estimate":0.13721757251680589,"standard_error":0.006354136974969962},"median":{"confidence_interval":{"confidence_level":0.95,"lower_bound":0.12550620643504828,"upper_bound":0.1292732830983574},"point_estimate":0.1278675838387726,"standard_error":0.0010311767292870704}}