{"mean":{"confidence_interval":{"confidence_level":0.95,"lower_bound":-0.04073726359353835,"upper_bound":-0.03291714654743687},"point_estimate":-0.03792966608271331,"standard_error":0.0018902847103631994},"median":{"confidence_interval":{"confidence_level":0.95,"lower_bound":-0.03994296750005277,"upper_bound":-0.036000683913670284},"point_estimate":-0.038238508259899606,"standard_error":0.0010169681325545557}}