{"mean":{"confidence_interval":{"confidence_level":0.95,"lower_bound":-0.0022586184776943823,"upper_bound":0.0033986400828214295},"point_estimate":0.0005933940202051957,"standard_error":0.001431620291270097},"median":{"confidence_interval":{"confidence_level":0.95,"lower_bound":-0.0001258591677703036,"upper_bound":0.004041346733953288},"point_estimate":0.0021642724358812426,"standard_error":0.000993044586923377}}