{"mean":{"confidence_interval":{"confidence_level":0.95,"lower_bound":-0.13318353403749977,"upper_bound":-0.11469693359682852},"point_estimate":-0.12264029336733695,"standard_error":0.0048257061458984105},"median":{"confidence_interval":{"confidence_level":0.95,"lower_bound":-0.11852495091963644,"upper_bound":-0.11526555103552294},"point_estimate":-0.11748994008183045,"standard_error":0.0008462192599446933}}