{"mean":{"confidence_interval":{"confidence_level":0.95,"lower_bound":0.10963711183060837,"upper_bound":0.11519819281260069},"point_estimate":0.11237628910212982,"standard_error":0.0014011235212632452},"median":{"confidence_interval":{"confidence_level":0.95,"lower_bound":0.11038319111034156,"upper_bound":0.11435162212379457},"point_estimate":0.11221863604213533,"standard_error":0.0009773203925829707}}