{"mean":{"confidence_interval":{"confidence_level":0.95,"lower_bound":-0.01929427890935136,"upper_bound":-0.005337959613226504},"point_estimate":-0.012598048081448376,"standard_error":0.003546968146528416},"median":{"confidence_interval":{"confidence_level":0.95,"lower_bound":-0.025916350931125764,"upper_bound":-0.0032780612182171653},"point_estimate":-0.017287404669004358,"standard_error":0.0063485030768660146}}