{"mean":{"confidence_interval":{"confidence_level":0.95,"lower_bound":-0.04187194954879075,"upper_bound":-0.02947399644162909},"point_estimate":-0.035611283270855165,"standard_error":0.0031546331138504126},"median":{"confidence_interval":{"confidence_level":0.95,"lower_bound":-0.04565349667308859,"upper_bound":-0.029327251477077265},"point_estimate":-0.038785717274481546,"standard_error":0.0042134430420781846}}