{"mean":{"confidence_interval":{"confidence_level":0.95,"lower_bound":0.03346840311579173,"upper_bound":0.0463065149392689},"point_estimate":0.03993884650552526,"standard_error":0.0032875893516849312},"median":{"confidence_interval":{"confidence_level":0.95,"lower_bound":0.03297146697020037,"upper_bound":0.04733519371850714},"point_estimate":0.03920035587708348,"standard_error":0.0035938782826683727}}