{"mean":{"confidence_interval":{"confidence_level":0.95,"lower_bound":0.009765450445934677,"upper_bound":0.023975242604339392},"point_estimate":0.01678780398543478,"standard_error":0.003614663736518729},"median":{"confidence_interval":{"confidence_level":0.95,"lower_bound":0.0018789782090602911,"upper_bound":0.02828700303850562},"point_estimate":0.01707837306428428,"standard_error":0.006996570164281202}}