{"mean":{"confidence_interval":{"confidence_level":0.95,"lower_bound":-0.006620544013760071,"upper_bound":0.004794691068112056},"point_estimate":-0.0005664772865235923,"standard_error":0.002924463512805057},"median":{"confidence_interval":{"confidence_level":0.95,"lower_bound":-0.004599160606787445,"upper_bound":0.005295495139107986},"point_estimate":0.0014727520715360765,"standard_error":0.002581668671082772}}