{"mean":{"confidence_interval":{"confidence_level":0.95,"lower_bound":-0.017415006518868806,"upper_bound":-0.004749829730785565},"point_estimate":-0.010974053858204047,"standard_error":0.0032386114973125355},"median":{"confidence_interval":{"confidence_level":0.95,"lower_bound":-0.017722105314273207,"upper_bound":-0.0023948118010003183},"point_estimate":-0.009363903447932476,"standard_error":0.0036230714353281887}}