{"mean":{"confidence_interval":{"confidence_level":0.95,"lower_bound":-0.05172586279947671,"upper_bound":-0.0385354364079841},"point_estimate":-0.04490065261617193,"standard_error":0.0033571502029929464},"median":{"confidence_interval":{"confidence_level":0.95,"lower_bound":-0.052268820779515335,"upper_bound":-0.03512491874109602},"point_estimate":-0.041690094376383935,"standard_error":0.004648552070191713}}