{"mean":{"confidence_interval":{"confidence_level":0.95,"lower_bound":-0.0058579814359845505,"upper_bound":0.007980482932962095},"point_estimate":0.0008365829549243919,"standard_error":0.0035395449130978746},"median":{"confidence_interval":{"confidence_level":0.95,"lower_bound":-0.008134863698971428,"upper_bound":0.008238013018905477},"point_estimate":-0.000552901003215478,"standard_error":0.004496468427434265}}