{"mean":{"confidence_interval":{"confidence_level":0.95,"lower_bound":0.04918204487227047,"upper_bound":0.06123909932126005},"point_estimate":0.055313579674558744,"standard_error":0.00308121632793771},"median":{"confidence_interval":{"confidence_level":0.95,"lower_bound":0.047881886568616805,"upper_bound":0.06312521705224605},"point_estimate":0.05575037948672246,"standard_error":0.003969885349512323}}