{"mean":{"confidence_interval":{"confidence_level":0.95,"lower_bound":0.09012445637163889,"upper_bound":0.10124815087048168},"point_estimate":0.09572782670903957,"standard_error":0.002941463890721092},"median":{"confidence_interval":{"confidence_level":0.95,"lower_bound":0.08684583230318199,"upper_bound":0.10297321675342674},"point_estimate":0.09428982372102768,"standard_error":0.0038967047911781616}}