{"mean":{"confidence_interval":{"confidence_level":0.95,"lower_bound":0.07716456103036193,"upper_bound":0.08550268887752495},"point_estimate":0.08156712836025681,"standard_error":0.002128674405101014},"median":{"confidence_interval":{"confidence_level":0.95,"lower_bound":0.07782103948225982,"upper_bound":0.08849152842248142},"point_estimate":0.08290529929086499,"standard_error":0.0028697130727076614}}