{"mean":{"confidence_interval":{"confidence_level":0.95,"lower_bound":0.012370087225145288,"upper_bound":0.03616803681905102},"point_estimate":0.021858940805689286,"standard_error":0.006049744250430167},"median":{"confidence_interval":{"confidence_level":0.95,"lower_bound":0.007428896480171421,"upper_bound":0.024584038846351408},"point_estimate":0.01662374063345795,"standard_error":0.005117206321992333}}