{"mean":{"confidence_interval":{"confidence_level":0.95,"lower_bound":-0.017781134363764366,"upper_bound":0.005657135900980837},"point_estimate":-0.0037909292164205466,"standard_error":0.006362001651490768},"median":{"confidence_interval":{"confidence_level":0.95,"lower_bound":-0.003479066171090839,"upper_bound":0.006947670521239235},"point_estimate":0.0017515488845269989,"standard_error":0.003112452655682037}}