{"mean":{"confidence_interval":{"confidence_level":0.95,"lower_bound":-0.091502602906551,"upper_bound":-0.08567620488075676},"point_estimate":-0.08854762108069447,"standard_error":0.0014820052378657703},"median":{"confidence_interval":{"confidence_level":0.95,"lower_bound":-0.09111724498064744,"upper_bound":-0.08558630414051949},"point_estimate":-0.08867023222556003,"standard_error":0.0013961223947533176}}