{"mean":{"confidence_interval":{"confidence_level":0.95,"lower_bound":-0.059432970324393986,"upper_bound":-0.04830774214402853},"point_estimate":-0.053960037797662785,"standard_error":0.002837221801894675},"median":{"confidence_interval":{"confidence_level":0.95,"lower_bound":-0.06150975675806625,"upper_bound":-0.04712109934819786},"point_estimate":-0.05452163332718696,"standard_error":0.0036718556737151786}}