{"mean":{"confidence_interval":{"confidence_level":0.95,"lower_bound":-0.08443506630961824,"upper_bound":-0.06404210968795694},"point_estimate":-0.07273269864416021,"standard_error":0.005304565780424194},"median":{"confidence_interval":{"confidence_level":0.95,"lower_bound":-0.07678584232580987,"upper_bound":-0.06005598280096269},"point_estimate":-0.06870130531802299,"standard_error":0.005092233334165056}}