{"mean":{"confidence_interval":{"confidence_level":0.95,"lower_bound":-0.1835622274237132,"upper_bound":-0.17640417438396458},"point_estimate":-0.1799660119914639,"standard_error":0.0018425188061567893},"median":{"confidence_interval":{"confidence_level":0.95,"lower_bound":-0.1850876700073273,"upper_bound":-0.17399378964606416},"point_estimate":-0.18097461360534817,"standard_error":0.002767808914753038}}