{"mean":{"confidence_interval":{"confidence_level":0.95,"lower_bound":0.01500527804635207,"upper_bound":0.040790569749505755},"point_estimate":0.02898415786741082,"standard_error":0.006547616942580997},"median":{"confidence_interval":{"confidence_level":0.95,"lower_bound":0.009158728373163432,"upper_bound":0.047244239679288036},"point_estimate":0.03830864200326811,"standard_error":0.009292653515501242}}