{"mean":{"confidence_interval":{"confidence_level":0.95,"lower_bound":-0.028106731818836973,"upper_bound":-0.01684736014955781},"point_estimate":-0.02251927021562594,"standard_error":0.0028730864613389128},"median":{"confidence_interval":{"confidence_level":0.95,"lower_bound":-0.027145186315193248,"upper_bound":-0.01638103885290595},"point_estimate":-0.02211706056467566,"standard_error":0.002707907569998297}}