{"mean":{"confidence_interval":{"confidence_level":0.95,"lower_bound":-0.01210677528411907,"upper_bound":-0.0002929349557325242},"point_estimate":-0.006353338624094262,"standard_error":0.0030152806799703543},"median":{"confidence_interval":{"confidence_level":0.95,"lower_bound":-0.011377689351225517,"upper_bound":0.0017174144134137759},"point_estimate":-0.004154911509072545,"standard_error":0.0031276401217345015}}