{"mean":{"confidence_interval":{"confidence_level":0.95,"lower_bound":-0.036777244426582305,"upper_bound":-0.01389278739120732},"point_estimate":-0.025436408865769256,"standard_error":0.005865374930719813},"median":{"confidence_interval":{"confidence_level":0.95,"lower_bound":-0.04108140565498308,"upper_bound":-0.011415507949269932},"point_estimate":-0.025206605362161794,"standard_error":0.007698454310781343}}