{"mean":{"confidence_interval":{"confidence_level":0.95,"lower_bound":0.0621428966383067,"upper_bound":0.09457851831225295},"point_estimate":0.07749616007746396,"standard_error":0.008379089289985762},"median":{"confidence_interval":{"confidence_level":0.95,"lower_bound":0.06216459885599823,"upper_bound":0.09041087789849445},"point_estimate":0.07374523451551829,"standard_error":0.0073599788237723625}}