{"mean":{"confidence_interval":{"confidence_level":0.95,"lower_bound":0.013772364176567737,"upper_bound":0.0246566659777739},"point_estimate":0.019269446044754,"standard_error":0.0027676057440427933},"median":{"confidence_interval":{"confidence_level":0.95,"lower_bound":0.015314279583959589,"upper_bound":0.02745779769020129},"point_estimate":0.022329660066645163,"standard_error":0.0029961272422609577}}