{"mean":{"confidence_interval":{"confidence_level":0.95,"lower_bound":-0.03164733054323246,"upper_bound":0.0006663467198507445},"point_estimate":-0.014449283169403637,"standard_error":0.008236192650653349},"median":{"confidence_interval":{"confidence_level":0.95,"lower_bound":-0.02867755701257968,"upper_bound":0.0017415301196228583},"point_estimate":-0.011827014177947404,"standard_error":0.00786448863405428}}