{"mean":{"confidence_interval":{"confidence_level":0.95,"lower_bound":14957601.884625,"upper_bound":15109022.32825},"point_estimate":15025210.9,"standard_error":38640.27579140494},"median":{"confidence_interval":{"confidence_level":0.95,"lower_bound":14900144.0,"upper_bound":15047473.0},"point_estimate":14976394.75,"standard_error":39289.57870701099},"median_abs_dev":{"confidence_interval":{"confidence_level":0.95,"lower_bound":221398.13666939735,"upper_bound":361236.96618676186},"point_estimate":299994.0971240401,"standard_error":35112.24513179123},"slope":null,"std_dev":{"confidence_interval":{"confidence_level":0.95,"lower_bound":231555.3415378159,"upper_bound":570920.1690535021},"point_estimate":387955.58112062444,"standard_error":106346.40017182396}}