{"mean":{"confidence_interval":{"confidence_level":0.95,"lower_bound":14442997.409437502,"upper_bound":14500147.0049375},"point_estimate":14472103.6075,"standard_error":14574.451968629952},"median":{"confidence_interval":{"confidence_level":0.95,"lower_bound":14476745.375,"upper_bound":14534709.25},"point_estimate":14521117.5,"standard_error":15319.272899330696},"median_abs_dev":{"confidence_interval":{"confidence_level":0.95,"lower_bound":86092.17124655843,"upper_bound":156526.61343734706},"point_estimate":122371.5779274702,"standard_error":17609.36308028948},"slope":null,"std_dev":{"confidence_interval":{"confidence_level":0.95,"lower_bound":126220.27612057721,"upper_bound":162575.23807081755},"point_estimate":146063.67418717477,"standard_error":9269.382036017636}}