{"mean":{"confidence_interval":{"confidence_level":0.95,"lower_bound":14200059.55925,"upper_bound":14249517.165375},"point_estimate":14222594.4925,"standard_error":12601.40220147253},"median":{"confidence_interval":{"confidence_level":0.95,"lower_bound":14202683.475000003,"upper_bound":14265823.125},"point_estimate":14237996.0,"standard_error":14540.032946183177},"median_abs_dev":{"confidence_interval":{"confidence_level":0.95,"lower_bound":61758.44320356846,"upper_bound":134602.65706032515},"point_estimate":97244.8442235589,"standard_error":19093.47712530444},"slope":null,"std_dev":{"confidence_interval":{"confidence_level":0.95,"lower_bound":82616.72678539684,"upper_bound":180824.41556495358},"point_estimate":126697.91496035397,"standard_error":30257.62596486836}}