{"mean":{"confidence_interval":{"confidence_level":0.95,"lower_bound":166367317.98000002,"upper_bound":167222577.25},"point_estimate":166795557.0,"standard_error":219627.63958794522},"median":{"confidence_interval":{"confidence_level":0.95,"lower_bound":166056844.5,"upper_bound":167601773.5},"point_estimate":166777409.0,"standard_error":355860.92292387213},"median_abs_dev":{"confidence_interval":{"confidence_level":0.95,"lower_bound":130165.23533910513,"upper_bound":1259125.826396048},"point_estimate":1145255.8473676443,"standard_error":301201.0944084502},"slope":null,"std_dev":{"confidence_interval":{"confidence_level":0.95,"lower_bound":451365.20477831684,"upper_bound":868630.2917432707},"point_estimate":732358.262402016,"standard_error":104989.80476860999}}