{"mean":{"confidence_interval":{"confidence_level":0.95,"lower_bound":119134074.6,"upper_bound":119367931.2775},"point_estimate":119249943.2,"standard_error":60032.50380341103},"median":{"confidence_interval":{"confidence_level":0.95,"lower_bound":119064707.0,"upper_bound":119434257.0},"point_estimate":119229323.0,"standard_error":130750.61264260001},"median_abs_dev":{"confidence_interval":{"confidence_level":0.95,"lower_bound":31832.90403485298,"upper_bound":292593.32870543003},"point_estimate":271601.1956781149,"standard_error":84229.79187679022},"slope":null,"std_dev":{"confidence_interval":{"confidence_level":0.95,"lower_bound":137783.41754191782,"upper_bound":225689.90471961442},"point_estimate":199941.1575149049,"standard_error":22597.297233881443}}