{"mean":{"confidence_interval":{"confidence_level":0.95,"lower_bound":166883156.55,"upper_bound":168913538.60875002},"point_estimate":167747164.05,"standard_error":530309.7648886602},"median":{"confidence_interval":{"confidence_level":0.95,"lower_bound":166749307.0,"upper_bound":168085033.0},"point_estimate":167391996.25,"standard_error":300742.07690197206},"median_abs_dev":{"confidence_interval":{"confidence_level":0.95,"lower_bound":104193.41965019703,"upper_bound":1931892.2588020563},"point_estimate":569332.4745923281,"standard_error":472847.8238373912},"slope":null,"std_dev":{"confidence_interval":{"confidence_level":0.95,"lower_bound":460498.3613627422,"upper_bound":2600228.3711002246},"point_estimate":1764303.6351387487,"standard_error":648643.1276040406}}