{"mean":{"confidence_interval":{"confidence_level":0.95,"lower_bound":113282986.0325,"upper_bound":113564669.59275},"point_estimate":113417253.44,"standard_error":71681.62407462734},"median":{"confidence_interval":{"confidence_level":0.95,"lower_bound":113121678.0,"upper_bound":113319999.0},"point_estimate":113213536.0,"standard_error":52703.58197949769},"median_abs_dev":{"confidence_interval":{"confidence_level":0.95,"lower_bound":313305.99163770676,"upper_bound":613657.02470541},"point_estimate":462587.5003874302,"standard_error":80458.74896876542},"slope":null,"std_dev":{"confidence_interval":{"confidence_level":0.95,"lower_bound":528981.9613835728,"upper_bound":898409.0738339233},"point_estimate":718753.3700166907,"standard_error":94778.5685990477}}