{"mean":{"confidence_interval":{"confidence_level":0.95,"lower_bound":124767689.88524999,"upper_bound":125115789.82475},"point_estimate":124938162.76,"standard_error":88608.99578986721},"median":{"confidence_interval":{"confidence_level":0.95,"lower_bound":124724594.0,"upper_bound":124993529.5},"point_estimate":124845778.5,"standard_error":82381.45202205308},"median_abs_dev":{"confidence_interval":{"confidence_level":0.95,"lower_bound":520325.87376236916,"upper_bound":994392.3673810061},"point_estimate":772980.1830768585,"standard_error":122909.74406568894},"slope":null,"std_dev":{"confidence_interval":{"confidence_level":0.95,"lower_bound":715128.7120061007,"upper_bound":1050073.2918524276},"point_estimate":888503.2563289079,"standard_error":85711.73742930879}}