{"mean":{"confidence_interval":{"confidence_level":0.95,"lower_bound":170933009.785,"upper_bound":173632670.48749998},"point_estimate":172063795.85,"standard_error":707353.3590892268},"median":{"confidence_interval":{"confidence_level":0.95,"lower_bound":170378205.5,"upper_bound":172605725.0},"point_estimate":171641051.75,"standard_error":553208.036377864},"median_abs_dev":{"confidence_interval":{"confidence_level":0.95,"lower_bound":179954.64895516634,"upper_bound":2507002.7961418033},"point_estimate":1590579.953661561,"standard_error":569766.8615546119},"slope":null,"std_dev":{"confidence_interval":{"confidence_level":0.95,"lower_bound":720399.159922544,"upper_bound":3492832.2735009547},"point_estimate":2359699.76529679,"standard_error":885532.2544366105}}