{"mean":{"confidence_interval":{"confidence_level":0.95,"lower_bound":108644954.152,"upper_bound":108796563.62200001},"point_estimate":108715910.92,"standard_error":38917.37529387639},"median":{"confidence_interval":{"confidence_level":0.95,"lower_bound":108600875.0,"upper_bound":108712819.0},"point_estimate":108648899.0,"standard_error":30921.882741343503},"median_abs_dev":{"confidence_interval":{"confidence_level":0.95,"lower_bound":176270.75867056847,"upper_bound":282341.1498874426},"point_estimate":240549.62182939053,"standard_error":27031.259499558797},"slope":null,"std_dev":{"confidence_interval":{"confidence_level":0.95,"lower_bound":241719.73981636082,"upper_bound":518946.4531870795},"point_estimate":390940.8609068376,"standard_error":70424.20531731258}}