{"mean":{"confidence_interval":{"confidence_level":0.95,"lower_bound":125382610.7905,"upper_bound":126463737.97749999},"point_estimate":125786866.8,"standard_error":297082.8088319324},"median":{"confidence_interval":{"confidence_level":0.95,"lower_bound":125195771.0,"upper_bound":125565126.0},"point_estimate":125354590.5,"standard_error":79853.75395335972},"median_abs_dev":{"confidence_interval":{"confidence_level":0.95,"lower_bound":471569.0910279751,"upper_bound":794120.205451548},"point_estimate":595275.008931756,"standard_error":78180.49050811323},"slope":null,"std_dev":{"confidence_interval":{"confidence_level":0.95,"lower_bound":670489.720097463,"upper_bound":5005868.481053414},"point_estimate":2985226.8228648556,"standard_error":1486129.288444022}}