{"mean":{"confidence_interval":{"confidence_level":0.95,"lower_bound":170244752.0,"upper_bound":171205197.8},"point_estimate":170777134.2,"standard_error":248136.069169728},"median":{"confidence_interval":{"confidence_level":0.95,"lower_bound":170257655.5,"upper_bound":171313586.0},"point_estimate":171019865.25,"standard_error":214877.94021061805},"median_abs_dev":{"confidence_interval":{"confidence_level":0.95,"lower_bound":93305.20544350147,"upper_bound":1060623.4811201692},"point_estimate":364132.48393535614,"standard_error":252585.14037737795},"slope":null,"std_dev":{"confidence_interval":{"confidence_level":0.95,"lower_bound":224880.28205438182,"upper_bound":1102364.3012904502},"point_estimate":824491.2747419601,"standard_error":236562.9340178965}}