{"mean":{"confidence_interval":{"confidence_level":0.95,"lower_bound":123924352.91375001,"upper_bound":124265783.83500001},"point_estimate":124090989.52,"standard_error":87294.0896766552},"median":{"confidence_interval":{"confidence_level":0.95,"lower_bound":123726799.0,"upper_bound":124133821.0},"point_estimate":123902541.0,"standard_error":118070.77849444567},"median_abs_dev":{"confidence_interval":{"confidence_level":0.95,"lower_bound":588273.4305560589,"upper_bound":977780.6130409241},"point_estimate":758749.4472295046,"standard_error":106702.20110113156},"slope":null,"std_dev":{"confidence_interval":{"confidence_level":0.95,"lower_bound":743654.9617595706,"upper_bound":993784.7519965398},"point_estimate":877929.686565582,"standard_error":63873.75517821005}}