{"mean":{"confidence_interval":{"confidence_level":0.95,"lower_bound":161740885.25,"upper_bound":162476316.8225},"point_estimate":162129972.85,"standard_error":188657.90145564903},"median":{"confidence_interval":{"confidence_level":0.95,"lower_bound":161698254.5,"upper_bound":162579382.0},"point_estimate":162327426.5,"standard_error":226645.48358284216},"median_abs_dev":{"confidence_interval":{"confidence_level":0.95,"lower_bound":77552.58072316647,"upper_bound":967357.9352259636},"point_estimate":451101.79839134216,"standard_error":240138.06849298373},"slope":null,"std_dev":{"confidence_interval":{"confidence_level":0.95,"lower_bound":283552.43764428055,"upper_bound":805728.9935536552},"point_estimate":628410.742802917,"standard_error":132169.5627572998}}