{"mean":{"confidence_interval":{"confidence_level":0.95,"lower_bound":0.007154133031954861,"upper_bound":0.05080542852858435},"point_estimate":0.028863787690877052,"standard_error":0.011171189271162823},"median":{"confidence_interval":{"confidence_level":0.95,"lower_bound":-0.011620527516593038,"upper_bound":0.05283751547725557},"point_estimate":0.0232177639988862,"standard_error":0.0155179133966098}}