{"mean":{"confidence_interval":{"confidence_level":0.95,"lower_bound":-0.0319375647921188,"upper_bound":0.01042576042350852},"point_estimate":-0.010498162371952668,"standard_error":0.010775993814589052},"median":{"confidence_interval":{"confidence_level":0.95,"lower_bound":-0.028413255292112694,"upper_bound":0.010241668377797412},"point_estimate":-0.007137890502719069,"standard_error":0.00969885296399055}}