{"mean":{"confidence_interval":{"confidence_level":0.95,"lower_bound":-0.018130554001163805,"upper_bound":0.02351233539596398},"point_estimate":0.0020165024410245813,"standard_error":0.010584885246475677},"median":{"confidence_interval":{"confidence_level":0.95,"lower_bound":-0.024670138406604147,"upper_bound":0.03580202642371333},"point_estimate":-0.0012297342188175575,"standard_error":0.01509553221666212}}