{"mean":{"confidence_interval":{"confidence_level":0.95,"lower_bound":-0.0871936865502069,"upper_bound":-0.04975057467101585},"point_estimate":-0.0681417908204276,"standard_error":0.009452522495137332},"median":{"confidence_interval":{"confidence_level":0.95,"lower_bound":-0.0817935012371982,"upper_bound":-0.043687407103192855},"point_estimate":-0.06413239914355096,"standard_error":0.00983844223916375}}