{"mean":{"confidence_interval":{"confidence_level":0.95,"lower_bound":-0.04245464076548611,"upper_bound":-0.002965676423025825},"point_estimate":-0.02297589532491484,"standard_error":0.010094511318246853},"median":{"confidence_interval":{"confidence_level":0.95,"lower_bound":-0.04447802282631219,"upper_bound":0.010433402952910864},"point_estimate":-0.017347680563754353,"standard_error":0.013451777268606724}}