{"mean":{"confidence_interval":{"confidence_level":0.95,"lower_bound":0.013251829966250891,"upper_bound":0.052774159177283606},"point_estimate":0.032764861731215955,"standard_error":0.010116710332921785},"median":{"confidence_interval":{"confidence_level":0.95,"lower_bound":0.01571190415731083,"upper_bound":0.07108313433313396},"point_estimate":0.046846636455469604,"standard_error":0.01417623058979841}}