{"mean":{"confidence_interval":{"confidence_level":0.95,"lower_bound":0.07200948708606862,"upper_bound":0.11530461060518332},"point_estimate":0.09321554137813326,"standard_error":0.011095844500942174},"median":{"confidence_interval":{"confidence_level":0.95,"lower_bound":0.06311846491224649,"upper_bound":0.11350195055055923},"point_estimate":0.08186869016091225,"standard_error":0.01258736688518591}}