{"mean":{"confidence_interval":{"confidence_level":0.95,"lower_bound":17049901.690083332,"upper_bound":17231671.188333336},"point_estimate":17139967.62333333,"standard_error":46416.960587135894},"median":{"confidence_interval":{"confidence_level":0.95,"lower_bound":17064274.75,"upper_bound":17225160.75},"point_estimate":17116394.375,"standard_error":49920.09993781548},"median_abs_dev":{"confidence_interval":{"confidence_level":0.95,"lower_bound":208666.61827042516,"upper_bound":412604.17504980974},"point_estimate":345295.0010947902,"standard_error":52409.75993418639},"slope":null,"std_dev":{"confidence_interval":{"confidence_level":0.95,"lower_bound":250533.48848691792,"upper_bound":405725.48706689785},"point_estimate":331641.5784430296,"standard_error":39758.20346982856}}