{"mean":{"confidence_interval":{"confidence_level":0.95,"lower_bound":14959173.551749999,"upper_bound":15112102.288749998},"point_estimate":15032749.57,"standard_error":39064.4930221953},"median":{"confidence_interval":{"confidence_level":0.95,"lower_bound":14889567.0,"upper_bound":15105119.0},"point_estimate":14987211.5,"standard_error":51136.18113144646},"median_abs_dev":{"confidence_interval":{"confidence_level":0.95,"lower_bound":250050.86376070976,"upper_bound":377572.9939967394},"point_estimate":315979.8606902361,"standard_error":32249.766847965693},"slope":null,"std_dev":{"confidence_interval":{"confidence_level":0.95,"lower_bound":292378.9473877918,"upper_bound":495466.25386547024},"point_estimate":392700.7740187101,"standard_error":52845.717523208776}}