{"mean":{"confidence_interval":{"confidence_level":0.95,"lower_bound":15011834.913124999,"upper_bound":15095176.963750001},"point_estimate":15052261.3,"standard_error":21344.586037812795},"median":{"confidence_interval":{"confidence_level":0.95,"lower_bound":14984716.5,"upper_bound":15053233.0},"point_estimate":15028406.0,"standard_error":18307.109871545003},"median_abs_dev":{"confidence_interval":{"confidence_level":0.95,"lower_bound":116888.18192481995,"upper_bound":192274.684086442},"point_estimate":153589.57362324,"standard_error":19223.14853283106},"slope":null,"std_dev":{"confidence_interval":{"confidence_level":0.95,"lower_bound":166562.97946924335,"upper_bound":256644.0482496292},"point_estimate":214223.58631795016,"standard_error":23040.80208714615}}