{"mean":{"confidence_interval":{"confidence_level":0.95,"lower_bound":-0.06696420391146231,"upper_bound":-0.05841214306803657},"point_estimate":-0.0630762210962077,"standard_error":0.002176325447526241},"median":{"confidence_interval":{"confidence_level":0.95,"lower_bound":-0.0695750839810021,"upper_bound":-0.057957142635569725},"point_estimate":-0.06412419746986597,"standard_error":0.002919113668425485}}