{"mean":{"confidence_interval":{"confidence_level":0.95,"lower_bound":-0.005444205129476767,"upper_bound":0.004760362056149674},"point_estimate":-0.00005858406789138737,"standard_error":0.0026084761315888845},"median":{"confidence_interval":{"confidence_level":0.95,"lower_bound":-0.005934511062953729,"upper_bound":0.009286237954793108},"point_estimate":0.0003671076090072667,"standard_error":0.003657655228105801}}