{"mean":{"confidence_interval":{"confidence_level":0.95,"lower_bound":0.07450168762174662,"upper_bound":0.08464354713051626},"point_estimate":0.07924866532884534,"standard_error":0.002573832510755102},"median":{"confidence_interval":{"confidence_level":0.95,"lower_bound":0.07270871976208548,"upper_bound":0.08335388152794088},"point_estimate":0.07813559723503327,"standard_error":0.002750650145123224}}