{"mean":{"confidence_interval":{"confidence_level":0.95,"lower_bound":-0.0034668057621738274,"upper_bound":0.005232567581626168},"point_estimate":0.0009934965488007652,"standard_error":0.0022167907450394964},"median":{"confidence_interval":{"confidence_level":0.95,"lower_bound":-0.003414647334083143,"upper_bound":0.0069833047902569945},"point_estimate":0.001688746956479692,"standard_error":0.002689502036524546}}