{"mean":{"confidence_interval":{"confidence_level":0.95,"lower_bound":0.024705128407844473,"upper_bound":0.02982138472718796},"point_estimate":0.02685015824987036,"standard_error":0.001301415803500549},"median":{"confidence_interval":{"confidence_level":0.95,"lower_bound":0.024568071717092455,"upper_bound":0.026851214518925026},"point_estimate":0.025820126410452948,"standard_error":0.0005879692674239432}}