{"mean":{"confidence_interval":{"confidence_level":0.95,"lower_bound":-0.010423130513301774,"upper_bound":-0.006746123966131448},"point_estimate":-0.008544168975824884,"standard_error":0.000936476459375671},"median":{"confidence_interval":{"confidence_level":0.95,"lower_bound":-0.01091745143840639,"upper_bound":-0.007196031840426498},"point_estimate":-0.008823367803101778,"standard_error":0.0010031557280770669}}