{"mean":{"confidence_interval":{"confidence_level":0.95,"lower_bound":-0.059094090888192286,"upper_bound":-0.05506446787159416},"point_estimate":-0.05697183549800655,"standard_error":0.0010336562145919466},"median":{"confidence_interval":{"confidence_level":0.95,"lower_bound":-0.05920053243474055,"upper_bound":-0.055444560286538214},"point_estimate":-0.05673672968250021,"standard_error":0.0009123745699539089}}