{"mean":{"confidence_interval":{"confidence_level":0.95,"lower_bound":0.014273582679192154,"upper_bound":0.01946441029220218},"point_estimate":0.017109618415171113,"standard_error":0.0013339386634049575},"median":{"confidence_interval":{"confidence_level":0.95,"lower_bound":0.01643684569972237,"upper_bound":0.019915884179676047},"point_estimate":0.017690018941171726,"standard_error":0.0009836844472395857}}