{"mean":{"confidence_interval":{"confidence_level":0.95,"lower_bound":-0.2410637379322911,"upper_bound":-0.23498047999156865},"point_estimate":-0.23791566877634396,"standard_error":0.0015534586356971102},"median":{"confidence_interval":{"confidence_level":0.95,"lower_bound":-0.2413157247481177,"upper_bound":-0.23447800288908427},"point_estimate":-0.2375544675602963,"standard_error":0.001541917896103753}}