{"mean":{"confidence_interval":{"confidence_level":0.95,"lower_bound":0.017153822721007825,"upper_bound":0.04645045863359452},"point_estimate":0.03136595048651114,"standard_error":0.007468289550409795},"median":{"confidence_interval":{"confidence_level":0.95,"lower_bound":0.01829561711576866,"upper_bound":0.05189174260866647},"point_estimate":0.032783409215125126,"standard_error":0.0076861730665609635}}