{"mean":{"confidence_interval":{"confidence_level":0.95,"lower_bound":-0.04531911715022286,"upper_bound":-0.021182722219037945},"point_estimate":-0.033565921624234996,"standard_error":0.006202077778315605},"median":{"confidence_interval":{"confidence_level":0.95,"lower_bound":-0.04793183480908281,"upper_bound":-0.018088030786883924},"point_estimate":-0.03192790795979361,"standard_error":0.006859200993192571}}