{"mean":{"confidence_interval":{"confidence_level":0.95,"lower_bound":-0.016018004931209445,"upper_bound":0.006177205230683428},"point_estimate":-0.005069876159110698,"standard_error":0.005658401281273739},"median":{"confidence_interval":{"confidence_level":0.95,"lower_bound":-0.017981125897671757,"upper_bound":0.009516512982532976},"point_estimate":-0.004086171565913399,"standard_error":0.006799756899253838}}