{"mean":{"confidence_interval":{"confidence_level":0.95,"lower_bound":-0.006005381210622269,"upper_bound":0.010992205510736848},"point_estimate":0.002365338635205605,"standard_error":0.004332633097976237},"median":{"confidence_interval":{"confidence_level":0.95,"lower_bound":-0.013408570333854342,"upper_bound":0.010795283746162676},"point_estimate":-0.002203890960167043,"standard_error":0.00605213564958682}}