{"mean":{"confidence_interval":{"confidence_level":0.95,"lower_bound":-0.015845863479523905,"upper_bound":0.0006366786085500267},"point_estimate":-0.007461412930078293,"standard_error":0.004210317136779988},"median":{"confidence_interval":{"confidence_level":0.95,"lower_bound":-0.021718670037734533,"upper_bound":0.0015572384252733474},"point_estimate":-0.011933625736707754,"standard_error":0.0058417500733590685}}