{"mean":{"confidence_interval":{"confidence_level":0.95,"lower_bound":-0.0021374522115923168,"upper_bound":0.018283568646043444},"point_estimate":0.007719573618970799,"standard_error":0.005217834349053133},"median":{"confidence_interval":{"confidence_level":0.95,"lower_bound":-0.0054453879581970455,"upper_bound":0.021334120008262403},"point_estimate":0.006473292208155623,"standard_error":0.0071215867549233244}}