{"mean":{"confidence_interval":{"confidence_level":0.95,"lower_bound":-0.04884432514341509,"upper_bound":-0.03320787508526672},"point_estimate":-0.04104672411963284,"standard_error":0.003983725733654338},"median":{"confidence_interval":{"confidence_level":0.95,"lower_bound":-0.04830986754108002,"upper_bound":-0.03196103855653065},"point_estimate":-0.041460179360995664,"standard_error":0.004170020178137978}}