{"mean":{"confidence_interval":{"confidence_level":0.95,"lower_bound":0.006430448648349962,"upper_bound":0.021758354731526576},"point_estimate":0.014236283038118636,"standard_error":0.003924011323191877},"median":{"confidence_interval":{"confidence_level":0.95,"lower_bound":0.006526979184489301,"upper_bound":0.02385203033825789},"point_estimate":0.015320128946147094,"standard_error":0.004178441136923603}}