{"mean":{"confidence_interval":{"confidence_level":0.95,"lower_bound":-0.06669730126356238,"upper_bound":-0.051071396590329186},"point_estimate":-0.059095793630850935,"standard_error":0.004009507088834363},"median":{"confidence_interval":{"confidence_level":0.95,"lower_bound":-0.06558405432501335,"upper_bound":-0.04982410943948745},"point_estimate":-0.05667483573222154,"standard_error":0.004030730279136697}}