{"mean":{"confidence_interval":{"confidence_level":0.95,"lower_bound":-0.007069250644742506,"upper_bound":0.009549194124197576},"point_estimate":0.00122269305140299,"standard_error":0.004263863517079828},"median":{"confidence_interval":{"confidence_level":0.95,"lower_bound":-0.010925939541891583,"upper_bound":0.008002988926574472},"point_estimate":-0.0026427988868006347,"standard_error":0.00483566997897849}}