{"mean":{"confidence_interval":{"confidence_level":0.95,"lower_bound":-0.01793614147217215,"upper_bound":0.005381929718584823},"point_estimate":-0.00579756616515803,"standard_error":0.006041137772046712},"median":{"confidence_interval":{"confidence_level":0.95,"lower_bound":-0.015939593061144564,"upper_bound":0.008870848833519629},"point_estimate":-0.0004370564936091448,"standard_error":0.006595454852404395}}