{"mean":{"confidence_interval":{"confidence_level":0.95,"lower_bound":0.06048921934742048,"upper_bound":0.0834601966377931},"point_estimate":0.07153100947550217,"standard_error":0.0058608423746970085},"median":{"confidence_interval":{"confidence_level":0.95,"lower_bound":0.06366645315328179,"upper_bound":0.07833615796958782},"point_estimate":0.06879568538375658,"standard_error":0.0036101229816901527}}