{"mean":{"confidence_interval":{"confidence_level":0.95,"lower_bound":0.056881539187547486,"upper_bound":0.07440574102244188},"point_estimate":0.06619202181417849,"standard_error":0.004473138153270402},"median":{"confidence_interval":{"confidence_level":0.95,"lower_bound":0.053634085694560775,"upper_bound":0.07202925559005591},"point_estimate":0.06427400441735198,"standard_error":0.0044964461338621075}}