{"mean":{"confidence_interval":{"confidence_level":0.95,"lower_bound":-0.03991512799194403,"upper_bound":-0.025168356352661344},"point_estimate":-0.032464311347196184,"standard_error":0.0037684843637532514},"median":{"confidence_interval":{"confidence_level":0.95,"lower_bound":-0.038632358935664635,"upper_bound":-0.02374379961516404},"point_estimate":-0.030556335314383176,"standard_error":0.00382622270695592}}