{"mean":{"confidence_interval":{"confidence_level":0.95,"lower_bound":13024649.8045,"upper_bound":13241039.98725},"point_estimate":13112070.26,"standard_error":56857.685686698525},"median":{"confidence_interval":{"confidence_level":0.95,"lower_bound":12973780.0,"upper_bound":13067948.0},"point_estimate":13019847.5,"standard_error":25977.20810991024},"median_abs_dev":{"confidence_interval":{"confidence_level":0.95,"lower_bound":147943.38814347982,"upper_bound":239915.81034064293},"point_estimate":183977.31333374977,"standard_error":23757.162127787764},"slope":null,"std_dev":{"confidence_interval":{"confidence_level":0.95,"lower_bound":208822.69201442078,"upper_bound":925801.1345271596},"point_estimate":572828.2949766103,"standard_error":235882.1178803514}}