{"mean":{"confidence_interval":{"confidence_level":0.95,"lower_bound":13774816.541562501,"upper_bound":13858125.325625},"point_estimate":13815873.5875,"standard_error":21261.188328389504},"median":{"confidence_interval":{"confidence_level":0.95,"lower_bound":13746915.75,"upper_bound":13860767.75},"point_estimate":13800927.5,"standard_error":25009.28117558019},"median_abs_dev":{"confidence_interval":{"confidence_level":0.95,"lower_bound":93305.57609349489,"upper_bound":203776.490824744},"point_estimate":138568.9826399088,"standard_error":27798.066761265072},"slope":null,"std_dev":{"confidence_interval":{"confidence_level":0.95,"lower_bound":107845.97249436818,"upper_bound":158880.9984232598},"point_estimate":136159.90430805262,"standard_error":13043.053244793062}}