{"mean":{"confidence_interval":{"confidence_level":0.95,"lower_bound":12455291.815750001,"upper_bound":12571063.486},"point_estimate":12506847.71,"standard_error":29650.53717432504},"median":{"confidence_interval":{"confidence_level":0.95,"lower_bound":12426474.525000002,"upper_bound":12485086.0},"point_estimate":12455256.5,"standard_error":14002.69383957533},"median_abs_dev":{"confidence_interval":{"confidence_level":0.95,"lower_bound":99890.91452658176,"upper_bound":177412.36065030098},"point_estimate":135050.03160238266,"standard_error":19829.81540696631},"slope":null,"std_dev":{"confidence_interval":{"confidence_level":0.95,"lower_bound":151082.13438521817,"upper_bound":438577.27326299157},"point_estimate":297703.75682968966,"standard_error":78209.80456135276}}