{"mean":{"confidence_interval":{"confidence_level":0.95,"lower_bound":13268247.7315,"upper_bound":13397746.42225},"point_estimate":13330358.18,"standard_error":33029.91109163222},"median":{"confidence_interval":{"confidence_level":0.95,"lower_bound":13233305.0,"upper_bound":13388137.5},"point_estimate":13289042.0,"standard_error":41368.639683884445},"median_abs_dev":{"confidence_interval":{"confidence_level":0.95,"lower_bound":225460.4605972767,"upper_bound":374392.075753212},"point_estimate":291167.0675307512,"standard_error":39479.22375071561},"slope":null,"std_dev":{"confidence_interval":{"confidence_level":0.95,"lower_bound":249289.80927863513,"upper_bound":433293.3696208193},"point_estimate":333165.47465244884,"standard_error":50872.16606424784}}