{"mean":{"confidence_interval":{"confidence_level":0.95,"lower_bound":117324708.325,"upper_bound":118702202.0245},"point_estimate":118017009.8,"standard_error":351358.4101129762},"median":{"confidence_interval":{"confidence_level":0.95,"lower_bound":117159663.0,"upper_bound":119125871.5},"point_estimate":118082247.5,"standard_error":504094.555333851},"median_abs_dev":{"confidence_interval":{"confidence_level":0.95,"lower_bound":2973899.102702737,"upper_bound":4773208.376258612},"point_estimate":3983153.089284897,"standard_error":462782.4559137355},"slope":null,"std_dev":{"confidence_interval":{"confidence_level":0.95,"lower_bound":3091263.3959463364,"upper_bound":3892439.9933545785},"point_estimate":3517718.90905024,"standard_error":204336.40017640864}}