{"mean":{"confidence_interval":{"confidence_level":0.95,"lower_bound":113943012.75825,"upper_bound":114903289.034},"point_estimate":114427616.96,"standard_error":244961.26814538724},"median":{"confidence_interval":{"confidence_level":0.95,"lower_bound":113799241.0,"upper_bound":115318330.0},"point_estimate":114880628.0,"standard_error":354872.7713093327},"median_abs_dev":{"confidence_interval":{"confidence_level":0.95,"lower_bound":1965257.429909706,"upper_bound":3221335.62379986},"point_estimate":2643402.364370227,"standard_error":326964.8080103673},"slope":null,"std_dev":{"confidence_interval":{"confidence_level":0.95,"lower_bound":2157341.2245966713,"upper_bound":2727859.7371263187},"point_estimate":2459375.5140239415,"standard_error":145273.93603321302}}