{"mean":{"confidence_interval":{"confidence_level":0.95,"lower_bound":1103583266.8366668,"upper_bound":1109546164.4408333},"point_estimate":1106300897.8,"standard_error":1529483.3934767689},"median":{"confidence_interval":{"confidence_level":0.95,"lower_bound":1102163651.0,"upper_bound":1107355008.5},"point_estimate":1104796967.0,"standard_error":1303697.9940032733},"median_abs_dev":{"confidence_interval":{"confidence_level":0.95,"lower_bound":3379951.3595938683,"upper_bound":8150229.377004504},"point_estimate":5551029.989549518,"standard_error":1231337.8000729135},"slope":null,"std_dev":{"confidence_interval":{"confidence_level":0.95,"lower_bound":4304188.455047514,"upper_bound":12012826.96731006},"point_estimate":8532560.371972539,"standard_error":2064113.5675096256}}