{"mean":{"confidence_interval":{"confidence_level":0.95,"lower_bound":1086608079.1733332,"upper_bound":1093549617.2666667},"point_estimate":1089968553.8666666,"standard_error":1768419.2557000383},"median":{"confidence_interval":{"confidence_level":0.95,"lower_bound":1084424689.0,"upper_bound":1094077622.0},"point_estimate":1088648436.5,"standard_error":2889986.885034748},"median_abs_dev":{"confidence_interval":{"confidence_level":0.95,"lower_bound":4315358.783542068,"upper_bound":12591051.441264153},"point_estimate":8609424.688652158,"standard_error":1970020.809337426},"slope":null,"std_dev":{"confidence_interval":{"confidence_level":0.95,"lower_bound":6716710.047881459,"upper_bound":12338372.21331667},"point_estimate":9830207.624910891,"standard_error":1440890.290858682}}