{"mean":{"confidence_interval":{"confidence_level":0.95,"lower_bound":1098007160.9683332,"upper_bound":1103558765.1908333},"point_estimate":1100707099.0666666,"standard_error":1415878.2947368806},"median":{"confidence_interval":{"confidence_level":0.95,"lower_bound":1098134843.0,"upper_bound":1102546380.0},"point_estimate":1099864173.5,"standard_error":1037598.4802036561},"median_abs_dev":{"confidence_interval":{"confidence_level":0.95,"lower_bound":2416641.663596034,"upper_bound":9525098.021248166},"point_estimate":6265398.5478669405,"standard_error":1739436.5440708308},"slope":null,"std_dev":{"confidence_interval":{"confidence_level":0.95,"lower_bound":5236872.341612441,"upper_bound":10048157.518798802},"point_estimate":7873100.953069776,"standard_error":1236277.9980118677}}