{"mean":{"confidence_interval":{"confidence_level":0.95,"lower_bound":1666905559.4,"upper_bound":1678535833.3325},"point_estimate":1672695750.9,"standard_error":2970028.9646812542},"median":{"confidence_interval":{"confidence_level":0.95,"lower_bound":1664930529.5,"upper_bound":1680949506.5},"point_estimate":1672124985.0,"standard_error":3413346.366660043},"median_abs_dev":{"confidence_interval":{"confidence_level":0.95,"lower_bound":2237133.6478829384,"upper_bound":19248834.89816487},"point_estimate":7533448.514154553,"standard_error":4448226.468974641},"slope":null,"std_dev":{"confidence_interval":{"confidence_level":0.95,"lower_bound":5454226.5761754345,"upper_bound":12560133.693749726},"point_estimate":9915469.501590863,"standard_error":1850243.8352693138}}