{"mean":{"confidence_interval":{"confidence_level":0.95,"lower_bound":1595210188.8875,"upper_bound":1602939785.1},"point_estimate":1599256713.4,"standard_error":1984966.1109004414},"median":{"confidence_interval":{"confidence_level":0.95,"lower_bound":1593630866.0,"upper_bound":1604953130.0},"point_estimate":1600270556.5,"standard_error":2817179.739549349},"median_abs_dev":{"confidence_interval":{"confidence_level":0.95,"lower_bound":1521599.0246862173,"upper_bound":10780722.002103925},"point_estimate":7797903.5779595375,"standard_error":2598153.494282956},"slope":null,"std_dev":{"confidence_interval":{"confidence_level":0.95,"lower_bound":3337183.211318573,"upper_bound":8250085.256285477},"point_estimate":6621310.743962745,"standard_error":1224040.32179194}}