{"mean":{"confidence_interval":{"confidence_level":0.95,"lower_bound":1678647904.0275,"upper_bound":1687242546.2},"point_estimate":1683060113.7,"standard_error":2188583.012202388},"median":{"confidence_interval":{"confidence_level":0.95,"lower_bound":1678884165.0,"upper_bound":1686662222.0},"point_estimate":1683815348.0,"standard_error":1893910.8489189823},"median_abs_dev":{"confidence_interval":{"confidence_level":0.95,"lower_bound":852485.3479653597,"upper_bound":12574593.098956347},"point_estimate":5386274.584874511,"standard_error":2625325.302527611},"slope":null,"std_dev":{"confidence_interval":{"confidence_level":0.95,"lower_bound":2805268.3299070373,"upper_bound":10131510.898712464},"point_estimate":7308117.359170266,"standard_error":1900339.1134953767}}