{"mean":{"confidence_interval":{"confidence_level":0.95,"lower_bound":1145653317.6374998,"upper_bound":1156818682.8},"point_estimate":1151069769.2,"standard_error":2866241.1514621954},"median":{"confidence_interval":{"confidence_level":0.95,"lower_bound":1142678800.0,"upper_bound":1158902737.0},"point_estimate":1150040890.5,"standard_error":4966034.04183123},"median_abs_dev":{"confidence_interval":{"confidence_level":0.95,"lower_bound":938669.6257352829,"upper_bound":15800639.461782575},"point_estimate":11480652.260577679,"standard_error":3870686.460650197},"slope":null,"std_dev":{"confidence_interval":{"confidence_level":0.95,"lower_bound":5794151.969972873,"upper_bound":11844026.604881046},"point_estimate":9562678.740180641,"standard_error":1578473.2938341638}}