{"mean":{"confidence_interval":{"confidence_level":0.95,"lower_bound":35173146.529374994,"upper_bound":36007910.055},"point_estimate":35593514.24,"standard_error":212879.05595004035},"median":{"confidence_interval":{"confidence_level":0.95,"lower_bound":35553677.5,"upper_bound":36390886.0},"point_estimate":35972228.0,"standard_error":210120.49343788926},"median_abs_dev":{"confidence_interval":{"confidence_level":0.95,"lower_bound":1493192.4091905355,"upper_bound":2469471.2781856162},"point_estimate":2061634.953148663,"standard_error":250005.04850610535},"slope":null,"std_dev":{"confidence_interval":{"confidence_level":0.95,"lower_bound":1837412.7324044127,"upper_bound":2415005.4819772355},"point_estimate":2141874.15024049,"standard_error":147388.22324131735}}