{"mean":{"confidence_interval":{"confidence_level":0.95,"lower_bound":35689973.82766667,"upper_bound":36559681.30900001},"point_estimate":36111816.17333333,"standard_error":222289.36694165957},"median":{"confidence_interval":{"confidence_level":0.95,"lower_bound":35378635.9,"upper_bound":36436243.6},"point_estimate":35771724.900000006,"standard_error":272034.41331778973},"median_abs_dev":{"confidence_interval":{"confidence_level":0.95,"lower_bound":649483.756549365,"upper_bound":1732326.2963050625},"point_estimate":1086368.9037930865,"standard_error":265667.27130801865},"slope":null,"std_dev":{"confidence_interval":{"confidence_level":0.95,"lower_bound":891417.3737690382,"upper_bound":1490815.575046354},"point_estimate":1240663.7590631992,"standard_error":152878.15038774983}}