{"mean":{"confidence_interval":{"confidence_level":0.95,"lower_bound":35873008.168875,"upper_bound":36746977.85725},"point_estimate":36310448.99,"standard_error":222834.6930867794},"median":{"confidence_interval":{"confidence_level":0.95,"lower_bound":35658532.0,"upper_bound":36774869.5},"point_estimate":36507186.25,"standard_error":240551.13414159007},"median_abs_dev":{"confidence_interval":{"confidence_level":0.95,"lower_bound":1429399.0975230932,"upper_bound":2449345.9287004173},"point_estimate":1969077.7193918824,"standard_error":267737.91905469756},"slope":null,"std_dev":{"confidence_interval":{"confidence_level":0.95,"lower_bound":1857048.0268348067,"upper_bound":2599226.041250499},"point_estimate":2240419.812394643,"standard_error":189535.12816461048}}