{"mean":{"confidence_interval":{"confidence_level":0.95,"lower_bound":36027892.136851855,"upper_bound":36910997.304856814},"point_estimate":36487224.595542334,"standard_error":225955.03199183},"median":{"confidence_interval":{"confidence_level":0.95,"lower_bound":35764298.46666667,"upper_bound":37057297.37037037},"point_estimate":36772418.32638889,"standard_error":338506.5705213306},"median_abs_dev":{"confidence_interval":{"confidence_level":0.95,"lower_bound":105096.90989666055,"upper_bound":1223758.0882850625},"point_estimate":668207.0668369532,"standard_error":309815.980789201},"slope":{"confidence_interval":{"confidence_level":0.95,"lower_bound":36313828.26215895,"upper_bound":37000005.729288526},"point_estimate":36664197.23290043,"standard_error":175931.97093546673},"std_dev":{"confidence_interval":{"confidence_level":0.95,"lower_bound":399320.0158464543,"upper_bound":911596.2067726675},"point_estimate":753045.7413893513,"standard_error":126138.28371540777}}