{"mean":{"confidence_interval":{"confidence_level":0.95,"lower_bound":36210577.38,"upper_bound":37112640.885000005},"point_estimate":36652133.97333333,"standard_error":230710.78494545343},"median":{"confidence_interval":{"confidence_level":0.95,"lower_bound":35921793.099999994,"upper_bound":37182077.8},"point_estimate":36436146.9,"standard_error":372421.2123525734},"median_abs_dev":{"confidence_interval":{"confidence_level":0.95,"lower_bound":573246.39026284,"upper_bound":1885551.9657647589},"point_estimate":1249606.2743550518,"standard_error":322154.03902113653},"slope":null,"std_dev":{"confidence_interval":{"confidence_level":0.95,"lower_bound":957452.7120295765,"upper_bound":1563201.7427079547},"point_estimate":1284987.4669359347,"standard_error":156002.53948436872}}