{"mean":{"confidence_interval":{"confidence_level":0.95,"lower_bound":-0.02805579406107552,"upper_bound":0.010044858151527305},"point_estimate":-0.009340674721958875,"standard_error":0.009737200078952157},"median":{"confidence_interval":{"confidence_level":0.95,"lower_bound":-0.03821772227706466,"upper_bound":0.015769882170660887},"point_estimate":-0.008426376701634375,"standard_error":0.013635075274524467}}