{"mean":{"confidence_interval":{"confidence_level":0.95,"lower_bound":-0.01610208528882014,"upper_bound":0.04906309347786334},"point_estimate":0.015223031463494907,"standard_error":0.01658590406607279},"median":{"confidence_interval":{"confidence_level":0.95,"lower_bound":-0.011590322737706216,"upper_bound":0.04181911691047979},"point_estimate":0.008728003336804013,"standard_error":0.014251252807916004}}