{"mean":{"confidence_interval":{"confidence_level":0.95,"lower_bound":-0.0041236531803760905,"upper_bound":0.06230551337689418},"point_estimate":0.030092647383742177,"standard_error":0.01689585321713322},"median":{"confidence_interval":{"confidence_level":0.95,"lower_bound":-0.0026132784110213247,"upper_bound":0.05785765960907274},"point_estimate":0.040348038631309535,"standard_error":0.01627967934652282}}