{"mean":{"confidence_interval":{"confidence_level":0.95,"lower_bound":0.06755997390597324,"upper_bound":0.11097220513498277},"point_estimate":0.0884747863537525,"standard_error":0.01110739095691897},"median":{"confidence_interval":{"confidence_level":0.95,"lower_bound":0.05795047520665813,"upper_bound":0.10682958357754835},"point_estimate":0.07431629165213494,"standard_error":0.012603672822706613}}