{"mean":{"confidence_interval":{"confidence_level":0.95,"lower_bound":-0.039713966363086654,"upper_bound":-0.0034703213069531523},"point_estimate":-0.021942984938753907,"standard_error":0.009290637389938823},"median":{"confidence_interval":{"confidence_level":0.95,"lower_bound":-0.0398482952411372,"upper_bound":0.0024337077104403804},"point_estimate":-0.014924991459905113,"standard_error":0.010471370752646085}}