{"mean":{"confidence_interval":{"confidence_level":0.95,"lower_bound":-0.05234147417532681,"upper_bound":-0.015309268553424038},"point_estimate":-0.03423291311390153,"standard_error":0.009453867842854666},"median":{"confidence_interval":{"confidence_level":0.95,"lower_bound":-0.05511167524020821,"upper_bound":-0.008990121111136506},"point_estimate":-0.0455460835865914,"standard_error":0.011591074247741256}}