{"mean":{"confidence_interval":{"confidence_level":0.95,"lower_bound":-0.05570349122789604,"upper_bound":-0.025320487741993646},"point_estimate":-0.04072649200279421,"standard_error":0.00776100402762441},"median":{"confidence_interval":{"confidence_level":0.95,"lower_bound":-0.06107704889670862,"upper_bound":-0.020692022861426018},"point_estimate":-0.038447370585391716,"standard_error":0.01091834486796589}}