{"mean":{"confidence_interval":{"confidence_level":0.95,"lower_bound":0.03364494315790971,"upper_bound":0.06461056818072083},"point_estimate":0.04898656839581994,"standard_error":0.007876396111506806},"median":{"confidence_interval":{"confidence_level":0.95,"lower_bound":0.03487137112798133,"upper_bound":0.0727318095600864},"point_estimate":0.05371613026000199,"standard_error":0.010131131943495804}}