{"mean":{"confidence_interval":{"confidence_level":0.95,"lower_bound":-0.06345454359614361,"upper_bound":-0.022871929266186534},"point_estimate":-0.043384442587863226,"standard_error":0.010374064610335989},"median":{"confidence_interval":{"confidence_level":0.95,"lower_bound":-0.06857818972101848,"upper_bound":-0.021393851544620812},"point_estimate":-0.04155743725843242,"standard_error":0.011988083180283719}}