{"mean":{"confidence_interval":{"confidence_level":0.95,"lower_bound":0.008496544641775046,"upper_bound":0.038289746173447804},"point_estimate":0.022950256879481046,"standard_error":0.007620307320396043},"median":{"confidence_interval":{"confidence_level":0.95,"lower_bound":0.007291626109897642,"upper_bound":0.039080110389927425},"point_estimate":0.02033002521230065,"standard_error":0.008100612377864382}}