{"mean":{"confidence_interval":{"confidence_level":0.95,"lower_bound":-0.040236101610418705,"upper_bound":-0.014050080430158445},"point_estimate":-0.02743693822510529,"standard_error":0.006714125131427038},"median":{"confidence_interval":{"confidence_level":0.95,"lower_bound":-0.04283913412135909,"upper_bound":-0.010038415601726691},"point_estimate":-0.02851384147336289,"standard_error":0.008372524155228838}}