{"mean":{"confidence_interval":{"confidence_level":0.95,"lower_bound":-0.008296370167420209,"upper_bound":0.056785864291581},"point_estimate":0.019118481409987842,"standard_error":0.01679103712402002},"median":{"confidence_interval":{"confidence_level":0.95,"lower_bound":-0.01155056961261347,"upper_bound":0.03319094002714573},"point_estimate":0.012123705527376183,"standard_error":0.011242563033001524}}