{"mean":{"confidence_interval":{"confidence_level":0.95,"lower_bound":-0.03355895655358683,"upper_bound":-0.005407411881887362},"point_estimate":-0.019683514901677746,"standard_error":0.007167542612712661},"median":{"confidence_interval":{"confidence_level":0.95,"lower_bound":-0.035364406205017684,"upper_bound":-0.0028211549260799273},"point_estimate":-0.014550435858636135,"standard_error":0.0082887670914431}}