{"mean":{"confidence_interval":{"confidence_level":0.95,"lower_bound":-0.030503594852365572,"upper_bound":-0.0008093653231985663},"point_estimate":-0.01586974891503945,"standard_error":0.007585509065509921},"median":{"confidence_interval":{"confidence_level":0.95,"lower_bound":-0.03444985137945855,"upper_bound":0.008755255334514489},"point_estimate":-0.010746237447183948,"standard_error":0.011159078494504331}}