{"mean":{"confidence_interval":{"confidence_level":0.95,"lower_bound":-0.06083498340944497,"upper_bound":-0.00130625719245253},"point_estimate":-0.026339294455139606,"standard_error":0.015531801309417647},"median":{"confidence_interval":{"confidence_level":0.95,"lower_bound":-0.04039874854621339,"upper_bound":0.00498560968889783},"point_estimate":-0.02092183985313656,"standard_error":0.011397935321130273}}