{"mean":{"confidence_interval":{"confidence_level":0.95,"lower_bound":0.0044672124710723295,"upper_bound":0.012289282745336931},"point_estimate":0.00806791474740054,"standard_error":0.0020368250172433386},"median":{"confidence_interval":{"confidence_level":0.95,"lower_bound":0.002686743056674601,"upper_bound":0.010610139598569008},"point_estimate":0.006687063913986213,"standard_error":0.0021556725772246}}