{"mean":{"confidence_interval":{"confidence_level":0.95,"lower_bound":-0.002864961727454724,"upper_bound":0.007295129215870387},"point_estimate":0.0016717255679379317,"standard_error":0.0026114231215584975},"median":{"confidence_interval":{"confidence_level":0.95,"lower_bound":-0.005884322694726829,"upper_bound":0.008190491926510779},"point_estimate":-0.001378304490304405,"standard_error":0.0034448148117230113}}