{"mean":{"confidence_interval":{"confidence_level":0.95,"lower_bound":-0.05483469453744863,"upper_bound":-0.046990941376424004},"point_estimate":-0.05068937822598929,"standard_error":0.002000693344291677},"median":{"confidence_interval":{"confidence_level":0.95,"lower_bound":-0.05484128392612808,"upper_bound":-0.04528335281873008},"point_estimate":-0.051577843799139544,"standard_error":0.002430202445638343}}