{"mean":{"confidence_interval":{"confidence_level":0.95,"lower_bound":-0.014253619161330703,"upper_bound":-0.0031550736127363864},"point_estimate":-0.00851738977032146,"standard_error":0.0028282870848480943},"median":{"confidence_interval":{"confidence_level":0.95,"lower_bound":-0.013033955869536595,"upper_bound":-0.0020983265185564592},"point_estimate":-0.007758652560698964,"standard_error":0.0026248869985328618}}