{"mean":{"confidence_interval":{"confidence_level":0.95,"lower_bound":-0.04605952791892282,"upper_bound":-0.03943265050289457},"point_estimate":-0.04266745890569801,"standard_error":0.0017027292891674808},"median":{"confidence_interval":{"confidence_level":0.95,"lower_bound":-0.047015965672745685,"upper_bound":-0.03784315998106036},"point_estimate":-0.04146389173406606,"standard_error":0.0023545124496796898}}