{"mean":{"confidence_interval":{"confidence_level":0.95,"lower_bound":0.0043791933526272165,"upper_bound":0.014285504893226149},"point_estimate":0.00904163998440577,"standard_error":0.002529683863392312},"median":{"confidence_interval":{"confidence_level":0.95,"lower_bound":0.00393022204907334,"upper_bound":0.013776209534647421},"point_estimate":0.009798890304468122,"standard_error":0.0024147609444978304}}