{"mean":{"confidence_interval":{"confidence_level":0.95,"lower_bound":0.038865392577036695,"upper_bound":0.045331556599778514},"point_estimate":0.042258173940994626,"standard_error":0.001653720411989642},"median":{"confidence_interval":{"confidence_level":0.95,"lower_bound":0.03869841476764235,"upper_bound":0.047198635996685834},"point_estimate":0.04333461242393355,"standard_error":0.002527996536096992}}