{"mean":{"confidence_interval":{"confidence_level":0.95,"lower_bound":-0.01728870556491512,"upper_bound":-0.010055276137969476},"point_estimate":-0.013619808388414367,"standard_error":0.0018473054571616532},"median":{"confidence_interval":{"confidence_level":0.95,"lower_bound":-0.018266059411126315,"upper_bound":-0.009797458239717855},"point_estimate":-0.013960173571033963,"standard_error":0.0021996392204212487}}