{"mean":{"confidence_interval":{"confidence_level":0.95,"lower_bound":109702403.53525001,"upper_bound":111008927.013},"point_estimate":110355910.63,"standard_error":332291.0043189289},"median":{"confidence_interval":{"confidence_level":0.95,"lower_bound":109737994.0,"upper_bound":111081710.0},"point_estimate":110356949.5,"standard_error":321524.08000560774},"median_abs_dev":{"confidence_interval":{"confidence_level":0.95,"lower_bound":2410391.022107005,"upper_bound":4388073.381096125},"point_estimate":3365278.0676543713,"standard_error":498610.8049166337},"slope":null,"std_dev":{"confidence_interval":{"confidence_level":0.95,"lower_bound":2883122.076912619,"upper_bound":3734130.305565413},"point_estimate":3336649.456467997,"standard_error":216780.38282203377}}