{"mean":{"confidence_interval":{"confidence_level":0.95,"lower_bound":111222231.47579364,"upper_bound":113486175.35416667},"point_estimate":112359658.5859127,"standard_error":577998.3077437645},"median":{"confidence_interval":{"confidence_level":0.95,"lower_bound":110842701.8888889,"upper_bound":113820602.75},"point_estimate":112410653.08333334,"standard_error":788287.4353701163},"median_abs_dev":{"confidence_interval":{"confidence_level":0.95,"lower_bound":591975.4826903343,"upper_bound":3253068.724146478},"point_estimate":1982340.029173091,"standard_error":693286.9784138434},"slope":{"confidence_interval":{"confidence_level":0.95,"lower_bound":110596018.34381916,"upper_bound":112942881.0625},"point_estimate":111804139.88831168,"standard_error":605083.089966081},"std_dev":{"confidence_interval":{"confidence_level":0.95,"lower_bound":1066991.2731454822,"upper_bound":2488376.054322019},"point_estimate":1931654.7804584375,"standard_error":364975.06667898793}}