{"mean":{"confidence_interval":{"confidence_level":0.95,"lower_bound":30858626.850476194,"upper_bound":31300219.566666663},"point_estimate":31085636.371164016,"standard_error":111788.87137735427},"median":{"confidence_interval":{"confidence_level":0.95,"lower_bound":30940552.050264552,"upper_bound":31230510.666666664},"point_estimate":31092121.155555554,"standard_error":71137.36524867963},"median_abs_dev":{"confidence_interval":{"confidence_level":0.95,"lower_bound":28845.547454556443,"upper_bound":556886.5420132857},"point_estimate":167589.4109980283,"standard_error":127017.07293932006},"slope":{"confidence_interval":{"confidence_level":0.95,"lower_bound":30835761.04574698,"upper_bound":31161603.52642727},"point_estimate":31019078.51774892,"standard_error":83270.0398756665},"std_dev":{"confidence_interval":{"confidence_level":0.95,"lower_bound":95222.70076983373,"upper_bound":521547.76781665016},"point_estimate":372839.056448407,"standard_error":110396.31716771223}}