{"mean":{"confidence_interval":{"confidence_level":0.95,"lower_bound":28913975.017750002,"upper_bound":29762054.83825},"point_estimate":29341608.37,"standard_error":216314.15051207624},"median":{"confidence_interval":{"confidence_level":0.95,"lower_bound":28988778.25,"upper_bound":29946580.25},"point_estimate":29641756.75,"standard_error":248239.15099996174},"median_abs_dev":{"confidence_interval":{"confidence_level":0.95,"lower_bound":1693948.1118351596,"upper_bound":2993647.705002129},"point_estimate":2278070.827706158,"standard_error":352271.3287750429},"slope":null,"std_dev":{"confidence_interval":{"confidence_level":0.95,"lower_bound":1902136.694419758,"upper_bound":2394440.417515312},"point_estimate":2165098.232912363,"standard_error":125573.25580497526}}