{"mean":{"confidence_interval":{"confidence_level":0.95,"lower_bound":28478722.79361111,"upper_bound":29264686.789027784},"point_estimate":28876882.8,"standard_error":200793.85092496593},"median":{"confidence_interval":{"confidence_level":0.95,"lower_bound":28552705.666666664,"upper_bound":29402561.666666664},"point_estimate":29197572.833333336,"standard_error":281823.8926110037},"median_abs_dev":{"confidence_interval":{"confidence_level":0.95,"lower_bound":361992.2273233496,"upper_bound":1409879.8040196318},"point_estimate":928960.2020576606,"standard_error":245880.55903912403},"slope":null,"std_dev":{"confidence_interval":{"confidence_level":0.95,"lower_bound":787614.2709171316,"upper_bound":1380784.384357089},"point_estimate":1117255.8764167642,"standard_error":151594.77707941437}}