{"mean":{"confidence_interval":{"confidence_level":0.95,"lower_bound":27338172.208333332,"upper_bound":28385895.045833338},"point_estimate":27854812.894444443,"standard_error":267224.21736347035},"median":{"confidence_interval":{"confidence_level":0.95,"lower_bound":27060918.166666664,"upper_bound":28473355.0},"point_estimate":27799387.166666664,"standard_error":389069.1236797979},"median_abs_dev":{"confidence_interval":{"confidence_level":0.95,"lower_bound":932126.1707514524,"upper_bound":2241026.0905638356},"point_estimate":1625672.8479385357,"standard_error":329927.76379518665},"slope":null,"std_dev":{"confidence_interval":{"confidence_level":0.95,"lower_bound":1120876.6710072514,"upper_bound":1792017.7346292364},"point_estimate":1488820.8846635616,"standard_error":171765.37333615028}}