{"mean":{"confidence_interval":{"confidence_level":0.95,"lower_bound":28949204.767625,"upper_bound":29652394.91075},"point_estimate":29304407.07,"standard_error":179194.48215520082},"median":{"confidence_interval":{"confidence_level":0.95,"lower_bound":28898628.0,"upper_bound":29834393.75},"point_estimate":29340744.75,"standard_error":256323.4060611919},"median_abs_dev":{"confidence_interval":{"confidence_level":0.95,"lower_bound":1159929.8806071281,"upper_bound":2049346.1916105808},"point_estimate":1505059.139379859,"standard_error":219914.52622604166},"slope":null,"std_dev":{"confidence_interval":{"confidence_level":0.95,"lower_bound":1526383.424712093,"upper_bound":2047493.6731221066},"point_estimate":1801883.6958472496,"standard_error":133386.54971845722}}