{"mean":{"confidence_interval":{"confidence_level":0.95,"lower_bound":28320081.33075,"upper_bound":29045568.40425},"point_estimate":28683127.88,"standard_error":184991.12356287765},"median":{"confidence_interval":{"confidence_level":0.95,"lower_bound":28083400.0,"upper_bound":29242385.25},"point_estimate":28780606.25,"standard_error":297455.1579781286},"median_abs_dev":{"confidence_interval":{"confidence_level":0.95,"lower_bound":1470480.8308437467,"upper_bound":2314150.6023006123},"point_estimate":1834494.7067812085,"standard_error":217978.10781782513},"slope":null,"std_dev":{"confidence_interval":{"confidence_level":0.95,"lower_bound":1627838.8082721978,"upper_bound":2070127.7462708487},"point_estimate":1863488.6897751025,"standard_error":113125.43330908752}}