{"mean":{"confidence_interval":{"confidence_level":0.95,"lower_bound":26498702.03725,"upper_bound":27242684.11575},"point_estimate":26872124.915,"standard_error":189313.2658125707},"median":{"confidence_interval":{"confidence_level":0.95,"lower_bound":26427254.5,"upper_bound":27367243.25},"point_estimate":26941053.75,"standard_error":227458.93487138988},"median_abs_dev":{"confidence_interval":{"confidence_level":0.95,"lower_bound":1464470.741200447,"upper_bound":2453911.2617343664},"point_estimate":1858487.6221552491,"standard_error":253927.66899844786},"slope":null,"std_dev":{"confidence_interval":{"confidence_level":0.95,"lower_bound":1661127.0704839467,"upper_bound":2122286.671266339},"point_estimate":1904648.724033012,"standard_error":117887.318157921}}