{"mean":{"confidence_interval":{"confidence_level":0.95,"lower_bound":0.014478766033588653,"upper_bound":0.027599557286528933},"point_estimate":0.021093173242823005,"standard_error":0.0033140988656506134},"median":{"confidence_interval":{"confidence_level":0.95,"lower_bound":0.014987470809787953,"upper_bound":0.02947439138157848},"point_estimate":0.02145507343522457,"standard_error":0.0037731995887436494}}