{"mean":{"confidence_interval":{"confidence_level":0.95,"lower_bound":-0.05596620076499137,"upper_bound":-0.03708255091076557},"point_estimate":-0.04671717200688785,"standard_error":0.004847030166163746},"median":{"confidence_interval":{"confidence_level":0.95,"lower_bound":-0.061311686855259895,"upper_bound":-0.02818896643847324},"point_estimate":-0.044756695529066026,"standard_error":0.008422760925676084}}