{"mean":{"confidence_interval":{"confidence_level":0.95,"lower_bound":-0.016222483060738063,"upper_bound":-0.0020695204153268437},"point_estimate":-0.009142912604601316,"standard_error":0.003609464247725792},"median":{"confidence_interval":{"confidence_level":0.95,"lower_bound":-0.017319032998660333,"upper_bound":0.00042039782400254576},"point_estimate":-0.008303483805126466,"standard_error":0.004344756613492021}}