{"mean":{"confidence_interval":{"confidence_level":0.95,"lower_bound":-0.030436415285464292,"upper_bound":-0.01797131772243749},"point_estimate":-0.02418586896748498,"standard_error":0.003189163269727344},"median":{"confidence_interval":{"confidence_level":0.95,"lower_bound":-0.03051746246968856,"upper_bound":-0.01331977386823413},"point_estimate":-0.02575818847744238,"standard_error":0.004581966807711181}}