{"mean":{"confidence_interval":{"confidence_level":0.95,"lower_bound":0.08582582777682773,"upper_bound":0.11519300528875766},"point_estimate":0.09983832268715553,"standard_error":0.00750877153742613},"median":{"confidence_interval":{"confidence_level":0.95,"lower_bound":0.07820099103801081,"upper_bound":0.12193347499877882},"point_estimate":0.09241024455520241,"standard_error":0.010864260864742945}}