{"mean":{"confidence_interval":{"confidence_level":0.95,"lower_bound":0.025593300387504042,"upper_bound":0.044063630931118106},"point_estimate":0.034576440612441806,"standard_error":0.004722161967881216},"median":{"confidence_interval":{"confidence_level":0.95,"lower_bound":0.02036334543470497,"upper_bound":0.04883433680578109},"point_estimate":0.032463161092339154,"standard_error":0.0071292492206773105}}