{"mean":{"confidence_interval":{"confidence_level":0.95,"lower_bound":-0.007780348525993144,"upper_bound":0.011992518887541381},"point_estimate":0.002108517039222102,"standard_error":0.005078451554647064},"median":{"confidence_interval":{"confidence_level":0.95,"lower_bound":-0.015291039263235495,"upper_bound":0.0161607941853803},"point_estimate":0.0031848190787338027,"standard_error":0.008327357359373287}}