{"mean":{"confidence_interval":{"confidence_level":0.95,"lower_bound":-0.045160486827281854,"upper_bound":-0.03544617909138552},"point_estimate":-0.040216341026661384,"standard_error":0.002478730084920026},"median":{"confidence_interval":{"confidence_level":0.95,"lower_bound":-0.045132408748617237,"upper_bound":-0.03181106079030682},"point_estimate":-0.0362942021296877,"standard_error":0.00339719258029038}}