{"mean":{"confidence_interval":{"confidence_level":0.95,"lower_bound":13661560.9115,"upper_bound":13758438.158},"point_estimate":13709343.335,"standard_error":24771.88445363878},"median":{"confidence_interval":{"confidence_level":0.95,"lower_bound":13626355.0,"upper_bound":13781690.0},"point_estimate":13706403.0,"standard_error":45979.55108236565},"median_abs_dev":{"confidence_interval":{"confidence_level":0.95,"lower_bound":210343.50061565638,"upper_bound":333875.2130225301},"point_estimate":264294.20170783997,"standard_error":32584.18760652047},"slope":null,"std_dev":{"confidence_interval":{"confidence_level":0.95,"lower_bound":212889.53017038066,"upper_bound":285919.2743936675},"point_estimate":249326.36965217823,"standard_error":18758.31503141682}}