{"mean":{"confidence_interval":{"confidence_level":0.95,"lower_bound":-0.01029067276216881,"upper_bound":-0.0010846059534776289},"point_estimate":-0.006015138960791755,"standard_error":0.002361561354425424},"median":{"confidence_interval":{"confidence_level":0.95,"lower_bound":-0.012067380798628125,"upper_bound":-0.0030331552141257268},"point_estimate":-0.009056241706795198,"standard_error":0.0023081898630270153}}