{"mean":{"confidence_interval":{"confidence_level":0.95,"lower_bound":0.04557954708459934,"upper_bound":0.05504030886129089},"point_estimate":0.05059869996396382,"standard_error":0.002406748005682994},"median":{"confidence_interval":{"confidence_level":0.95,"lower_bound":0.04713452964843611,"upper_bound":0.05709208131247645},"point_estimate":0.05206111569551153,"standard_error":0.0022928463080483697}}