{"mean":{"confidence_interval":{"confidence_level":0.95,"lower_bound":-0.19862056501666772,"upper_bound":-0.18785327688940584},"point_estimate":-0.19323721653574755,"standard_error":0.0027549070802350413},"median":{"confidence_interval":{"confidence_level":0.95,"lower_bound":-0.19966581993635946,"upper_bound":-0.1856110638020867},"point_estimate":-0.1912225828084103,"standard_error":0.003623609163472777}}