{"mean":{"confidence_interval":{"confidence_level":0.95,"lower_bound":0.050660419838299865,"upper_bound":0.060196563584250094},"point_estimate":0.05511941228633477,"standard_error":0.002430634644095286},"median":{"confidence_interval":{"confidence_level":0.95,"lower_bound":0.04789543668070895,"upper_bound":0.05841313320774111},"point_estimate":0.05277871877657181,"standard_error":0.0025861047023416064}}