{"mean":{"confidence_interval":{"confidence_level":0.95,"lower_bound":0.0039487095422807445,"upper_bound":0.013578931733176251},"point_estimate":0.008803086525720039,"standard_error":0.002484929318492638},"median":{"confidence_interval":{"confidence_level":0.95,"lower_bound":0.0018072968856024385,"upper_bound":0.014343212250499837},"point_estimate":0.006845201354729991,"standard_error":0.00298787062276524}}