{"mean":{"confidence_interval":{"confidence_level":0.95,"lower_bound":-0.0675537071191746,"upper_bound":-0.05447793587122444},"point_estimate":-0.06106054669146188,"standard_error":0.0033603513339744953},"median":{"confidence_interval":{"confidence_level":0.95,"lower_bound":-0.06847036044936716,"upper_bound":-0.05274573097657065},"point_estimate":-0.06041386480294286,"standard_error":0.003969009424560248}}