{"mean":{"confidence_interval":{"confidence_level":0.95,"lower_bound":0.0017308786365971334,"upper_bound":0.009121512112438676},"point_estimate":0.005372367415161339,"standard_error":0.0018843191235313461},"median":{"confidence_interval":{"confidence_level":0.95,"lower_bound":0.002319295128942356,"upper_bound":0.012392972265093121},"point_estimate":0.006812783608305839,"standard_error":0.0026082467673607854}}