{"mean":{"confidence_interval":{"confidence_level":0.95,"lower_bound":-0.055948906222541936,"upper_bound":-0.04537240920398662},"point_estimate":-0.05104887135908698,"standard_error":0.0026387511428638856},"median":{"confidence_interval":{"confidence_level":0.95,"lower_bound":-0.055697484784662854,"upper_bound":-0.046306206852909315},"point_estimate":-0.05051674070398926,"standard_error":0.002382028744862968}}