{"mean":{"confidence_interval":{"confidence_level":0.95,"lower_bound":0.1280196319743113,"upper_bound":0.13397452968980872},"point_estimate":0.131441314246459,"standard_error":0.0015447867926122224},"median":{"confidence_interval":{"confidence_level":0.95,"lower_bound":0.13031735610638306,"upper_bound":0.1346193706201526},"point_estimate":0.13218718400836282,"standard_error":0.001280492730032251}}