{"mean":{"confidence_interval":{"confidence_level":0.95,"lower_bound":-0.23880909346911636,"upper_bound":-0.23481120422198695},"point_estimate":-0.23742543658753623,"standard_error":0.001025549459922661},"median":{"confidence_interval":{"confidence_level":0.95,"lower_bound":-0.23911374684488718,"upper_bound":-0.23700729370999973},"point_estimate":-0.2386013193329296,"standard_error":0.0006801165420442902}}