{"mean":{"confidence_interval":{"confidence_level":0.95,"lower_bound":-0.02699918066639886,"upper_bound":-0.017346025404655255},"point_estimate":-0.023263695617185554,"standard_error":0.002502024266333596},"median":{"confidence_interval":{"confidence_level":0.95,"lower_bound":-0.026775164020151232,"upper_bound":-0.023506399234439312},"point_estimate":-0.02457425423716386,"standard_error":0.0010306171365493755}}