{"mean":{"confidence_interval":{"confidence_level":0.95,"lower_bound":0.005726730499182828,"upper_bound":0.026662589462125103},"point_estimate":0.015149063911233274,"standard_error":0.005327138787473721},"median":{"confidence_interval":{"confidence_level":0.95,"lower_bound":0.0007104414978609253,"upper_bound":0.028552643872797212},"point_estimate":0.0083228744036834,"standard_error":0.006080047467175788}}