{"mean":{"confidence_interval":{"confidence_level":0.95,"lower_bound":0.0012094159692096526,"upper_bound":0.017158332124548648},"point_estimate":0.009379326769298757,"standard_error":0.00408794017562098},"median":{"confidence_interval":{"confidence_level":0.95,"lower_bound":-0.0005094781347056987,"upper_bound":0.019184538798055595},"point_estimate":0.011463562078294354,"standard_error":0.004967303519876863}}