{"mean":{"confidence_interval":{"confidence_level":0.95,"lower_bound":0.025373618571593592,"upper_bound":0.03903304580574289},"point_estimate":0.03237766092342098,"standard_error":0.0034892805609908896},"median":{"confidence_interval":{"confidence_level":0.95,"lower_bound":0.02646296284651073,"upper_bound":0.04114897811403395},"point_estimate":0.03506963037741029,"standard_error":0.003413440474868222}}