{"mean":{"confidence_interval":{"confidence_level":0.95,"lower_bound":-0.02996267235937423,"upper_bound":-0.017908850650173364},"point_estimate":-0.023795259854123674,"standard_error":0.0030691643700043493},"median":{"confidence_interval":{"confidence_level":0.95,"lower_bound":-0.028642764889880823,"upper_bound":-0.019332768019799405},"point_estimate":-0.025565327938348537,"standard_error":0.0024208969422082754}}