{"mean":{"confidence_interval":{"confidence_level":0.95,"lower_bound":-0.019091739684930092,"upper_bound":-0.007042742188863538},"point_estimate":-0.013048686001729481,"standard_error":0.003077062817152386},"median":{"confidence_interval":{"confidence_level":0.95,"lower_bound":-0.021031607521442397,"upper_bound":-0.008224692547566054},"point_estimate":-0.013970471048076805,"standard_error":0.003337365246955082}}