{"mean":{"confidence_interval":{"confidence_level":0.95,"lower_bound":-0.058220304338727207,"upper_bound":-0.03872447614842101},"point_estimate":-0.04777733151575003,"standard_error":0.0050202135521922615},"median":{"confidence_interval":{"confidence_level":0.95,"lower_bound":-0.054509393343907475,"upper_bound":-0.03529393508108292},"point_estimate":-0.04035262400554529,"standard_error":0.004694596010545439}}