{"mean":{"confidence_interval":{"confidence_level":0.95,"lower_bound":0.02751974942711251,"upper_bound":0.04163885258188947},"point_estimate":0.03465187508402989,"standard_error":0.003603514029956423},"median":{"confidence_interval":{"confidence_level":0.95,"lower_bound":0.02625994950416466,"upper_bound":0.044266862867762935},"point_estimate":0.035287112407736965,"standard_error":0.004447600421712717}}