{"mean":{"confidence_interval":{"confidence_level":0.95,"lower_bound":-0.04788456546960519,"upper_bound":-0.03430892614407725},"point_estimate":-0.04138201832573274,"standard_error":0.003480864152219663},"median":{"confidence_interval":{"confidence_level":0.95,"lower_bound":-0.04888055243334666,"upper_bound":-0.03783048546199508},"point_estimate":-0.045292606217550824,"standard_error":0.002584988876155323}}