{"mean":{"confidence_interval":{"confidence_level":0.95,"lower_bound":0.05568310574630866,"upper_bound":0.06763802391628386},"point_estimate":0.06176550926609625,"standard_error":0.003074575326406106},"median":{"confidence_interval":{"confidence_level":0.95,"lower_bound":0.05857688657464233,"upper_bound":0.07091394095220276},"point_estimate":0.06615325235813296,"standard_error":0.0033017753595908127}}