{"mean":{"confidence_interval":{"confidence_level":0.95,"lower_bound":13842719.08925,"upper_bound":13920372.962375},"point_estimate":13881500.605,"standard_error":19766.05495067768},"median":{"confidence_interval":{"confidence_level":0.95,"lower_bound":13858757.5,"upper_bound":13948828.5},"point_estimate":13899238.5,"standard_error":25134.006447577252},"median_abs_dev":{"confidence_interval":{"confidence_level":0.95,"lower_bound":120167.32241660357,"upper_bound":261811.21740192175},"point_estimate":171558.31465423107,"standard_error":38985.08516065681},"slope":null,"std_dev":{"confidence_interval":{"confidence_level":0.95,"lower_bound":171500.05035006828,"upper_bound":223843.9194942893},"point_estimate":199069.9036637975,"standard_error":13360.8105643285}}