{"mean":{"confidence_interval":{"confidence_level":0.95,"lower_bound":13774054.455374999,"upper_bound":13841721.082375},"point_estimate":13807322.595,"standard_error":17228.33636430918},"median":{"confidence_interval":{"confidence_level":0.95,"lower_bound":13763605.5,"upper_bound":13850467.75},"point_estimate":13805186.75,"standard_error":24809.539550009475},"median_abs_dev":{"confidence_interval":{"confidence_level":0.95,"lower_bound":140941.14259779453,"upper_bound":225937.11648881435},"point_estimate":191485.94090044498,"standard_error":21572.29688543138},"slope":null,"std_dev":{"confidence_interval":{"confidence_level":0.95,"lower_bound":145762.49903776127,"upper_bound":199068.3023974537},"point_estimate":172592.26160114908,"standard_error":13671.740493115636}}