{"mean":{"confidence_interval":{"confidence_level":0.95,"lower_bound":-0.05324191707144333,"upper_bound":-0.05049782296225537},"point_estimate":-0.05203787776598179,"standard_error":0.0007362953528854234},"median":{"confidence_interval":{"confidence_level":0.95,"lower_bound":-0.054086773676714106,"upper_bound":-0.05165331008188023},"point_estimate":-0.052810538739982205,"standard_error":0.0006710149285950353}}