{"mean":{"confidence_interval":{"confidence_level":0.95,"lower_bound":0.0019898296131383567,"upper_bound":0.011923297453016977},"point_estimate":0.006400467275149868,"standard_error":0.0024873619974391456},"median":{"confidence_interval":{"confidence_level":0.95,"lower_bound":0.0016720123171807266,"upper_bound":0.004627972708594941},"point_estimate":0.0029870651884083,"standard_error":0.0008066023332251362}}