{"mean":{"confidence_interval":{"confidence_level":0.95,"lower_bound":0.15274146668703145,"upper_bound":0.1650027737494164},"point_estimate":0.15969352451557972,"standard_error":0.0032107550737914495},"median":{"confidence_interval":{"confidence_level":0.95,"lower_bound":0.15456794535341212,"upper_bound":0.16454482665960457},"point_estimate":0.16349325288192795,"standard_error":0.0021490412338191814}}