{"mean":{"confidence_interval":{"confidence_level":0.95,"lower_bound":0.001700365624161382,"upper_bound":0.009954234905146218},"point_estimate":0.005128644045359065,"standard_error":0.0021531050762399265},"median":{"confidence_interval":{"confidence_level":0.95,"lower_bound":-0.00006725157605158572,"upper_bound":0.0050247269031471475},"point_estimate":0.0019089388075395064,"standard_error":0.0013706134988588055}}