{"mean":{"confidence_interval":{"confidence_level":0.95,"lower_bound":-0.05027279992659252,"upper_bound":-0.04646827619474612},"point_estimate":-0.04824673047524686,"standard_error":0.0009795622629513888},"median":{"confidence_interval":{"confidence_level":0.95,"lower_bound":-0.04974034029269325,"upper_bound":-0.04710767944767036},"point_estimate":-0.048235545270688296,"standard_error":0.0006885037916720054}}