{"mean":{"confidence_interval":{"confidence_level":0.95,"lower_bound":0.07315510044574722,"upper_bound":0.08262333410894791},"point_estimate":0.0776167431610919,"standard_error":0.0023866919428376355},"median":{"confidence_interval":{"confidence_level":0.95,"lower_bound":0.07251219083916617,"upper_bound":0.08080805734117691},"point_estimate":0.07771602852606296,"standard_error":0.0021999899989855504}}