{"mean":{"confidence_interval":{"confidence_level":0.95,"lower_bound":-0.02547473550205525,"upper_bound":-0.017755157200107168},"point_estimate":-0.02102597161451203,"standard_error":0.0020031650767450538},"median":{"confidence_interval":{"confidence_level":0.95,"lower_bound":-0.02154789661524059,"upper_bound":-0.01756451071407117},"point_estimate":-0.01928854408288494,"standard_error":0.0010542257754629426}}