{"mean":{"confidence_interval":{"confidence_level":0.95,"lower_bound":0.001308317567094178,"upper_bound":0.011581315388085742},"point_estimate":0.006557345202223397,"standard_error":0.0026013814340114685},"median":{"confidence_interval":{"confidence_level":0.95,"lower_bound":0.002632128794885613,"upper_bound":0.009793709638891812},"point_estimate":0.0060533165517933085,"standard_error":0.0019068836938606057}}