{"mean":{"confidence_interval":{"confidence_level":0.95,"lower_bound":-0.008382342740119892,"upper_bound":-0.0012524235396455272},"point_estimate":-0.004947091482369048,"standard_error":0.0018371626483052917},"median":{"confidence_interval":{"confidence_level":0.95,"lower_bound":-0.009742770754756602,"upper_bound":0.00035005967178980413},"point_estimate":-0.005510507117992169,"standard_error":0.0025424879523324546}}