{"mean":{"confidence_interval":{"confidence_level":0.95,"lower_bound":-0.037302898876242864,"upper_bound":-0.029999976413895915},"point_estimate":-0.03389303593074322,"standard_error":0.0018842114831479411},"median":{"confidence_interval":{"confidence_level":0.95,"lower_bound":-0.040086289720584124,"upper_bound":-0.030679424747901973},"point_estimate":-0.03573778630259361,"standard_error":0.0024352591423097672}}