{"mean":{"confidence_interval":{"confidence_level":0.95,"lower_bound":0.001623555319660092,"upper_bound":0.007918018907225497},"point_estimate":0.0048225927176428485,"standard_error":0.0015946990051275414},"median":{"confidence_interval":{"confidence_level":0.95,"lower_bound":0.0006802876977061895,"upper_bound":0.008691112231808518},"point_estimate":0.004942055177713733,"standard_error":0.002004543982502038}}