{"mean":{"confidence_interval":{"confidence_level":0.95,"lower_bound":-0.031219446552548786,"upper_bound":-0.024939747975974903},"point_estimate":-0.028087768011127,"standard_error":0.0015911627553979694},"median":{"confidence_interval":{"confidence_level":0.95,"lower_bound":-0.0336721059641677,"upper_bound":-0.025499609226092068},"point_estimate":-0.02782224340769568,"standard_error":0.0023024935967253823}}