{"mean":{"confidence_interval":{"confidence_level":0.95,"lower_bound":-0.005263801368724396,"upper_bound":0.0029022740010756884},"point_estimate":-0.0010626020214491438,"standard_error":0.002073448225973168},"median":{"confidence_interval":{"confidence_level":0.95,"lower_bound":-0.007489048384022423,"upper_bound":0.0064607135828684825},"point_estimate":-0.0003718999064554751,"standard_error":0.003695070592312815}}