{"mean":{"confidence_interval":{"confidence_level":0.95,"lower_bound":0.002665908343383128,"upper_bound":0.009904219161389533},"point_estimate":0.006447419794042952,"standard_error":0.0018508991140117146},"median":{"confidence_interval":{"confidence_level":0.95,"lower_bound":0.0008060430274769992,"upper_bound":0.012418889573242664},"point_estimate":0.009721755638710583,"standard_error":0.003186435387586779}}