{"mean":{"confidence_interval":{"confidence_level":0.95,"lower_bound":-0.014701591291804646,"upper_bound":-0.007766656883917384},"point_estimate":-0.011221139135987435,"standard_error":0.0017674675230454056},"median":{"confidence_interval":{"confidence_level":0.95,"lower_bound":-0.01608712901758924,"upper_bound":-0.006774168843426298},"point_estimate":-0.012784748180664107,"standard_error":0.002421947765384229}}