{"mean":{"confidence_interval":{"confidence_level":0.95,"lower_bound":0.030316704698096338,"upper_bound":0.03945956972504908},"point_estimate":0.03463284972463199,"standard_error":0.002342889291320742},"median":{"confidence_interval":{"confidence_level":0.95,"lower_bound":0.025799411174059372,"upper_bound":0.04313314776802435},"point_estimate":0.03281090964381295,"standard_error":0.004464271108578327}}