{"mean":{"confidence_interval":{"confidence_level":0.95,"lower_bound":-0.0023450420425989572,"upper_bound":0.0043309726757985185},"point_estimate":0.001062930380762328,"standard_error":0.00170514313293017},"median":{"confidence_interval":{"confidence_level":0.95,"lower_bound":-0.002010413837831122,"upper_bound":0.006147791066046571},"point_estimate":0.0027648629543086667,"standard_error":0.0021296228921262716}}