{"mean":{"confidence_interval":{"confidence_level":0.95,"lower_bound":25981758.17175,"upper_bound":26208220.825000003},"point_estimate":26088635.25,"standard_error":57946.39729877979},"median":{"confidence_interval":{"confidence_level":0.95,"lower_bound":25952353.0,"upper_bound":26164697.0},"point_estimate":26101955.0,"standard_error":42642.86298553864},"median_abs_dev":{"confidence_interval":{"confidence_level":0.95,"lower_bound":301762.05126140284,"upper_bound":557907.5591951609},"point_estimate":396907.20960348845,"standard_error":66108.52712239408},"slope":null,"std_dev":{"confidence_interval":{"confidence_level":0.95,"lower_bound":386572.3303222324,"upper_bound":792586.0298267509},"point_estimate":582263.4302403337,"standard_error":108975.32373840846}}