{"mean":{"confidence_interval":{"confidence_level":0.95,"lower_bound":25775885.488375,"upper_bound":25960246.339375},"point_estimate":25866428.175,"standard_error":46836.22050829054},"median":{"confidence_interval":{"confidence_level":0.95,"lower_bound":25773768.25,"upper_bound":25997357.25},"point_estimate":25899439.0,"standard_error":52210.53125872712},"median_abs_dev":{"confidence_interval":{"confidence_level":0.95,"lower_bound":331789.1948595643,"upper_bound":489831.75750374794},"point_estimate":426443.5662791133,"standard_error":40593.385619261804},"slope":null,"std_dev":{"confidence_interval":{"confidence_level":0.95,"lower_bound":363083.79712551454,"upper_bound":587336.86249503},"point_estimate":471365.88650069665,"standard_error":58556.023290133184}}