{"mean":{"confidence_interval":{"confidence_level":0.95,"lower_bound":25787307.599875,"upper_bound":25921940.4135},"point_estimate":25854864.87,"standard_error":34310.891006185244},"median":{"confidence_interval":{"confidence_level":0.95,"lower_bound":25770458.0,"upper_bound":25949346.25},"point_estimate":25848666.75,"standard_error":44633.757488030766},"median_abs_dev":{"confidence_interval":{"confidence_level":0.95,"lower_bound":267896.5489938855,"upper_bound":414411.8968427181},"point_estimate":333415.6070306897,"standard_error":37792.90160445915},"slope":null,"std_dev":{"confidence_interval":{"confidence_level":0.95,"lower_bound":293321.0894291114,"upper_bound":391149.7345548524},"point_estimate":344465.6293390424,"standard_error":24978.029379730815}}