{"mean":{"confidence_interval":{"confidence_level":0.95,"lower_bound":0.049956683692916545,"upper_bound":0.05903150472381424},"point_estimate":0.05429599952734465,"standard_error":0.0023207200236691626},"median":{"confidence_interval":{"confidence_level":0.95,"lower_bound":0.04762810553180952,"upper_bound":0.05990410660410905},"point_estimate":0.05587869163034065,"standard_error":0.0034203087445914514}}