{"mean":{"confidence_interval":{"confidence_level":0.95,"lower_bound":-0.26531187548713364,"upper_bound":-0.25814384651676603},"point_estimate":-0.2613174474863298,"standard_error":0.0018550803351935108},"median":{"confidence_interval":{"confidence_level":0.95,"lower_bound":-0.2628353867692955,"upper_bound":-0.2572438142808653},"point_estimate":-0.260098581921834,"standard_error":0.0014530694266683692}}