{"mean":{"confidence_interval":{"confidence_level":0.95,"lower_bound":-0.02454168455017043,"upper_bound":-0.02106505695247514},"point_estimate":-0.022774941641942825,"standard_error":0.0008798250434610458},"median":{"confidence_interval":{"confidence_level":0.95,"lower_bound":-0.02504845056246463,"upper_bound":-0.02225013215264371},"point_estimate":-0.02353018783375327,"standard_error":0.0006826099534631414}}