{"mean":{"confidence_interval":{"confidence_level":0.95,"lower_bound":-0.058464651011423154,"upper_bound":-0.047578510060581294},"point_estimate":-0.05330839294399903,"standard_error":0.002765888948028303},"median":{"confidence_interval":{"confidence_level":0.95,"lower_bound":-0.05915840364941627,"upper_bound":-0.049207348479839874},"point_estimate":-0.05514200698602523,"standard_error":0.0024117825495404695}}