{"mean":{"confidence_interval":{"confidence_level":0.95,"lower_bound":0.0035337210940468624,"upper_bound":0.012105955882108351},"point_estimate":0.007473356265181419,"standard_error":0.0021863505749306284},"median":{"confidence_interval":{"confidence_level":0.95,"lower_bound":0.0005787200368927437,"upper_bound":0.011520697918969702},"point_estimate":0.006443504016485413,"standard_error":0.002449910762572432}}