{"mean":{"confidence_interval":{"confidence_level":0.95,"lower_bound":0.005867072596415529,"upper_bound":0.010241956578465976},"point_estimate":0.008093257329366166,"standard_error":0.0011146861252656517},"median":{"confidence_interval":{"confidence_level":0.95,"lower_bound":0.006377007622823084,"upper_bound":0.010156658317069578},"point_estimate":0.007776044234603097,"standard_error":0.0009207739108191518}}