{"mean":{"confidence_interval":{"confidence_level":0.95,"lower_bound":-0.04854690719813739,"upper_bound":-0.04290123732141513},"point_estimate":-0.04592114713543771,"standard_error":0.0014480978056653144},"median":{"confidence_interval":{"confidence_level":0.95,"lower_bound":-0.050272809400249474,"upper_bound":-0.04488079300281789},"point_estimate":-0.04755973432963345,"standard_error":0.001257417328170188}}