{"mean":{"confidence_interval":{"confidence_level":0.95,"lower_bound":-0.053378145693728785,"upper_bound":-0.04786772365942417},"point_estimate":-0.05042549309419975,"standard_error":0.0014064985351169724},"median":{"confidence_interval":{"confidence_level":0.95,"lower_bound":-0.0518373826727665,"upper_bound":-0.04784473718432547},"point_estimate":-0.0492368341742665,"standard_error":0.0009468840055048667}}