{"mean":{"confidence_interval":{"confidence_level":0.95,"lower_bound":-0.008974057214197214,"upper_bound":0.001077712626403787},"point_estimate":-0.003718292182533278,"standard_error":0.0025711029793872137},"median":{"confidence_interval":{"confidence_level":0.95,"lower_bound":-0.010540258665691749,"upper_bound":0.004297735600527819},"point_estimate":-0.005622105127096599,"standard_error":0.003969181221787237}}