{"mean":{"confidence_interval":{"confidence_level":0.95,"lower_bound":6684265.465375,"upper_bound":6758597.9894375},"point_estimate":6720867.61625,"standard_error":18928.017867089522},"median":{"confidence_interval":{"confidence_level":0.95,"lower_bound":6661415.25,"upper_bound":6750717.125},"point_estimate":6690938.625,"standard_error":21735.013275702542},"median_abs_dev":{"confidence_interval":{"confidence_level":0.95,"lower_bound":117647.18044884503,"upper_bound":198475.47315135598},"point_estimate":155300.58665536344,"standard_error":20851.654777267395},"slope":null,"std_dev":{"confidence_interval":{"confidence_level":0.95,"lower_bound":154533.68379460508,"upper_bound":222517.0420571405},"point_estimate":190001.553658429,"standard_error":17324.891437947226}}