{"mean":{"confidence_interval":{"confidence_level":0.95,"lower_bound":6342180.93621875,"upper_bound":6412513.90053125},"point_estimate":6376055.88375,"standard_error":17976.14294342438},"median":{"confidence_interval":{"confidence_level":0.95,"lower_bound":6293744.75,"upper_bound":6357892.5625},"point_estimate":6319710.0,"standard_error":19755.024278603432},"median_abs_dev":{"confidence_interval":{"confidence_level":0.95,"lower_bound":104548.87299388647,"upper_bound":189986.2910270691},"point_estimate":148639.26497362554,"standard_error":23945.704897481977},"slope":null,"std_dev":{"confidence_interval":{"confidence_level":0.95,"lower_bound":140163.42905331487,"upper_bound":216872.24806963187},"point_estimate":180446.58250959424,"standard_error":19718.017627825462}}