{"mean":{"confidence_interval":{"confidence_level":0.95,"lower_bound":6152755.151125,"upper_bound":6209661.40740625},"point_estimate":6179517.32125,"standard_error":14501.527467410408},"median":{"confidence_interval":{"confidence_level":0.95,"lower_bound":6111690.625,"upper_bound":6135223.625},"point_estimate":6122606.6875,"standard_error":6893.842692100865},"median_abs_dev":{"confidence_interval":{"confidence_level":0.95,"lower_bound":29360.527268433954,"upper_bound":64546.70874344179},"point_estimate":36909.14101973176,"standard_error":9022.484347176129},"slope":null,"std_dev":{"confidence_interval":{"confidence_level":0.95,"lower_bound":101932.54825563048,"upper_bound":186270.53222889669},"point_estimate":145577.22030238505,"standard_error":21675.793175044182}}