{"mean":{"confidence_interval":{"confidence_level":0.95,"lower_bound":126936872.33874999,"upper_bound":127273809.15},"point_estimate":127074899.45,"standard_error":89777.17252068451},"median":{"confidence_interval":{"confidence_level":0.95,"lower_bound":126926287.0,"upper_bound":127112640.75},"point_estimate":126989471.0,"standard_error":52798.32611583717},"median_abs_dev":{"confidence_interval":{"confidence_level":0.95,"lower_bound":23944.73087489605,"upper_bound":276288.06484490633},"point_estimate":101028.06870639324,"standard_error":66988.05758943572},"slope":null,"std_dev":{"confidence_interval":{"confidence_level":0.95,"lower_bound":66184.0124778261,"upper_bound":448379.1701073031},"point_estimate":300406.31925928907,"standard_error":120054.16234928246}}