{"mean":{"confidence_interval":{"confidence_level":0.95,"lower_bound":167756920.15,"upper_bound":169172348.41125},"point_estimate":168428350.6,"standard_error":361081.93455957994},"median":{"confidence_interval":{"confidence_level":0.95,"lower_bound":167486419.0,"upper_bound":169234852.5},"point_estimate":168250857.75,"standard_error":449999.3352246226},"median_abs_dev":{"confidence_interval":{"confidence_level":0.95,"lower_bound":313078.7831917405,"upper_bound":2065237.3004347086},"point_estimate":1192618.615476787,"standard_error":425430.3402090724},"slope":null,"std_dev":{"confidence_interval":{"confidence_level":0.95,"lower_bound":616400.8873656908,"upper_bound":1588065.24280716},"point_estimate":1207186.8431515754,"standard_error":260092.7935414868}}