{"mean":{"confidence_interval":{"confidence_level":0.95,"lower_bound":120104448.379,"upper_bound":120352341.12325},"point_estimate":120216572.62,"standard_error":63488.38624376014},"median":{"confidence_interval":{"confidence_level":0.95,"lower_bound":120020928.0,"upper_bound":120240711.0},"point_estimate":120141394.0,"standard_error":51415.2327750013},"median_abs_dev":{"confidence_interval":{"confidence_level":0.95,"lower_bound":316093.9096932113,"upper_bound":508608.88617038727},"point_estimate":423515.8019810915,"standard_error":50939.089179393566},"slope":null,"std_dev":{"confidence_interval":{"confidence_level":0.95,"lower_bound":359233.73884306924,"upper_bound":927037.1083793292},"point_estimate":641115.2586851327,"standard_error":154390.5769912483}}