{"mean":{"confidence_interval":{"confidence_level":0.95,"lower_bound":164668622.45,"upper_bound":165314979.24125},"point_estimate":164977800.4,"standard_error":166171.96048319078},"median":{"confidence_interval":{"confidence_level":0.95,"lower_bound":164542652.5,"upper_bound":165418861.5},"point_estimate":164811883.25,"standard_error":226699.3962459946},"median_abs_dev":{"confidence_interval":{"confidence_level":0.95,"lower_bound":92461.23540848494,"upper_bound":915359.8182991147},"point_estimate":544679.8022300005,"standard_error":210527.345837774},"slope":null,"std_dev":{"confidence_interval":{"confidence_level":0.95,"lower_bound":278804.6062481951,"upper_bound":686335.6141951759},"point_estimate":553969.7271097442,"standard_error":101536.98253636749}}