{"mean":{"confidence_interval":{"confidence_level":0.95,"lower_bound":177798500.15875,"upper_bound":180337627.8325},"point_estimate":178840368.75,"standard_error":673866.4803775203},"median":{"confidence_interval":{"confidence_level":0.95,"lower_bound":177303585.5,"upper_bound":179152298.5},"point_estimate":178393676.0,"standard_error":481248.97388057597},"median_abs_dev":{"confidence_interval":{"confidence_level":0.95,"lower_bound":168937.81920075417,"upper_bound":2169075.266741216},"point_estimate":1196036.749716103,"standard_error":489226.76676139346},"slope":null,"std_dev":{"confidence_interval":{"confidence_level":0.95,"lower_bound":619011.9172270613,"upper_bound":3373607.302767662},"point_estimate":2250690.470238118,"standard_error":901421.0039184666}}