{"mean":{"confidence_interval":{"confidence_level":0.95,"lower_bound":177585702.1,"upper_bound":178781523.79625},"point_estimate":178162669.55,"standard_error":306827.8312896236},"median":{"confidence_interval":{"confidence_level":0.95,"lower_bound":177436349.5,"upper_bound":178974619.5},"point_estimate":177912104.0,"standard_error":380362.04646822053},"median_abs_dev":{"confidence_interval":{"confidence_level":0.95,"lower_bound":173870.79996317625,"upper_bound":1631309.9401384592},"point_estimate":978337.6999810338,"standard_error":400776.1632273727},"slope":null,"std_dev":{"confidence_interval":{"confidence_level":0.95,"lower_bound":509614.4523955251,"upper_bound":1313540.6736563647},"point_estimate":1020480.8441734561,"standard_error":204344.45284565847}}