{"mean":{"confidence_interval":{"confidence_level":0.95,"lower_bound":-0.07544082295025958,"upper_bound":-0.06950632936613418},"point_estimate":-0.07264129693123222,"standard_error":0.0015499390076332178},"median":{"confidence_interval":{"confidence_level":0.95,"lower_bound":-0.07899840992890006,"upper_bound":-0.07389128893852992},"point_estimate":-0.07705109352084283,"standard_error":0.001151061658961845}}