{"mean":{"confidence_interval":{"confidence_level":0.95,"lower_bound":-0.013094235994603439,"upper_bound":-0.005422680916771951},"point_estimate":-0.009123414994630208,"standard_error":0.001960125033827972},"median":{"confidence_interval":{"confidence_level":0.95,"lower_bound":-0.008019167001786287,"upper_bound":-0.0013734847847999276},"point_estimate":-0.004270438835849544,"standard_error":0.0016252127342737933}}