{"mean":{"confidence_interval":{"confidence_level":0.95,"lower_bound":-0.0609180439157416,"upper_bound":-0.045065989284137145},"point_estimate":-0.05289929990421394,"standard_error":0.004041312524920499},"median":{"confidence_interval":{"confidence_level":0.95,"lower_bound":-0.05439012860542303,"upper_bound":-0.03467355902999758},"point_estimate":-0.04325067473921551,"standard_error":0.00534268439282636}}