{"mean":{"confidence_interval":{"confidence_level":0.95,"lower_bound":0.002405514164028955,"upper_bound":0.021755189024238182},"point_estimate":0.01199975778234652,"standard_error":0.004907152152981357},"median":{"confidence_interval":{"confidence_level":0.95,"lower_bound":-0.001360727987875343,"upper_bound":0.026015358487397222},"point_estimate":0.011580487046044308,"standard_error":0.005953496119773351}}