{"mean":{"confidence_interval":{"confidence_level":0.95,"lower_bound":0.10982776453141577,"upper_bound":0.11359647294729427},"point_estimate":0.11161841463731159,"standard_error":0.0009477361408443768},"median":{"confidence_interval":{"confidence_level":0.95,"lower_bound":0.10889528286037975,"upper_bound":0.11446640832941313},"point_estimate":0.11042227699112384,"standard_error":0.0015751220178810987}}