{"mean":{"confidence_interval":{"confidence_level":0.95,"lower_bound":-0.011329426535551964,"upper_bound":-0.008274253726999843},"point_estimate":-0.00980014779132754,"standard_error":0.0007768171972665309},"median":{"confidence_interval":{"confidence_level":0.95,"lower_bound":-0.011057233639585773,"upper_bound":-0.008496649672856238},"point_estimate":-0.009249482433474676,"standard_error":0.0006297715597817695}}