{"mean":{"confidence_interval":{"confidence_level":0.95,"lower_bound":0.13136262577572955,"upper_bound":0.14053984846481768},"point_estimate":0.13564324000369132,"standard_error":0.002356830705713916},"median":{"confidence_interval":{"confidence_level":0.95,"lower_bound":0.12951544943653626,"upper_bound":0.14015692832338789},"point_estimate":0.1353621987069238,"standard_error":0.002209950061175042}}