{"mean":{"confidence_interval":{"confidence_level":0.95,"lower_bound":-0.11329340577132871,"upper_bound":-0.09546633980189388},"point_estimate":-0.10393706118374513,"standard_error":0.004551583320756788},"median":{"confidence_interval":{"confidence_level":0.95,"lower_bound":-0.11432492495028634,"upper_bound":-0.09121549140196039},"point_estimate":-0.1024366007605525,"standard_error":0.0051764330063791926}}