{"mean":{"confidence_interval":{"confidence_level":0.95,"lower_bound":0.04162307761999045,"upper_bound":0.061215786554283114},"point_estimate":0.05041994425963692,"standard_error":0.0050492839665072144},"median":{"confidence_interval":{"confidence_level":0.95,"lower_bound":0.02990279796762299,"upper_bound":0.05400882001689977},"point_estimate":0.03886938436153864,"standard_error":0.006550299690797151}}