{"mean":{"confidence_interval":{"confidence_level":0.95,"lower_bound":117187426.9425,"upper_bound":118730799.03425},"point_estimate":117964212.14,"standard_error":393683.72831000946},"median":{"confidence_interval":{"confidence_level":0.95,"lower_bound":117170670.0,"upper_bound":119438750.0},"point_estimate":118173429.5,"standard_error":591714.3686441749},"median_abs_dev":{"confidence_interval":{"confidence_level":0.95,"lower_bound":3060867.675858736,"upper_bound":5001170.724311471},"point_estimate":4050211.0860943794,"standard_error":511920.26198119746},"slope":null,"std_dev":{"confidence_interval":{"confidence_level":0.95,"lower_bound":3397079.537499487,"upper_bound":4414705.712042484},"point_estimate":3935740.9617914963,"standard_error":259080.1972374323}}