{"mean":{"confidence_interval":{"confidence_level":0.95,"lower_bound":117697317.863,"upper_bound":118889855.66425},"point_estimate":118301024.11,"standard_error":303777.3074258251},"median":{"confidence_interval":{"confidence_level":0.95,"lower_bound":117975908.5,"upper_bound":119446991.0},"point_estimate":119024724.0,"standard_error":411479.72848991444},"median_abs_dev":{"confidence_interval":{"confidence_level":0.95,"lower_bound":2400379.7657847404,"upper_bound":4122200.951716304},"point_estimate":3199255.040001869,"standard_error":440034.4636184359},"slope":null,"std_dev":{"confidence_interval":{"confidence_level":0.95,"lower_bound":2655853.39190095,"upper_bound":3375318.332158793},"point_estimate":3037271.1715733088,"standard_error":183919.90333288023}}