{"mean":{"confidence_interval":{"confidence_level":0.95,"lower_bound":115418191.16925,"upper_bound":116823390.696},"point_estimate":116074906.21,"standard_error":357535.67187063786},"median":{"confidence_interval":{"confidence_level":0.95,"lower_bound":115596022.0,"upper_bound":116878489.5},"point_estimate":116362197.0,"standard_error":301688.9738822896},"median_abs_dev":{"confidence_interval":{"confidence_level":0.95,"lower_bound":1807745.8048485965,"upper_bound":3027890.204644203},"point_estimate":2488419.5174217224,"standard_error":311598.9560552069},"slope":null,"std_dev":{"confidence_interval":{"confidence_level":0.95,"lower_bound":2363620.1978330715,"upper_bound":5085925.803787978},"point_estimate":3605079.0497622583,"standard_error":785102.73084286}}