{"mean":{"confidence_interval":{"confidence_level":0.95,"lower_bound":116627256.99641667,"upper_bound":118364683.87190476},"point_estimate":117531327.55551589,"standard_error":445781.7797051303},"median":{"confidence_interval":{"confidence_level":0.95,"lower_bound":116359755.66666667,"upper_bound":118647542.7},"point_estimate":117919394.64285713,"standard_error":676707.9871813726},"median_abs_dev":{"confidence_interval":{"confidence_level":0.95,"lower_bound":289558.0123693214,"upper_bound":2493225.9212113917},"point_estimate":1459785.8900169544,"standard_error":574739.9902147185},"slope":{"confidence_interval":{"confidence_level":0.95,"lower_bound":117280113.17820875,"upper_bound":118662668.50626567},"point_estimate":118066477.71428572,"standard_error":360656.4465780014},"std_dev":{"confidence_interval":{"confidence_level":0.95,"lower_bound":827113.5869663729,"upper_bound":1900057.4720297025},"point_estimate":1484779.5403721952,"standard_error":283759.02193320374}}