{"mean":{"confidence_interval":{"confidence_level":0.95,"lower_bound":46128779.907,"upper_bound":46570320.969625},"point_estimate":46319726.185,"standard_error":113518.77620058438},"median":{"confidence_interval":{"confidence_level":0.95,"lower_bound":46049690.5,"upper_bound":46332257.0},"point_estimate":46227190.75,"standard_error":70614.43408170229},"median_abs_dev":{"confidence_interval":{"confidence_level":0.95,"lower_bound":466788.4474128485,"upper_bound":832019.5379287004},"point_estimate":644128.901964426,"standard_error":96534.71172150987},"slope":null,"std_dev":{"confidence_interval":{"confidence_level":0.95,"lower_bound":578052.1360144148,"upper_bound":1739326.1142303492},"point_estimate":1136920.5786071636,"standard_error":366593.0982477157}}