{"mean":{"confidence_interval":{"confidence_level":0.95,"lower_bound":46518359.225125,"upper_bound":46951834.58075},"point_estimate":46711673.71,"standard_error":110790.66510208994},"median":{"confidence_interval":{"confidence_level":0.95,"lower_bound":46453901.75,"upper_bound":46602414.0},"point_estimate":46514743.25,"standard_error":44439.423149255126},"median_abs_dev":{"confidence_interval":{"confidence_level":0.95,"lower_bound":416224.36604429036,"upper_bound":702159.3475341797},"point_estimate":555472.0180884004,"standard_error":70297.58983063565},"slope":null,"std_dev":{"confidence_interval":{"confidence_level":0.95,"lower_bound":632011.9094251073,"upper_bound":1625690.8590288325},"point_estimate":1115585.558856719,"standard_error":286914.0883235438}}