{"mean":{"confidence_interval":{"confidence_level":0.95,"lower_bound":213515059.368,"upper_bound":215585474.78075},"point_estimate":214567050.44,"standard_error":527904.2857573493},"median":{"confidence_interval":{"confidence_level":0.95,"lower_bound":214728732.0,"upper_bound":216703047.0},"point_estimate":215681940.5,"standard_error":494832.345770348},"median_abs_dev":{"confidence_interval":{"confidence_level":0.95,"lower_bound":3997492.796230316,"upper_bound":6887192.637202883},"point_estimate":5556120.496559143,"standard_error":698356.4150235328},"slope":null,"std_dev":{"confidence_interval":{"confidence_level":0.95,"lower_bound":4602807.1618654765,"upper_bound":5894515.092901952},"point_estimate":5287478.49613332,"standard_error":329875.0654533123}}