{"mean":{"confidence_interval":{"confidence_level":0.95,"lower_bound":205212987.385,"upper_bound":209807541.13333336},"point_estimate":207699942.90000004,"standard_error":1180343.5036164604},"median":{"confidence_interval":{"confidence_level":0.95,"lower_bound":204576090.3333333,"upper_bound":210632541.0},"point_estimate":208667219.8333333,"standard_error":1322779.729067952},"median_abs_dev":{"confidence_interval":{"confidence_level":0.95,"lower_bound":544775.4299283028,"upper_bound":6211070.154431462},"point_estimate":2279387.994232781,"standard_error":1381033.5169799922},"slope":null,"std_dev":{"confidence_interval":{"confidence_level":0.95,"lower_bound":1445266.4811122087,"upper_bound":5048696.185524377},"point_estimate":3939617.081512427,"standard_error":940223.0224722156}}