{"mean":{"confidence_interval":{"confidence_level":0.95,"lower_bound":225432413.38750002,"upper_bound":228515398.3},"point_estimate":227016851.7,"standard_error":786933.054195612},"median":{"confidence_interval":{"confidence_level":0.95,"lower_bound":225197627.5,"upper_bound":228976636.75},"point_estimate":227307496.0,"standard_error":1063020.9052122713},"median_abs_dev":{"confidence_interval":{"confidence_level":0.95,"lower_bound":471338.17608207464,"upper_bound":4495789.458283782},"point_estimate":2652664.166405797,"standard_error":1011066.1328071106},"slope":null,"std_dev":{"confidence_interval":{"confidence_level":0.95,"lower_bound":1364905.5052251949,"upper_bound":3477930.356330898},"point_estimate":2626427.9572918066,"standard_error":554002.4175135703}}