{"mean":{"confidence_interval":{"confidence_level":0.95,"lower_bound":211428926.818,"upper_bound":213757576.83225},"point_estimate":212605282.65,"standard_error":594901.0295463888},"median":{"confidence_interval":{"confidence_level":0.95,"lower_bound":211916297.0,"upper_bound":215394825.0},"point_estimate":213891029.0,"standard_error":873003.3364938741},"median_abs_dev":{"confidence_interval":{"confidence_level":0.95,"lower_bound":3824077.5251090527,"upper_bound":7106893.308097421},"point_estimate":5607975.171938539,"standard_error":854435.0591095242},"slope":null,"std_dev":{"confidence_interval":{"confidence_level":0.95,"lower_bound":5024446.782406118,"upper_bound":6872569.161236393},"point_estimate":5972187.891309636,"standard_error":473988.8624732147}}