{"mean":{"confidence_interval":{"confidence_level":0.95,"lower_bound":-0.008394159087269681,"upper_bound":-0.003051007951775722},"point_estimate":-0.005686688537356432,"standard_error":0.0013650760997032949},"median":{"confidence_interval":{"confidence_level":0.95,"lower_bound":-0.008888450839138362,"upper_bound":-0.0018201838827819339},"point_estimate":-0.0050836497275890125,"standard_error":0.0017422014038979484}}