{"mean":{"confidence_interval":{"confidence_level":0.95,"lower_bound":0.047550165504360385,"upper_bound":0.05136836326046441},"point_estimate":0.04944504032620167,"standard_error":0.0009772291171780516},"median":{"confidence_interval":{"confidence_level":0.95,"lower_bound":0.045715060634357485,"upper_bound":0.05294671868060652},"point_estimate":0.048947315490991405,"standard_error":0.0020748484197169394}}