{"mean":{"confidence_interval":{"confidence_level":0.95,"lower_bound":-0.04592420998683366,"upper_bound":-0.04297115238181875},"point_estimate":-0.04448794199186712,"standard_error":0.0007481346800319056},"median":{"confidence_interval":{"confidence_level":0.95,"lower_bound":-0.04678967963818914,"upper_bound":-0.043146676337662115},"point_estimate":-0.04551215438087497,"standard_error":0.0009358698104951138}}