{"mean":{"confidence_interval":{"confidence_level":0.95,"lower_bound":-0.012029200029508075,"upper_bound":-0.008795165112736337},"point_estimate":-0.010326395618931117,"standard_error":0.0008222369412140589},"median":{"confidence_interval":{"confidence_level":0.95,"lower_bound":-0.01153153242058036,"upper_bound":-0.009492262698964637},"point_estimate":-0.010476741808254975,"standard_error":0.0005514974215380925}}