{"mean":{"confidence_interval":{"confidence_level":0.95,"lower_bound":0.004489819354525371,"upper_bound":0.007274482029641005},"point_estimate":0.005939502303818234,"standard_error":0.0007067811497032713},"median":{"confidence_interval":{"confidence_level":0.95,"lower_bound":0.004782089945734924,"upper_bound":0.007979811538116444},"point_estimate":0.006437925695720104,"standard_error":0.0008140687287401736}}