{"mean":{"confidence_interval":{"confidence_level":0.95,"lower_bound":0.049424212002685805,"upper_bound":0.05274263700173486},"point_estimate":0.051046039824710565,"standard_error":0.0008401979531144222},"median":{"confidence_interval":{"confidence_level":0.95,"lower_bound":0.04911736959337243,"upper_bound":0.05324740800420669},"point_estimate":0.05137625623236364,"standard_error":0.0010656068472892188}}