{"mean":{"confidence_interval":{"confidence_level":0.95,"lower_bound":0.023893233987478207,"upper_bound":0.03830685888016422},"point_estimate":0.03062644858804453,"standard_error":0.0035531015768447555},"median":{"confidence_interval":{"confidence_level":0.95,"lower_bound":0.01767123984603991,"upper_bound":0.0356297027681598},"point_estimate":0.02502406244610511,"standard_error":0.004771037067602748}}