{"mean":{"confidence_interval":{"confidence_level":0.95,"lower_bound":-0.0007140037762468043,"upper_bound":0.002405729291946382},"point_estimate":0.0008227991446707605,"standard_error":0.0008032952359935909},"median":{"confidence_interval":{"confidence_level":0.95,"lower_bound":-0.0013990041866246417,"upper_bound":0.0015557789872893135},"point_estimate":0.00015844432791789487,"standard_error":0.0007519012370336618}}