{"mean":{"confidence_interval":{"confidence_level":0.95,"lower_bound":27497136.78333334,"upper_bound":28347255.077638894},"point_estimate":27918702.82222222,"standard_error":217597.62643665},"median":{"confidence_interval":{"confidence_level":0.95,"lower_bound":27263863.916666664,"upper_bound":28409712.25},"point_estimate":27686128.833333332,"standard_error":266140.54076318664},"median_abs_dev":{"confidence_interval":{"confidence_level":0.95,"lower_bound":508560.57812124124,"upper_bound":1695172.9340046644},"point_estimate":1047839.7628471227,"standard_error":321399.94420580467},"slope":null,"std_dev":{"confidence_interval":{"confidence_level":0.95,"lower_bound":903913.4083524104,"upper_bound":1457035.633615032},"point_estimate":1213936.9821585473,"standard_error":141302.07084534282}}