{"mean":{"confidence_interval":{"confidence_level":0.95,"lower_bound":29120690.95125,"upper_bound":30015320.416750003},"point_estimate":29572223.595,"standard_error":228994.91306623918},"median":{"confidence_interval":{"confidence_level":0.95,"lower_bound":29314138.75,"upper_bound":30231029.0},"point_estimate":29728706.25,"standard_error":211482.0722049082},"median_abs_dev":{"confidence_interval":{"confidence_level":0.95,"lower_bound":1584041.289328897,"upper_bound":2813767.55669564},"point_estimate":2234990.549620986,"standard_error":324997.750612846},"slope":null,"std_dev":{"confidence_interval":{"confidence_level":0.95,"lower_bound":1982130.1653497077,"upper_bound":2584930.6233646534},"point_estimate":2303344.7266015834,"standard_error":154127.45547425005}}