{"mean":{"confidence_interval":{"confidence_level":0.95,"lower_bound":26677142.361428574,"upper_bound":27475934.145833332},"point_estimate":27080861.742857147,"standard_error":203891.8387159159},"median":{"confidence_interval":{"confidence_level":0.95,"lower_bound":26665415.5,"upper_bound":27591546.92857143},"point_estimate":27091219.785714284,"standard_error":247770.013986547},"median_abs_dev":{"confidence_interval":{"confidence_level":0.95,"lower_bound":607217.1399197397,"upper_bound":1491939.5063127798},"point_estimate":1151639.393354312,"standard_error":231178.75787762797},"slope":null,"std_dev":{"confidence_interval":{"confidence_level":0.95,"lower_bound":822876.9905033846,"upper_bound":1379457.7768618464},"point_estimate":1134934.0967007363,"standard_error":142307.17317652953}}