{"mean":{"confidence_interval":{"confidence_level":0.95,"lower_bound":26670341.480875,"upper_bound":27420636.78675},"point_estimate":27050679.83,"standard_error":191762.2542563914},"median":{"confidence_interval":{"confidence_level":0.95,"lower_bound":26785895.5,"upper_bound":27832429.0},"point_estimate":27479033.75,"standard_error":258907.72876131485},"median_abs_dev":{"confidence_interval":{"confidence_level":0.95,"lower_bound":1335645.405587554,"upper_bound":2350406.1391219497},"point_estimate":1654593.0607751012,"standard_error":260001.41804428565},"slope":null,"std_dev":{"confidence_interval":{"confidence_level":0.95,"lower_bound":1643106.755397646,"upper_bound":2192985.502846689},"point_estimate":1930731.9483734868,"standard_error":140256.07979090494}}