{"mean":{"confidence_interval":{"confidence_level":0.95,"lower_bound":0.0240744510983665,"upper_bound":0.059525835471477176},"point_estimate":0.04262697651483682,"standard_error":0.009047648980662109},"median":{"confidence_interval":{"confidence_level":0.95,"lower_bound":0.01547319133540699,"upper_bound":0.07034967248440616},"point_estimate":0.04717301040468236,"standard_error":0.013965854762331899}}