{"mean":{"confidence_interval":{"confidence_level":0.95,"lower_bound":0.0077418733201501085,"upper_bound":0.0382743848373574},"point_estimate":0.022539897526504316,"standard_error":0.007783579395613942},"median":{"confidence_interval":{"confidence_level":0.95,"lower_bound":0.0006574823824208043,"upper_bound":0.03551464411929328},"point_estimate":0.01746060057996668,"standard_error":0.008690246017024356}}