{"mean":{"confidence_interval":{"confidence_level":0.95,"lower_bound":-0.004504663701929734,"upper_bound":0.02492863423523097},"point_estimate":0.009671101725540199,"standard_error":0.007534866765341346},"median":{"confidence_interval":{"confidence_level":0.95,"lower_bound":-0.003965686502778287,"upper_bound":0.03324723532146355},"point_estimate":0.016135840408754154,"standard_error":0.009640561581853663}}