{"mean":{"confidence_interval":{"confidence_level":0.95,"lower_bound":-0.04999902933189282,"upper_bound":-0.01775164991355743},"point_estimate":-0.03410229428986111,"standard_error":0.00822204167354301},"median":{"confidence_interval":{"confidence_level":0.95,"lower_bound":-0.05619482243085461,"upper_bound":-0.01541767725739418},"point_estimate":-0.03826219629120864,"standard_error":0.010379219398870626}}