{"mean":{"confidence_interval":{"confidence_level":0.95,"lower_bound":-0.04772087057429604,"upper_bound":-0.01748743023204064},"point_estimate":-0.03226086784516835,"standard_error":0.00769313651265744},"median":{"confidence_interval":{"confidence_level":0.95,"lower_bound":-0.05125861725736469,"upper_bound":0.00007068279771083041},"point_estimate":-0.026695075137698865,"standard_error":0.012875897317360063}}