{"mean":{"confidence_interval":{"confidence_level":0.95,"lower_bound":-0.013097559814525457,"upper_bound":0.015043214449813892},"point_estimate":0.0020383629958422578,"standard_error":0.007131060027815298},"median":{"confidence_interval":{"confidence_level":0.95,"lower_bound":-0.01573252885577814,"upper_bound":0.01909314888893321},"point_estimate":-0.0012120092781481295,"standard_error":0.008809915856602776}}