{"mean":{"confidence_interval":{"confidence_level":0.95,"lower_bound":-0.020825007216504595,"upper_bound":0.010942912196685433},"point_estimate":-0.0050516971748550965,"standard_error":0.008077915376453308},"median":{"confidence_interval":{"confidence_level":0.95,"lower_bound":-0.023080739711293208,"upper_bound":0.024212881944885245},"point_estimate":0.0015479749243794139,"standard_error":0.012232989352548346}}