{"mean":{"confidence_interval":{"confidence_level":0.95,"lower_bound":-0.047077978717930416,"upper_bound":-0.017252533479460444},"point_estimate":-0.03239733070205375,"standard_error":0.007582477825671812},"median":{"confidence_interval":{"confidence_level":0.95,"lower_bound":-0.04830348506665061,"upper_bound":-0.01574082570417923},"point_estimate":-0.0355610489999475,"standard_error":0.008720051152087686}}