{"mean":{"confidence_interval":{"confidence_level":0.95,"lower_bound":-0.028070093674331643,"upper_bound":0.010012307221955563},"point_estimate":-0.010534469825041692,"standard_error":0.009764616209342996},"median":{"confidence_interval":{"confidence_level":0.95,"lower_bound":-0.041811419944392414,"upper_bound":0.011633594589056218},"point_estimate":-0.024864240518993164,"standard_error":0.013942393852749974}}