{"mean":{"confidence_interval":{"confidence_level":0.95,"lower_bound":-0.006971217742392868,"upper_bound":-0.002275791624804735},"point_estimate":-0.004184950144944355,"standard_error":0.0012257435320847684},"median":{"confidence_interval":{"confidence_level":0.95,"lower_bound":-0.003982587762041079,"upper_bound":-0.0025408127985546702},"point_estimate":-0.0033807646312621342,"standard_error":0.00035670529906716895}}