{"mean":{"confidence_interval":{"confidence_level":0.95,"lower_bound":-0.09359014048723009,"upper_bound":-0.08997140218363298},"point_estimate":-0.09190728026729611,"standard_error":0.0009269579718175087},"median":{"confidence_interval":{"confidence_level":0.95,"lower_bound":-0.09497347052159022,"upper_bound":-0.09182999776262536},"point_estimate":-0.09283926053260894,"standard_error":0.000693522360100867}}