{"mean":{"confidence_interval":{"confidence_level":0.95,"lower_bound":0.2547777199842311,"upper_bound":0.2620173017085383},"point_estimate":0.2581744086993316,"standard_error":0.001825437159084881},"median":{"confidence_interval":{"confidence_level":0.95,"lower_bound":0.2574969783237842,"upper_bound":0.2594212340235371},"point_estimate":0.2584743200629003,"standard_error":0.0005088813443385966}}