{"mean":{"confidence_interval":{"confidence_level":0.95,"lower_bound":-0.12722874573847076,"upper_bound":-0.12434169619459695},"point_estimate":-0.12560879283184256,"standard_error":0.0007387062575903913},"median":{"confidence_interval":{"confidence_level":0.95,"lower_bound":-0.12667607972844164,"upper_bound":-0.1234973334166456},"point_estimate":-0.12533315989052007,"standard_error":0.0007302916157410296}}