{"mean":{"confidence_interval":{"confidence_level":0.95,"lower_bound":-0.09178809250128873,"upper_bound":-0.09002318956647452},"point_estimate":-0.09093574299286467,"standard_error":0.0004520539553710533},"median":{"confidence_interval":{"confidence_level":0.95,"lower_bound":-0.0920913376227972,"upper_bound":-0.09059871925020235},"point_estimate":-0.09134340393021834,"standard_error":0.0003792346719328345}}