{"mean":{"confidence_interval":{"confidence_level":0.95,"lower_bound":0.15724786263463014,"upper_bound":0.16179966969289133},"point_estimate":0.15988360346552444,"standard_error":0.0011940772492073427},"median":{"confidence_interval":{"confidence_level":0.95,"lower_bound":0.15923632875537197,"upper_bound":0.16211560286555038},"point_estimate":0.16102107063369142,"standard_error":0.0007551134535205456}}