{"mean":{"confidence_interval":{"confidence_level":0.95,"lower_bound":0.0015819728963200666,"upper_bound":0.0048011478559115695},"point_estimate":0.0031279452389683104,"standard_error":0.0008166651163632507},"median":{"confidence_interval":{"confidence_level":0.95,"lower_bound":0.001697713162121417,"upper_bound":0.0039866818607336985},"point_estimate":0.003002025843256817,"standard_error":0.0005981480718256682}}