{"mean":{"confidence_interval":{"confidence_level":0.95,"lower_bound":0.10027149034725769,"upper_bound":0.10600394444651914},"point_estimate":0.10362430801183309,"standard_error":0.0014956038132733507},"median":{"confidence_interval":{"confidence_level":0.95,"lower_bound":0.10301146607713078,"upper_bound":0.10592896975168942},"point_estimate":0.10449734064164784,"standard_error":0.0007808635825699805}}