{"mean":{"confidence_interval":{"confidence_level":0.95,"lower_bound":-0.012043633794903932,"upper_bound":-0.009625031727493093},"point_estimate":-0.010885123030967891,"standard_error":0.0006101647259006441},"median":{"confidence_interval":{"confidence_level":0.95,"lower_bound":-0.012057292495688543,"upper_bound":-0.010456940774011936},"point_estimate":-0.011242330652571964,"standard_error":0.00040393865189590977}}