{"mean":{"confidence_interval":{"confidence_level":0.95,"lower_bound":-0.025500808824080137,"upper_bound":-0.013324825103315388},"point_estimate":-0.01992587619116004,"standard_error":0.0031282104869787128},"median":{"confidence_interval":{"confidence_level":0.95,"lower_bound":-0.027084991981243256,"upper_bound":-0.014774549374311885},"point_estimate":-0.025293591461471365,"standard_error":0.0034142435418195215}}