{"mean":{"confidence_interval":{"confidence_level":0.95,"lower_bound":0.010656126826900541,"upper_bound":0.01354012050544644},"point_estimate":0.012184040143988328,"standard_error":0.0007338464366269837},"median":{"confidence_interval":{"confidence_level":0.95,"lower_bound":0.0112347031067479,"upper_bound":0.013747474521305092},"point_estimate":0.01249118101675184,"standard_error":0.0006982098922604428}}