{"mean":{"confidence_interval":{"confidence_level":0.95,"lower_bound":-0.11209906922760572,"upper_bound":-0.10809455475048063},"point_estimate":-0.11016170933740244,"standard_error":0.0010283204647665246},"median":{"confidence_interval":{"confidence_level":0.95,"lower_bound":-0.11147354421124578,"upper_bound":-0.10916158217351035},"point_estimate":-0.11051437140294496,"standard_error":0.0006085774206928869}}