{"mean":{"confidence_interval":{"confidence_level":0.95,"lower_bound":-0.0037385042792495546,"upper_bound":-0.00023137407336181837},"point_estimate":-0.0021164753124763847,"standard_error":0.0008822233564166357},"median":{"confidence_interval":{"confidence_level":0.95,"lower_bound":-0.003918722450060641,"upper_bound":-0.001187738770920619},"point_estimate":-0.0025606806826158346,"standard_error":0.0007399660593021093}}