{"mean":{"confidence_interval":{"confidence_level":0.95,"lower_bound":27776898.5315,"upper_bound":28550103.88075},"point_estimate":28170980.81,"standard_error":197150.04293547495},"median":{"confidence_interval":{"confidence_level":0.95,"lower_bound":27905918.5,"upper_bound":28976506.0},"point_estimate":28480340.75,"standard_error":247069.82977577223},"median_abs_dev":{"confidence_interval":{"confidence_level":0.95,"lower_bound":1534085.4816645384,"upper_bound":2319605.634312518},"point_estimate":2015896.3733106852,"standard_error":196866.18260813053},"slope":null,"std_dev":{"confidence_interval":{"confidence_level":0.95,"lower_bound":1626601.4975333968,"upper_bound":2299454.6190011054},"point_estimate":1972508.095440305,"standard_error":172146.26816593143}}