{"mean":{"confidence_interval":{"confidence_level":0.95,"lower_bound":10023329.740499998,"upper_bound":10188202.962541668},"point_estimate":10105294.726666667,"standard_error":42010.74203850416},"median":{"confidence_interval":{"confidence_level":0.95,"lower_bound":9972043.0,"upper_bound":10191471.75},"point_estimate":10122521.333333332,"standard_error":51270.293841827544},"median_abs_dev":{"confidence_interval":{"confidence_level":0.95,"lower_bound":300819.6582093844,"upper_bound":548971.5585038038},"point_estimate":449774.00656491285,"standard_error":63879.859064389704},"slope":null,"std_dev":{"confidence_interval":{"confidence_level":0.95,"lower_bound":363819.74216587294,"upper_bound":476006.84526227746},"point_estimate":423043.9357460971,"standard_error":28634.618640036955}}