{"mean":{"confidence_interval":{"confidence_level":0.95,"lower_bound":9270876.509358728,"upper_bound":9564562.347063493},"point_estimate":9426604.024730159,"standard_error":74146.85579473051},"median":{"confidence_interval":{"confidence_level":0.95,"lower_bound":9368589.219999999,"upper_bound":9518776.27142857},"point_estimate":9432440.61388889,"standard_error":42578.34056061735},"median_abs_dev":{"confidence_interval":{"confidence_level":0.95,"lower_bound":16794.887206830084,"upper_bound":366120.6409690607},"point_estimate":100798.28136014017,"standard_error":80328.54977355979},"slope":{"confidence_interval":{"confidence_level":0.95,"lower_bound":9414582.358974358,"upper_bound":9508531.939876905},"point_estimate":9460683.86077922,"standard_error":24106.10629588178},"std_dev":{"confidence_interval":{"confidence_level":0.95,"lower_bound":60065.53540552261,"upper_bound":355535.06374481355},"point_estimate":246588.17110476558,"standard_error":77141.16507178493}}