{"mean":{"confidence_interval":{"confidence_level":0.95,"lower_bound":10504968.619300006,"upper_bound":10656364.44225},"point_estimate":10579747.857999997,"standard_error":38543.42069273625},"median":{"confidence_interval":{"confidence_level":0.95,"lower_bound":10507374.6,"upper_bound":10644218.3},"point_estimate":10589057.2,"standard_error":31943.63547574133},"median_abs_dev":{"confidence_interval":{"confidence_level":0.95,"lower_bound":243892.5882500421,"upper_bound":466729.58819389314},"point_estimate":408712.63428389945,"standard_error":60273.00573553499},"slope":null,"std_dev":{"confidence_interval":{"confidence_level":0.95,"lower_bound":316243.0944324745,"upper_bound":454532.5981615317},"point_estimate":386101.5706424771,"standard_error":35568.67371298861}}