{"mean":{"confidence_interval":{"confidence_level":0.95,"lower_bound":10424944.410249999,"upper_bound":10591809.37305},"point_estimate":10509182.166000001,"standard_error":42693.2507330007},"median":{"confidence_interval":{"confidence_level":0.95,"lower_bound":10458338.0,"upper_bound":10680620.0},"point_estimate":10550747.3,"standard_error":54126.97086296906},"median_abs_dev":{"confidence_interval":{"confidence_level":0.95,"lower_bound":298407.3445022106,"upper_bound":537689.9363940946},"point_estimate":412930.3346890214,"standard_error":60208.12920089719},"slope":null,"std_dev":{"confidence_interval":{"confidence_level":0.95,"lower_bound":367144.3524769876,"upper_bound":481173.7563835786},"point_estimate":427017.9872260439,"standard_error":29182.81934396845}}