{"mean":{"confidence_interval":{"confidence_level":0.95,"lower_bound":9866782.377125004,"upper_bound":10010734.49179167},"point_estimate":9937787.610000001,"standard_error":36756.35278240289},"median":{"confidence_interval":{"confidence_level":0.95,"lower_bound":9880451.5,"upper_bound":9995325.916666668},"point_estimate":9933217.833333332,"standard_error":33753.15142764231},"median_abs_dev":{"confidence_interval":{"confidence_level":0.95,"lower_bound":199076.48211568594,"upper_bound":345453.2068669796},"point_estimate":288000.7281869673,"standard_error":37375.93105117226},"slope":null,"std_dev":{"confidence_interval":{"confidence_level":0.95,"lower_bound":290631.05251078616,"upper_bound":444212.9845878798},"point_estimate":371047.70345836587,"standard_error":39307.125435723014}}