{"mean":{"confidence_interval":{"confidence_level":0.95,"lower_bound":201590619.828,"upper_bound":203410593.015},"point_estimate":202520590.32,"standard_error":463628.6160738304},"median":{"confidence_interval":{"confidence_level":0.95,"lower_bound":202217313.0,"upper_bound":203684077.0},"point_estimate":202967328.0,"standard_error":389823.2624782674},"median_abs_dev":{"confidence_interval":{"confidence_level":0.95,"lower_bound":3090854.0016263723,"upper_bound":5376370.817050338},"point_estimate":4471377.708417177,"standard_error":587985.4785333239},"slope":null,"std_dev":{"confidence_interval":{"confidence_level":0.95,"lower_bound":3749528.6227586768,"upper_bound":5491395.149394192},"point_estimate":4651466.286703938,"standard_error":445349.0316321516}}