{"mean":{"confidence_interval":{"confidence_level":0.95,"lower_bound":-0.011117712520492727,"upper_bound":0.0074517932806960055},"point_estimate":-0.0010534392636072365,"standard_error":0.0047959857044093685},"median":{"confidence_interval":{"confidence_level":0.95,"lower_bound":-0.00649849441943795,"upper_bound":0.011826854047727986},"point_estimate":0.008205875846840627,"standard_error":0.004754411428582245}}