{"mean":{"confidence_interval":{"confidence_level":0.95,"lower_bound":-0.03914535481740892,"upper_bound":-0.026590402701169275},"point_estimate":-0.03275717740709028,"standard_error":0.0032018439883558193},"median":{"confidence_interval":{"confidence_level":0.95,"lower_bound":-0.039575239358925256,"upper_bound":-0.026798334910449164},"point_estimate":-0.032529510788973814,"standard_error":0.003342873675688011}}