{"mean":{"confidence_interval":{"confidence_level":0.95,"lower_bound":0.018648946605130452,"upper_bound":0.031150867928555252},"point_estimate":0.024503071123477937,"standard_error":0.003180938129821147},"median":{"confidence_interval":{"confidence_level":0.95,"lower_bound":0.015795859196177986,"upper_bound":0.030029705141557228},"point_estimate":0.018990545337593367,"standard_error":0.003970404655155519}}