{"mean":{"confidence_interval":{"confidence_level":0.95,"lower_bound":0.05235595892660716,"upper_bound":0.06499481238666036},"point_estimate":0.05877035483098436,"standard_error":0.003226867677699076},"median":{"confidence_interval":{"confidence_level":0.95,"lower_bound":0.05216369897166184,"upper_bound":0.06330715832445688},"point_estimate":0.05828616002937026,"standard_error":0.002943555465300836}}