{"mean":{"confidence_interval":{"confidence_level":0.95,"lower_bound":-0.00697312196834074,"upper_bound":0.006299797279211328},"point_estimate":-0.0006986589056182657,"standard_error":0.0033933630007425466},"median":{"confidence_interval":{"confidence_level":0.95,"lower_bound":-0.00945187142164805,"upper_bound":0.006744471465165732},"point_estimate":-0.003661394424882336,"standard_error":0.004290219315825199}}