{"mean":{"confidence_interval":{"confidence_level":0.95,"lower_bound":-0.010969189344601572,"upper_bound":0.008317237213966074},"point_estimate":-0.002390631283828104,"standard_error":0.004916454677980016},"median":{"confidence_interval":{"confidence_level":0.95,"lower_bound":-0.01441505741197191,"upper_bound":0.00464475309863821},"point_estimate":-0.008391152389222056,"standard_error":0.004454733387511486}}