{"mean":{"confidence_interval":{"confidence_level":0.95,"lower_bound":-0.004211564844467407,"upper_bound":0.015230922704532485},"point_estimate":0.005962951133493988,"standard_error":0.0049763996118384855},"median":{"confidence_interval":{"confidence_level":0.95,"lower_bound":-0.00873206575304819,"upper_bound":0.020778808785584912},"point_estimate":0.011141363607436228,"standard_error":0.007164688464063542}}