{"mean":{"confidence_interval":{"confidence_level":0.95,"lower_bound":-0.0173398273937338,"upper_bound":-0.005345244321425705},"point_estimate":-0.011314053986513084,"standard_error":0.0030638756258147158},"median":{"confidence_interval":{"confidence_level":0.95,"lower_bound":-0.01799503214612539,"upper_bound":-0.004668417678930226},"point_estimate":-0.009885699067472942,"standard_error":0.003434155408233052}}