{"mean":{"confidence_interval":{"confidence_level":0.95,"lower_bound":13849650.434,"upper_bound":14130594.400125},"point_estimate":13987691.415,"standard_error":71651.40470559189},"median":{"confidence_interval":{"confidence_level":0.95,"lower_bound":13857037.0,"upper_bound":14225259.375},"point_estimate":13993835.0,"standard_error":88688.36934726714},"median_abs_dev":{"confidence_interval":{"confidence_level":0.95,"lower_bound":454269.00258511305,"upper_bound":775246.0174510065},"point_estimate":593743.2978339493,"standard_error":87851.88526226362},"slope":null,"std_dev":{"confidence_interval":{"confidence_level":0.95,"lower_bound":580077.8411927831,"upper_bound":866042.8985849596},"point_estimate":719358.292034818,"standard_error":74243.80094271772}}