{"mean":{"confidence_interval":{"confidence_level":0.95,"lower_bound":14564963.1931875,"upper_bound":14760973.1108125},"point_estimate":14663408.8975,"standard_error":49892.275256883455},"median":{"confidence_interval":{"confidence_level":0.95,"lower_bound":14507279.625,"upper_bound":14836053.75},"point_estimate":14683204.0,"standard_error":102202.13222617967},"median_abs_dev":{"confidence_interval":{"confidence_level":0.95,"lower_bound":428991.9934744947,"upper_bound":660224.3779286742},"point_estimate":528237.2125469148,"standard_error":59157.6123959536},"slope":null,"std_dev":{"confidence_interval":{"confidence_level":0.95,"lower_bound":433807.5647544465,"upper_bound":560943.7563890729},"point_estimate":500101.1782841708,"standard_error":32373.27684653683}}