{"mean":{"confidence_interval":{"confidence_level":0.95,"lower_bound":-0.001217549134484649,"upper_bound":0.007601916173453786},"point_estimate":0.003360569644970557,"standard_error":0.0022546117033769063},"median":{"confidence_interval":{"confidence_level":0.95,"lower_bound":-0.0023646325992110473,"upper_bound":0.010192936828951726},"point_estimate":0.0036920901688775043,"standard_error":0.003057371117271952}}