{"mean":{"confidence_interval":{"confidence_level":0.95,"lower_bound":-0.0677258656709374,"upper_bound":-0.05839311018737922},"point_estimate":-0.06308220878977167,"standard_error":0.0024045595777660313},"median":{"confidence_interval":{"confidence_level":0.95,"lower_bound":-0.07161379589276479,"upper_bound":-0.05988299631378369},"point_estimate":-0.0663951215048062,"standard_error":0.0031285701660178997}}