{"mean":{"confidence_interval":{"confidence_level":0.95,"lower_bound":-0.05819585034108944,"upper_bound":-0.05057875305702978},"point_estimate":-0.054561699180538215,"standard_error":0.0019430095012148443},"median":{"confidence_interval":{"confidence_level":0.95,"lower_bound":-0.05497176460497144,"upper_bound":-0.04873755237241706},"point_estimate":-0.051292261441375775,"standard_error":0.001413155655148248}}