{"mean":{"confidence_interval":{"confidence_level":0.95,"lower_bound":-0.011486634343340477,"upper_bound":-0.0000978729314739508},"point_estimate":-0.006176348786950614,"standard_error":0.002855915920081462},"median":{"confidence_interval":{"confidence_level":0.95,"lower_bound":-0.011351697108863634,"upper_bound":-0.004067229201462963},"point_estimate":-0.007402566050158765,"standard_error":0.001841670081206014}}