{"mean":{"confidence_interval":{"confidence_level":0.95,"lower_bound":-0.025691125094009636,"upper_bound":-0.019321507098604015},"point_estimate":-0.022340355881415697,"standard_error":0.001619861306424369},"median":{"confidence_interval":{"confidence_level":0.95,"lower_bound":-0.029174639760440102,"upper_bound":-0.022777068749610718},"point_estimate":-0.025936017276377954,"standard_error":0.0015117176512540148}}