{"mean":{"confidence_interval":{"confidence_level":0.95,"lower_bound":0.016265083683672698,"upper_bound":0.024954414108503138},"point_estimate":0.02073941233462162,"standard_error":0.0022195403243627895},"median":{"confidence_interval":{"confidence_level":0.95,"lower_bound":0.014808180616381783,"upper_bound":0.02205814772137349},"point_estimate":0.017859598338722638,"standard_error":0.001872160855261806}}