{"mean":{"confidence_interval":{"confidence_level":0.95,"lower_bound":-0.9638313994309663,"upper_bound":-0.9635030704666586},"point_estimate":-0.9636663508687208,"standard_error":0.000083973405111579},"median":{"confidence_interval":{"confidence_level":0.95,"lower_bound":-0.9637550752149033,"upper_bound":-0.9633681311280909},"point_estimate":-0.9635626938304528,"standard_error":0.00010839529031008696}}