{"mean":{"confidence_interval":{"confidence_level":0.95,"lower_bound":-0.00446737776394534,"upper_bound":0.004034862407560972},"point_estimate":-0.0002566545873621262,"standard_error":0.0021624440707428885},"median":{"confidence_interval":{"confidence_level":0.95,"lower_bound":-0.007930814347919535,"upper_bound":0.00713817381667492},"point_estimate":-0.0006456015880180743,"standard_error":0.0037955300339427836}}