{"mean":{"confidence_interval":{"confidence_level":0.95,"lower_bound":0.005740021363664123,"upper_bound":0.008161323788388634},"point_estimate":0.00696390531628599,"standard_error":0.000616902448444631},"median":{"confidence_interval":{"confidence_level":0.95,"lower_bound":0.006469366577205982,"upper_bound":0.009201139742576858},"point_estimate":0.007985046182917621,"standard_error":0.0007656945761343684}}