{"mean":{"confidence_interval":{"confidence_level":0.95,"lower_bound":0.11158639954034993,"upper_bound":0.11478293760147837},"point_estimate":0.11320315758119626,"standard_error":0.0008140990616006528},"median":{"confidence_interval":{"confidence_level":0.95,"lower_bound":0.11138858794760775,"upper_bound":0.11502301222884781},"point_estimate":0.11317391991214532,"standard_error":0.0008886701587823275}}