{"mean":{"confidence_interval":{"confidence_level":0.95,"lower_bound":0.11953236434985307,"upper_bound":0.12329971614374152},"point_estimate":0.12137914476536404,"standard_error":0.0009690877560306545},"median":{"confidence_interval":{"confidence_level":0.95,"lower_bound":0.11749487072156728,"upper_bound":0.12245526247574845},"point_estimate":0.11961608153545877,"standard_error":0.0012314835190481055}}