{"mean":{"confidence_interval":{"confidence_level":0.95,"lower_bound":0.0024819598434073498,"upper_bound":0.0052649820973337865},"point_estimate":0.0038483463245748695,"standard_error":0.0007034876522592453},"median":{"confidence_interval":{"confidence_level":0.95,"lower_bound":0.0027478234063351703,"upper_bound":0.005152956585050106},"point_estimate":0.004163854330087702,"standard_error":0.0006235268381087156}}