{"mean":{"confidence_interval":{"confidence_level":0.95,"lower_bound":-0.0014552409642584333,"upper_bound":0.000634252787592315},"point_estimate":-0.00043716098111146184,"standard_error":0.0005333488598049294},"median":{"confidence_interval":{"confidence_level":0.95,"lower_bound":-0.0020343063237422652,"upper_bound":0.001116815011420913},"point_estimate":-0.0005138626939432678,"standard_error":0.0007956134715186032}}