{"mean":{"confidence_interval":{"confidence_level":0.95,"lower_bound":-0.11183298162281163,"upper_bound":-0.10912823349580943},"point_estimate":-0.11051915004251467,"standard_error":0.0006832231172295501},"median":{"confidence_interval":{"confidence_level":0.95,"lower_bound":-0.11209567959630895,"upper_bound":-0.10915557070218207},"point_estimate":-0.11050308141659226,"standard_error":0.0007336530136856203}}