{"mean":{"confidence_interval":{"confidence_level":0.95,"lower_bound":-0.0961195908048267,"upper_bound":-0.09445473317116687},"point_estimate":-0.09529099522111162,"standard_error":0.00041144181313840044},"median":{"confidence_interval":{"confidence_level":0.95,"lower_bound":-0.09650682188639126,"upper_bound":-0.09406701018343411},"point_estimate":-0.09528795721150662,"standard_error":0.0005798288368766291}}