{"mean":{"confidence_interval":{"confidence_level":0.95,"lower_bound":-0.012853488473497302,"upper_bound":-0.009947486136814433},"point_estimate":-0.01138020414092522,"standard_error":0.0007384042429502565},"median":{"confidence_interval":{"confidence_level":0.95,"lower_bound":-0.01250673543542824,"upper_bound":-0.010756499738750563},"point_estimate":-0.01182303053419309,"standard_error":0.00043108945668606186}}