{"mean":{"confidence_interval":{"confidence_level":0.95,"lower_bound":0.0038417950146626308,"upper_bound":0.007490700262415678},"point_estimate":0.005784867163320495,"standard_error":0.0009193736462446084},"median":{"confidence_interval":{"confidence_level":0.95,"lower_bound":0.003352365687736558,"upper_bound":0.008811525835174638},"point_estimate":0.006858252857588232,"standard_error":0.001399228495104629}}