{"mean":{"confidence_interval":{"confidence_level":0.95,"lower_bound":0.017220769387542755,"upper_bound":0.07989707045537175},"point_estimate":0.04527911383836436,"standard_error":0.016009370745734608},"median":{"confidence_interval":{"confidence_level":0.95,"lower_bound":0.014067384256345905,"upper_bound":0.07758148086790695},"point_estimate":0.032219765824790025,"standard_error":0.015531473434704207}}