{"mean":{"confidence_interval":{"confidence_level":0.95,"lower_bound":-0.054440817488319804,"upper_bound":-0.01926519558920142},"point_estimate":-0.03707901816551906,"standard_error":0.008953479871958277},"median":{"confidence_interval":{"confidence_level":0.95,"lower_bound":-0.0633041811892362,"upper_bound":-0.027522039422871864},"point_estimate":-0.052058132630543485,"standard_error":0.01032909952810454}}