{"mean":{"confidence_interval":{"confidence_level":0.95,"lower_bound":-0.01993295216268842,"upper_bound":0.017626472052050958},"point_estimate":-0.0012678684662029704,"standard_error":0.009512612935102058},"median":{"confidence_interval":{"confidence_level":0.95,"lower_bound":-0.027540557167812008,"upper_bound":0.0180616382883002},"point_estimate":-0.010154998657426084,"standard_error":0.011932056385029892}}