{"mean":{"confidence_interval":{"confidence_level":0.95,"lower_bound":-0.0034534522649886388,"upper_bound":0.041316688383023485},"point_estimate":0.01929492980521119,"standard_error":0.011384971347005016},"median":{"confidence_interval":{"confidence_level":0.95,"lower_bound":-0.021101050635426888,"upper_bound":0.04607645131600813},"point_estimate":0.019570041852002396,"standard_error":0.017668304823567044}}