{"mean":{"confidence_interval":{"confidence_level":0.95,"lower_bound":-0.0822815311027639,"upper_bound":-0.04811037159375617},"point_estimate":-0.06594077138262733,"standard_error":0.008747023109079132},"median":{"confidence_interval":{"confidence_level":0.95,"lower_bound":-0.08964190520124193,"upper_bound":-0.0457711146335974},"point_estimate":-0.07147803095395822,"standard_error":0.01151507545287008}}