{"mean":{"confidence_interval":{"confidence_level":0.95,"lower_bound":0.012855242372488496,"upper_bound":0.060457328561309885},"point_estimate":0.03669275788814952,"standard_error":0.012110086056215453},"median":{"confidence_interval":{"confidence_level":0.95,"lower_bound":0.012073880914710289,"upper_bound":0.08064570074275168},"point_estimate":0.05029555717484269,"standard_error":0.01762528903648926}}