{"mean":{"confidence_interval":{"confidence_level":0.95,"lower_bound":-0.08072449757807315,"upper_bound":-0.0451596128702235},"point_estimate":-0.06313826625103758,"standard_error":0.009050991332911006},"median":{"confidence_interval":{"confidence_level":0.95,"lower_bound":-0.08388996935225157,"upper_bound":-0.0355185668903959},"point_estimate":-0.06391639161527396,"standard_error":0.012535316029950843}}