{"mean":{"confidence_interval":{"confidence_level":0.95,"lower_bound":0.01351617303145586,"upper_bound":0.04990025386532123},"point_estimate":0.03153875462835143,"standard_error":0.009305671656556965},"median":{"confidence_interval":{"confidence_level":0.95,"lower_bound":0.012938488715923846,"upper_bound":0.05982283195936522},"point_estimate":0.03985188265589401,"standard_error":0.011900388515078162}}