{"mean":{"confidence_interval":{"confidence_level":0.95,"lower_bound":15981097.9453125,"upper_bound":16221513.48525},"point_estimate":16089877.365,"standard_error":61552.56802666333},"median":{"confidence_interval":{"confidence_level":0.95,"lower_bound":15962371.25,"upper_bound":16171191.5},"point_estimate":16092777.0,"standard_error":46591.92174207605},"median_abs_dev":{"confidence_interval":{"confidence_level":0.95,"lower_bound":286374.9337658286,"upper_bound":457316.4868310094},"point_estimate":358674.1068072617,"standard_error":45162.113792296666},"slope":null,"std_dev":{"confidence_interval":{"confidence_level":0.95,"lower_bound":357506.0459682549,"upper_bound":914759.0272395368},"point_estimate":619854.3325985979,"standard_error":167936.0637846895}}