{"mean":{"confidence_interval":{"confidence_level":0.95,"lower_bound":16892619.016545136,"upper_bound":17271167.277916666},"point_estimate":17063400.37125,"standard_error":97628.61369527523},"median":{"confidence_interval":{"confidence_level":0.95,"lower_bound":16788138.5,"upper_bound":17209052.366666667},"point_estimate":17004117.753472224,"standard_error":113815.29604152065},"median_abs_dev":{"confidence_interval":{"confidence_level":0.95,"lower_bound":41202.863797673905,"upper_bound":497603.3519745251},"point_estimate":298748.6307794843,"standard_error":109204.73918043422},"slope":{"confidence_interval":{"confidence_level":0.95,"lower_bound":16841756.2975991,"upper_bound":17148993.04646655},"point_estimate":16980544.035497837,"standard_error":80378.11698118271},"std_dev":{"confidence_interval":{"confidence_level":0.95,"lower_bound":142881.08570550714,"upper_bound":456048.74706413434},"point_estimate":325788.0069431127,"standard_error":93297.0786051581}}