{"mean":{"confidence_interval":{"confidence_level":0.95,"lower_bound":0.012657895318774844,"upper_bound":0.03685292609518676},"point_estimate":0.024425159093082627,"standard_error":0.00616663630320952},"median":{"confidence_interval":{"confidence_level":0.95,"lower_bound":0.015975848422922434,"upper_bound":0.04599401247166823},"point_estimate":0.030051902103678474,"standard_error":0.007611509611589151}}