{"mean":{"confidence_interval":{"confidence_level":0.95,"lower_bound":-0.03994248521529119,"upper_bound":-0.01755906237545591},"point_estimate":-0.027903905880819035,"standard_error":0.005759816695037983},"median":{"confidence_interval":{"confidence_level":0.95,"lower_bound":-0.038925950816702026,"upper_bound":-0.010565899925614297},"point_estimate":-0.021296758549322448,"standard_error":0.007405713633947929}}