{"mean":{"confidence_interval":{"confidence_level":0.95,"lower_bound":0.00628824113802205,"upper_bound":0.0385037106183485},"point_estimate":0.020441143605185674,"standard_error":0.00812407166833011},"median":{"confidence_interval":{"confidence_level":0.95,"lower_bound":-0.0038019753494757946,"upper_bound":0.033337110939061665},"point_estimate":0.012326660800425548,"standard_error":0.009884830342917579}}