{"mean":{"confidence_interval":{"confidence_level":0.95,"lower_bound":-0.027372759697470536,"upper_bound":-0.00555915747906838},"point_estimate":-0.01602234682791659,"standard_error":0.005544332524281584},"median":{"confidence_interval":{"confidence_level":0.95,"lower_bound":-0.029598848375643083,"upper_bound":-0.0005513053291954506},"point_estimate":-0.007819329895398575,"standard_error":0.007245396995065001}}