{"mean":{"confidence_interval":{"confidence_level":0.95,"lower_bound":0.001567789933455727,"upper_bound":0.022652080006723085},"point_estimate":0.01142399517408621,"standard_error":0.005399727304120659},"median":{"confidence_interval":{"confidence_level":0.95,"lower_bound":-0.0020080571386155155,"upper_bound":0.02037095658656285},"point_estimate":0.004061718642261569,"standard_error":0.005824297418677603}}