{"mean":{"confidence_interval":{"confidence_level":0.95,"lower_bound":-0.022692033311892026,"upper_bound":-0.0011019220708150222},"point_estimate":-0.012182164855345068,"standard_error":0.0055045993550796295},"median":{"confidence_interval":{"confidence_level":0.95,"lower_bound":-0.02505856313134769,"upper_bound":-0.0014912013145583576},"point_estimate":-0.012887701421771425,"standard_error":0.006216622874052064}}