{"mean":{"confidence_interval":{"confidence_level":0.95,"lower_bound":-0.023349030674695997,"upper_bound":0.0010205775449576334},"point_estimate":-0.01167211229404741,"standard_error":0.006226414094558565},"median":{"confidence_interval":{"confidence_level":0.95,"lower_bound":-0.03463540868896342,"upper_bound":0.0005863691553531503},"point_estimate":-0.01546540066280766,"standard_error":0.008846268294743154}}