{"mean":{"confidence_interval":{"confidence_level":0.95,"lower_bound":0.01512984746305493,"upper_bound":0.041223154356196993},"point_estimate":0.027456165504216035,"standard_error":0.0067267911544356416},"median":{"confidence_interval":{"confidence_level":0.95,"lower_bound":0.009735043348443106,"upper_bound":0.039164622801211024},"point_estimate":0.018131579668513087,"standard_error":0.007056593410878435}}