{"mean":{"confidence_interval":{"confidence_level":0.95,"lower_bound":113529780.86749999,"upper_bound":114983066.43166667},"point_estimate":114245324.03333333,"standard_error":371353.55929249234},"median":{"confidence_interval":{"confidence_level":0.95,"lower_bound":112533703.0,"upper_bound":115867040.5},"point_estimate":113199021.0,"standard_error":1270566.762296072},"median_abs_dev":{"confidence_interval":{"confidence_level":0.95,"lower_bound":543937.7609431744,"upper_bound":3256925.955078006},"point_estimate":2440879.2079657316,"standard_error":811736.9411391019},"slope":null,"std_dev":{"confidence_interval":{"confidence_level":0.95,"lower_bound":1778939.063240931,"upper_bound":2265647.9997047605},"point_estimate":2068620.0489660015,"standard_error":123598.88708118757}}