{"mean":{"confidence_interval":{"confidence_level":0.95,"lower_bound":161972660.6,"upper_bound":163808508.05},"point_estimate":162879511.4,"standard_error":468707.6505860094},"median":{"confidence_interval":{"confidence_level":0.95,"lower_bound":161797036.0,"upper_bound":163807794.75},"point_estimate":162825465.0,"standard_error":400795.3649351299},"median_abs_dev":{"confidence_interval":{"confidence_level":0.95,"lower_bound":113840.6976789236,"upper_bound":2806985.773766041},"point_estimate":807386.5100160241,"standard_error":732915.772373334},"slope":null,"std_dev":{"confidence_interval":{"confidence_level":0.95,"lower_bound":711403.455109103,"upper_bound":2091065.3457454068},"point_estimate":1568513.2909660167,"standard_error":354434.74988026894}}