{"mean":{"confidence_interval":{"confidence_level":0.95,"lower_bound":5047767.633075003,"upper_bound":5069150.097999999},"point_estimate":5058403.1389999995,"standard_error":5476.670827713146},"median":{"confidence_interval":{"confidence_level":0.95,"lower_bound":5039677.5,"upper_bound":5072271.8},"point_estimate":5056572.2,"standard_error":9158.23626160783},"median_abs_dev":{"confidence_interval":{"confidence_level":0.95,"lower_bound":45574.7525408864,"upper_bound":70171.59204145493},"point_estimate":58457.58262217059,"standard_error":6391.9503909182085},"slope":null,"std_dev":{"confidence_interval":{"confidence_level":0.95,"lower_bound":46121.19868369539,"upper_bound":64511.01973496368},"point_estimate":54954.49238269219,"standard_error":4742.965521336356}}