{"mean":{"confidence_interval":{"confidence_level":0.95,"lower_bound":5054466.8934,"upper_bound":5213178.789999999},"point_estimate":5127373.697,"standard_error":40730.59591547739},"median":{"confidence_interval":{"confidence_level":0.95,"lower_bound":5003718.9,"upper_bound":5027152.2},"point_estimate":5014359.35,"standard_error":6600.950801047896},"median_abs_dev":{"confidence_interval":{"confidence_level":0.95,"lower_bound":38803.866721094484,"upper_bound":62029.31421875981},"point_estimate":52525.10708749322,"standard_error":5955.48401474277},"slope":null,"std_dev":{"confidence_interval":{"confidence_level":0.95,"lower_bound":246535.10491359903,"upper_bound":526292.1057655168},"point_estimate":409925.1288131836,"standard_error":69878.70997207667}}