{"mean":{"confidence_interval":{"confidence_level":0.95,"lower_bound":855250.5312054508,"upper_bound":860613.2114408131},"point_estimate":857726.7091883797,"standard_error":1382.0077243486876},"median":{"confidence_interval":{"confidence_level":0.95,"lower_bound":854580.2389937107,"upper_bound":860643.2398921833},"point_estimate":856582.4289832285,"standard_error":1472.6977704856804},"median_abs_dev":{"confidence_interval":{"confidence_level":0.95,"lower_bound":730.0977318494988,"upper_bound":7387.582259253058},"point_estimate":3405.5329165837034,"standard_error":1751.5131890411214},"slope":{"confidence_interval":{"confidence_level":0.95,"lower_bound":855304.1163398296,"upper_bound":863771.2958642995},"point_estimate":859405.3039451115,"standard_error":2353.903123082906},"std_dev":{"confidence_interval":{"confidence_level":0.95,"lower_bound":1883.2778105427244,"upper_bound":6123.114412642458},"point_estimate":4608.759526330181,"standard_error":1116.6052992532914}}