{"mean":{"confidence_interval":{"confidence_level":0.95,"lower_bound":813016.1222365223,"upper_bound":817725.2749299299},"point_estimate":815424.401946232,"standard_error":1202.2174686187846},"median":{"confidence_interval":{"confidence_level":0.95,"lower_bound":812646.0768268269,"upper_bound":818357.3612612613},"point_estimate":815752.8431145431,"standard_error":1620.6227792265847},"median_abs_dev":{"confidence_interval":{"confidence_level":0.95,"lower_bound":627.9484291670794,"upper_bound":6654.131739703435},"point_estimate":4033.1439466406264,"standard_error":1549.041956745434},"slope":{"confidence_interval":{"confidence_level":0.95,"lower_bound":812931.8267257795,"upper_bound":818174.0495836746},"point_estimate":815773.5391599392,"standard_error":1388.6518614663403},"std_dev":{"confidence_interval":{"confidence_level":0.95,"lower_bound":2137.8863330658305,"upper_bound":5153.572689947959},"point_estimate":4029.0887055513053,"standard_error":770.8869237169092}}