{"mean":{"confidence_interval":{"confidence_level":0.95,"lower_bound":171710707.75,"upper_bound":174952590.95},"point_estimate":172894234.35,"standard_error":942369.7150977198},"median":{"confidence_interval":{"confidence_level":0.95,"lower_bound":171598110.0,"upper_bound":172469141.0},"point_estimate":171889908.5,"standard_error":327555.385160321},"median_abs_dev":{"confidence_interval":{"confidence_level":0.95,"lower_bound":125313.79757523537,"upper_bound":1083811.7153584957},"point_estimate":482678.21263074875,"standard_error":344154.3536051507},"slope":null,"std_dev":{"confidence_interval":{"confidence_level":0.95,"lower_bound":298396.8109134537,"upper_bound":4825257.60098554},"point_estimate":3137052.8152914844,"standard_error":1602274.157479783}}