{"mean":{"confidence_interval":{"confidence_level":0.95,"lower_bound":118308775.045,"upper_bound":118551023.5475},"point_estimate":118426110.47,"standard_error":62031.405561761305},"median":{"confidence_interval":{"confidence_level":0.95,"lower_bound":118235713.0,"upper_bound":118492695.0},"point_estimate":118389626.5,"standard_error":78577.51187486117},"median_abs_dev":{"confidence_interval":{"confidence_level":0.95,"lower_bound":427042.90731847286,"upper_bound":700051.0903716087},"point_estimate":556579.1496187449,"standard_error":66858.83520584535},"slope":null,"std_dev":{"confidence_interval":{"confidence_level":0.95,"lower_bound":501106.707654871,"upper_bound":740232.069605397},"point_estimate":625510.167905382,"standard_error":60945.15455059073}}