{"mean":{"confidence_interval":{"confidence_level":0.95,"lower_bound":131137237.081,"upper_bound":131461500.12375},"point_estimate":131291763.23,"standard_error":82703.71574997429},"median":{"confidence_interval":{"confidence_level":0.95,"lower_bound":131134497.5,"upper_bound":131333542.5},"point_estimate":131257949.5,"standard_error":54105.59998733448},"median_abs_dev":{"confidence_interval":{"confidence_level":0.95,"lower_bound":333890.7803222539,"upper_bound":786597.1225351095},"point_estimate":600331.4161419868,"standard_error":124084.53047134154},"slope":null,"std_dev":{"confidence_interval":{"confidence_level":0.95,"lower_bound":591484.3233221346,"upper_bound":1093876.0966178388},"point_estimate":829013.355864399,"standard_error":134191.51601965813}}