{"mean":{"confidence_interval":{"confidence_level":0.95,"lower_bound":201483353.9255,"upper_bound":203288182.28275},"point_estimate":202393782.96,"standard_error":459581.1119755977},"median":{"confidence_interval":{"confidence_level":0.95,"lower_bound":202362855.5,"upper_bound":204533186.0},"point_estimate":203598977.5,"standard_error":508106.2655286523},"median_abs_dev":{"confidence_interval":{"confidence_level":0.95,"lower_bound":2668969.0596163273,"upper_bound":5039333.811323938},"point_estimate":3528306.2433600426,"standard_error":613361.5809102161},"slope":null,"std_dev":{"confidence_interval":{"confidence_level":0.95,"lower_bound":3854153.592239083,"upper_bound":5362041.017998926},"point_estimate":4628174.412243732,"standard_error":385812.83259318455}}