{"mean":{"confidence_interval":{"confidence_level":0.95,"lower_bound":203399314.49666667,"upper_bound":206815180.76666668},"point_estimate":205048380.7666667,"standard_error":873404.5097402195},"median":{"confidence_interval":{"confidence_level":0.95,"lower_bound":202360624.3333333,"upper_bound":207471211.8333333},"point_estimate":204957754.6666667,"standard_error":1310208.0934439644},"median_abs_dev":{"confidence_interval":{"confidence_level":0.95,"lower_bound":671617.7880764008,"upper_bound":5121396.4858770445},"point_estimate":3358859.3981683548,"standard_error":1197593.7564410002},"slope":null,"std_dev":{"confidence_interval":{"confidence_level":0.95,"lower_bound":1657955.0446197998,"upper_bound":3593833.818911693},"point_estimate":2913020.467710563,"standard_error":497824.4562718951}}