{"mean":{"confidence_interval":{"confidence_level":0.95,"lower_bound":14379291.758000001,"upper_bound":14422258.9003125},"point_estimate":14400352.6375,"standard_error":10970.837624998825},"median":{"confidence_interval":{"confidence_level":0.95,"lower_bound":14378774.75,"upper_bound":14417284.875},"point_estimate":14401263.25,"standard_error":9040.705136186813},"median_abs_dev":{"confidence_interval":{"confidence_level":0.95,"lower_bound":83506.51689246297,"upper_bound":135200.51549971104},"point_estimate":115744.72669512033,"standard_error":12999.063179402692},"slope":null,"std_dev":{"confidence_interval":{"confidence_level":0.95,"lower_bound":89204.91508549803,"upper_bound":133601.5995022518},"point_estimate":110116.66265002664,"standard_error":11597.89346585606}}