{"mean":{"confidence_interval":{"confidence_level":0.95,"lower_bound":14372509.5055,"upper_bound":14413900.4745},"point_estimate":14393033.5775,"standard_error":10585.025872264667},"median":{"confidence_interval":{"confidence_level":0.95,"lower_bound":14359823.75,"upper_bound":14424143.75},"point_estimate":14386540.625,"standard_error":16308.758492697163},"median_abs_dev":{"confidence_interval":{"confidence_level":0.95,"lower_bound":76056.82267472148,"upper_bound":123819.70745176077},"point_estimate":97627.91099175811,"standard_error":11910.943586498532},"slope":null,"std_dev":{"confidence_interval":{"confidence_level":0.95,"lower_bound":88999.91532572829,"upper_bound":122455.99477891893},"point_estimate":106091.3252558202,"standard_error":8533.850231216165}}