{"mean":{"confidence_interval":{"confidence_level":0.95,"lower_bound":14205142.7839375,"upper_bound":14259001.644875},"point_estimate":14230765.6475,"standard_error":13716.77668891434},"median":{"confidence_interval":{"confidence_level":0.95,"lower_bound":14234074.25,"upper_bound":14263526.75},"point_estimate":14253763.5,"standard_error":7575.902802851342},"median_abs_dev":{"confidence_interval":{"confidence_level":0.95,"lower_bound":44824.927604198456,"upper_bound":101059.3886308372},"point_estimate":68247.22731336951,"standard_error":13756.759082473254},"slope":null,"std_dev":{"confidence_interval":{"confidence_level":0.95,"lower_bound":93723.74003300512,"upper_bound":178994.79966921403},"point_estimate":138079.41665993925,"standard_error":21909.16739856047}}