{"mean":{"confidence_interval":{"confidence_level":0.95,"lower_bound":78937683.75625,"upper_bound":80293898.35599999},"point_estimate":79619315.32,"standard_error":346026.25791105063},"median":{"confidence_interval":{"confidence_level":0.95,"lower_bound":78962745.0,"upper_bound":80983308.0},"point_estimate":80308670.0,"standard_error":543934.9164212361},"median_abs_dev":{"confidence_interval":{"confidence_level":0.95,"lower_bound":2394381.9075912237,"upper_bound":4470488.14843297},"point_estimate":3328257.546311617,"standard_error":520485.23696422204},"slope":null,"std_dev":{"confidence_interval":{"confidence_level":0.95,"lower_bound":3019514.246080598,"upper_bound":3909331.1438110517},"point_estimate":3488238.0034495606,"standard_error":226707.2716450511}}