{"mean":{"confidence_interval":{"confidence_level":0.95,"lower_bound":-0.0019452349062514624,"upper_bound":0.029731545348348383},"point_estimate":0.014770172074235699,"standard_error":0.008114758954008374},"median":{"confidence_interval":{"confidence_level":0.95,"lower_bound":-0.0056667295252870176,"upper_bound":0.03668297708358126},"point_estimate":0.010250759737335358,"standard_error":0.010663188680581857}}