{"mean":{"confidence_interval":{"confidence_level":0.95,"lower_bound":0.003916747948322299,"upper_bound":0.028024132320518175},"point_estimate":0.014917767691087214,"standard_error":0.006169815909148442},"median":{"confidence_interval":{"confidence_level":0.95,"lower_bound":-0.0021967789432403295,"upper_bound":0.027041637615917935},"point_estimate":0.007269801752619376,"standard_error":0.007360378825772437}}