{"mean":{"confidence_interval":{"confidence_level":0.95,"lower_bound":0.07635198253436516,"upper_bound":0.09766023370674},"point_estimate":0.0869334878733039,"standard_error":0.005436601276544419},"median":{"confidence_interval":{"confidence_level":0.95,"lower_bound":0.07824953763804587,"upper_bound":0.10305497186158052},"point_estimate":0.0918290190200115,"standard_error":0.006447727362924283}}