{"mean":{"confidence_interval":{"confidence_level":0.95,"lower_bound":-0.07015518713595595,"upper_bound":-0.04886183196090264},"point_estimate":-0.05976710337274549,"standard_error":0.005433512496488946},"median":{"confidence_interval":{"confidence_level":0.95,"lower_bound":-0.0706682039002704,"upper_bound":-0.046529070222779745},"point_estimate":-0.057644565034415285,"standard_error":0.006523272200842472}}