{"mean":{"confidence_interval":{"confidence_level":0.95,"lower_bound":0.02898700882209376,"upper_bound":0.05036727030641909},"point_estimate":0.03886275533282757,"standard_error":0.005448953377373474},"median":{"confidence_interval":{"confidence_level":0.95,"lower_bound":0.021602817688731735,"upper_bound":0.04490663060069178},"point_estimate":0.0361366323880663,"standard_error":0.00605713743550543}}