{"mean":{"confidence_interval":{"confidence_level":0.95,"lower_bound":-0.05224637304581287,"upper_bound":-0.033689990327197994},"point_estimate":-0.0430043200181075,"standard_error":0.004735143291950232},"median":{"confidence_interval":{"confidence_level":0.95,"lower_bound":-0.05360423988104146,"upper_bound":-0.028039211209470505},"point_estimate":-0.04456951604688686,"standard_error":0.0066471433116303885}}