{"mean":{"confidence_interval":{"confidence_level":0.95,"lower_bound":-0.04046585474382335,"upper_bound":-0.013758625716218074},"point_estimate":-0.02626119233332591,"standard_error":0.006858848219922325},"median":{"confidence_interval":{"confidence_level":0.95,"lower_bound":-0.04006424083311356,"upper_bound":-0.006327352612894188},"point_estimate":-0.014792724319964257,"standard_error":0.009145829363373955}}