{"mean":{"confidence_interval":{"confidence_level":0.95,"lower_bound":-0.02069296951408082,"upper_bound":-0.0003804741365075667},"point_estimate":-0.010873360581968528,"standard_error":0.005182007001554402},"median":{"confidence_interval":{"confidence_level":0.95,"lower_bound":-0.02615543971396561,"upper_bound":-0.0038910984265648763},"point_estimate":-0.015700583309134153,"standard_error":0.005605401823384964}}