{"mean":{"confidence_interval":{"confidence_level":0.95,"lower_bound":-0.010558429333278984,"upper_bound":0.013789990982705757},"point_estimate":0.0014712320297225467,"standard_error":0.006178485365922736},"median":{"confidence_interval":{"confidence_level":0.95,"lower_bound":-0.014925770498270374,"upper_bound":0.01633999872847188},"point_estimate":0.003236201826018803,"standard_error":0.008220544823386569}}