{"mean":{"confidence_interval":{"confidence_level":0.95,"lower_bound":-0.012966448334720776,"upper_bound":-0.007486816602448092},"point_estimate":-0.010297878328907717,"standard_error":0.0014014129639588124},"median":{"confidence_interval":{"confidence_level":0.95,"lower_bound":-0.013678708419000984,"upper_bound":-0.007886932586963824},"point_estimate":-0.011012780143251688,"standard_error":0.001338357713246771}}