{"mean":{"confidence_interval":{"confidence_level":0.95,"lower_bound":-0.0863722983617546,"upper_bound":-0.08234582412949262},"point_estimate":-0.08427465304440207,"standard_error":0.0010309535651541785},"median":{"confidence_interval":{"confidence_level":0.95,"lower_bound":-0.08567989435786683,"upper_bound":-0.08199449634665212},"point_estimate":-0.08342278560170002,"standard_error":0.0009784718114045601}}