{"mean":{"confidence_interval":{"confidence_level":0.95,"lower_bound":-0.01825924578767656,"upper_bound":-0.012818355558907826},"point_estimate":-0.01563962010200004,"standard_error":0.0013957293082155588},"median":{"confidence_interval":{"confidence_level":0.95,"lower_bound":-0.02032490436298522,"upper_bound":-0.015223069659289212},"point_estimate":-0.01814896605002647,"standard_error":0.0012926522613683712}}