{"mean":{"confidence_interval":{"confidence_level":0.95,"lower_bound":0.015455221538347802,"upper_bound":0.01925514103394163},"point_estimate":0.017387577195296933,"standard_error":0.0009762336694382058},"median":{"confidence_interval":{"confidence_level":0.95,"lower_bound":0.014995488083175301,"upper_bound":0.01979297499958954},"point_estimate":0.016367421362214474,"standard_error":0.0012460052944928731}}