{"mean":{"confidence_interval":{"confidence_level":0.95,"lower_bound":0.08382967529488924,"upper_bound":0.09075141571691552},"point_estimate":0.08732337785764388,"standard_error":0.0017634518300764501},"median":{"confidence_interval":{"confidence_level":0.95,"lower_bound":0.08537024540296634,"upper_bound":0.09257974344582065},"point_estimate":0.08909494145117614,"standard_error":0.0018465496192912134}}