{"mean":{"confidence_interval":{"confidence_level":0.95,"lower_bound":0.010560213486434385,"upper_bound":0.0155832594482529},"point_estimate":0.013101003029167169,"standard_error":0.0012794408947751172},"median":{"confidence_interval":{"confidence_level":0.95,"lower_bound":0.010028254563658745,"upper_bound":0.01627223704441283},"point_estimate":0.014040765279749623,"standard_error":0.0014853691914797251}}