{"mean":{"confidence_interval":{"confidence_level":0.95,"lower_bound":0.03284684207489521,"upper_bound":0.03773911388698562},"point_estimate":0.035041567884873226,"standard_error":0.0012493014433149537},"median":{"confidence_interval":{"confidence_level":0.95,"lower_bound":0.03192766522516122,"upper_bound":0.03692197950109709},"point_estimate":0.034117174852487775,"standard_error":0.0012759567878360394}}