{"mean":{"confidence_interval":{"confidence_level":0.95,"lower_bound":-0.02727120814005963,"upper_bound":-0.02171431314619849},"point_estimate":-0.024454164364361097,"standard_error":0.001418681823862418},"median":{"confidence_interval":{"confidence_level":0.95,"lower_bound":-0.027010892138488285,"upper_bound":-0.021158320499299887},"point_estimate":-0.024273875019775515,"standard_error":0.0015057921439757358}}