{"mean":{"confidence_interval":{"confidence_level":0.95,"lower_bound":-0.029318698335022073,"upper_bound":-0.024345853412243837},"point_estimate":-0.02677829787021735,"standard_error":0.0012719893891970718},"median":{"confidence_interval":{"confidence_level":0.95,"lower_bound":-0.028859863358793647,"upper_bound":-0.023371409144978816},"point_estimate":-0.02632568955978054,"standard_error":0.0013870078248715651}}