{"mean":{"confidence_interval":{"confidence_level":0.95,"lower_bound":14324581.8495,"upper_bound":14617179.903625},"point_estimate":14465416.6175,"standard_error":74369.88721716018},"median":{"confidence_interval":{"confidence_level":0.95,"lower_bound":14248565.5,"upper_bound":14520085.375},"point_estimate":14389399.0,"standard_error":79720.90078514803},"median_abs_dev":{"confidence_interval":{"confidence_level":0.95,"lower_bound":388400.60692951083,"upper_bound":658878.1771525741},"point_estimate":506211.522012949,"standard_error":70001.87134591665},"slope":null,"std_dev":{"confidence_interval":{"confidence_level":0.95,"lower_bound":580625.7536569423,"upper_bound":907115.8772505576},"point_estimate":752851.8833530449,"standard_error":83789.71680164027}}