{"mean":{"confidence_interval":{"confidence_level":0.95,"lower_bound":51902364.80575,"upper_bound":52221710.81675},"point_estimate":52062655.24,"standard_error":81541.59411082996},"median":{"confidence_interval":{"confidence_level":0.95,"lower_bound":51910431.0,"upper_bound":52190984.0},"point_estimate":52066363.0,"standard_error":75197.26040111278},"median_abs_dev":{"confidence_interval":{"confidence_level":0.95,"lower_bound":647168.2319104671,"upper_bound":1146884.4834387302},"point_estimate":861804.9713999033,"standard_error":122735.19427430863},"slope":null,"std_dev":{"confidence_interval":{"confidence_level":0.95,"lower_bound":717003.5169684105,"upper_bound":905024.7455533944},"point_estimate":816923.475548626,"standard_error":47975.604447333906}}