{"mean":{"confidence_interval":{"confidence_level":0.95,"lower_bound":0.02627346063172487,"upper_bound":0.06110557201774668},"point_estimate":0.04350095290182976,"standard_error":0.008927020747141204},"median":{"confidence_interval":{"confidence_level":0.95,"lower_bound":0.0208085856011635,"upper_bound":0.07109802136978516},"point_estimate":0.04238224137381352,"standard_error":0.011662680292157649}}