{"mean":{"confidence_interval":{"confidence_level":0.95,"lower_bound":0.037752871342675146,"upper_bound":0.07607954678086401},"point_estimate":0.05668163653370195,"standard_error":0.009796819458799037},"median":{"confidence_interval":{"confidence_level":0.95,"lower_bound":0.025116071816055685,"upper_bound":0.07900178680785808},"point_estimate":0.05192346140365145,"standard_error":0.014153821749048931}}