{"mean":{"confidence_interval":{"confidence_level":0.95,"lower_bound":-0.03639611869703982,"upper_bound":-0.004165183244159413},"point_estimate":-0.019744585097183576,"standard_error":0.008222822564622919},"median":{"confidence_interval":{"confidence_level":0.95,"lower_bound":-0.029394029231691987,"upper_bound":0.00755307235394187},"point_estimate":-0.014653505376629794,"standard_error":0.008768144992360501}}