{"mean":{"confidence_interval":{"confidence_level":0.95,"lower_bound":-0.023583164958020264,"upper_bound":0.008019823519582846},"point_estimate":-0.007071500649248885,"standard_error":0.008092796915219636},"median":{"confidence_interval":{"confidence_level":0.95,"lower_bound":-0.033800841496623324,"upper_bound":0.018502504950749454},"point_estimate":-0.006334436502394847,"standard_error":0.011969607640821403}}