{"mean":{"confidence_interval":{"confidence_level":0.95,"lower_bound":-0.03179719930188806,"upper_bound":0.0017809298019297478},"point_estimate":-0.014741782849345464,"standard_error":0.00860378537946514},"median":{"confidence_interval":{"confidence_level":0.95,"lower_bound":-0.03949776577574693,"upper_bound":0.00740121397974236},"point_estimate":-0.01823524320020764,"standard_error":0.012300493049602129}}