{"mean":{"confidence_interval":{"confidence_level":0.95,"lower_bound":0.028756540912641855,"upper_bound":0.06522296424454156},"point_estimate":0.04685534571705152,"standard_error":0.009275393604935392},"median":{"confidence_interval":{"confidence_level":0.95,"lower_bound":0.018167346127929473,"upper_bound":0.05574836204234224},"point_estimate":0.031838235040654084,"standard_error":0.009455574788788574}}