{"mean":{"confidence_interval":{"confidence_level":0.95,"lower_bound":-0.06510976771699853,"upper_bound":-0.03165149308911207},"point_estimate":-0.04936395945452032,"standard_error":0.008579895372460074},"median":{"confidence_interval":{"confidence_level":0.95,"lower_bound":-0.07387183996381452,"upper_bound":-0.025828343035358303},"point_estimate":-0.05805377300564729,"standard_error":0.012254401338179368}}