{"mean":{"confidence_interval":{"confidence_level":0.95,"lower_bound":-0.01685202268435548,"upper_bound":0.01656255282907017},"point_estimate":-0.000212173309786734,"standard_error":0.008517257252487276},"median":{"confidence_interval":{"confidence_level":0.95,"lower_bound":-0.015239418289879935,"upper_bound":0.023494657806813368},"point_estimate":0.0054408335643056915,"standard_error":0.00949203327325692}}