{"mean":{"confidence_interval":{"confidence_level":0.95,"lower_bound":-0.053795017902392134,"upper_bound":-0.02055099573546991},"point_estimate":-0.03641631482488994,"standard_error":0.008484531944425437},"median":{"confidence_interval":{"confidence_level":0.95,"lower_bound":-0.05529692867705149,"upper_bound":-0.0039429078863729705},"point_estimate":-0.020935112916514953,"standard_error":0.012722837641700093}}