{"mean":{"confidence_interval":{"confidence_level":0.95,"lower_bound":389486.0097067239,"upper_bound":391424.7471429465},"point_estimate":390490.2875367873,"standard_error":496.3272664690877},"median":{"confidence_interval":{"confidence_level":0.95,"lower_bound":389696.94542203145,"upper_bound":391745.5284334764},"point_estimate":390512.0320100143,"standard_error":493.252730126374},"median_abs_dev":{"confidence_interval":{"confidence_level":0.95,"lower_bound":127.64957762647796,"upper_bound":2887.959492258462},"point_estimate":1502.3047401206074,"standard_error":707.2681522929414},"slope":{"confidence_interval":{"confidence_level":0.95,"lower_bound":389624.2639796607,"upper_bound":391492.9007809752},"point_estimate":390458.62453597906,"standard_error":484.51401964271076},"std_dev":{"confidence_interval":{"confidence_level":0.95,"lower_bound":812.0038177367294,"upper_bound":2207.2026396294054},"point_estimate":1647.1080063901395,"standard_error":372.37088925176937}}