{"mean":{"confidence_interval":{"confidence_level":0.95,"lower_bound":607501.3653534742,"upper_bound":610236.9566839777},"point_estimate":608827.7550077233,"standard_error":696.2476220114334},"median":{"confidence_interval":{"confidence_level":0.95,"lower_bound":607840.9299030574,"upper_bound":609916.7338926175},"point_estimate":608534.7279002876,"standard_error":499.58378883390384},"median_abs_dev":{"confidence_interval":{"confidence_level":0.95,"lower_bound":257.70705314287864,"upper_bound":3701.0694675815175},"point_estimate":1053.458718389044,"standard_error":906.5380538964951},"slope":{"confidence_interval":{"confidence_level":0.95,"lower_bound":608171.0893042922,"upper_bound":611462.3600702565},"point_estimate":609886.1365815393,"standard_error":853.4878268542385},"std_dev":{"confidence_interval":{"confidence_level":0.95,"lower_bound":677.182574826034,"upper_bound":3213.144047139367},"point_estimate":2319.5313596551027,"standard_error":625.4911271793633}}