{"mean":{"confidence_interval":{"confidence_level":0.95,"lower_bound":0.0016328790983518692,"upper_bound":0.017116251394828207},"point_estimate":0.008883941780079896,"standard_error":0.003948157300659184},"median":{"confidence_interval":{"confidence_level":0.95,"lower_bound":-0.003976388406656817,"upper_bound":0.017788811729590792},"point_estimate":0.010581312202281978,"standard_error":0.005183699304027055}}