{"mean":{"confidence_interval":{"confidence_level":0.95,"lower_bound":0.023271355504255586,"upper_bound":0.04135169955924614},"point_estimate":0.03232737034316102,"standard_error":0.0046212780555692345},"median":{"confidence_interval":{"confidence_level":0.95,"lower_bound":0.010534846620165572,"upper_bound":0.05243815241292982},"point_estimate":0.03627026951054635,"standard_error":0.012343964651715557}}