{"mean":{"confidence_interval":{"confidence_level":0.95,"lower_bound":-0.056142800806492366,"upper_bound":-0.0368161852208636},"point_estimate":-0.04656962217827498,"standard_error":0.004940691440615627},"median":{"confidence_interval":{"confidence_level":0.95,"lower_bound":-0.06758327335441938,"upper_bound":-0.022730556147346564},"point_estimate":-0.05923992689424884,"standard_error":0.012474699537065356}}