{"mean":{"confidence_interval":{"confidence_level":0.95,"lower_bound":-0.016405323781498275,"upper_bound":0.0035229760591850056},"point_estimate":-0.006186815540691781,"standard_error":0.005098607931552111},"median":{"confidence_interval":{"confidence_level":0.95,"lower_bound":-0.020654122248002005,"upper_bound":0.009512061757191326},"point_estimate":-0.004230020850123473,"standard_error":0.007744649575419371}}