{"mean":{"confidence_interval":{"confidence_level":0.95,"lower_bound":-0.2713283283327665,"upper_bound":-0.25639652943181146},"point_estimate":-0.264330093944523,"standard_error":0.0038574514812742726},"median":{"confidence_interval":{"confidence_level":0.95,"lower_bound":-0.27501057251319083,"upper_bound":-0.25339503593511725},"point_estimate":-0.26100505685643216,"standard_error":0.0056692401534151424}}