{"mean":{"confidence_interval":{"confidence_level":0.95,"lower_bound":-0.00516954482738753,"upper_bound":0.011705651559720613},"point_estimate":0.0033542414944065513,"standard_error":0.0043131405400115095},"median":{"confidence_interval":{"confidence_level":0.95,"lower_bound":-0.009388158800976432,"upper_bound":0.02289009407195053},"point_estimate":-0.00046647285754264356,"standard_error":0.007285287585077928}}