{"mean":{"confidence_interval":{"confidence_level":0.95,"lower_bound":-0.06330064872006753,"upper_bound":-0.046487633521444124},"point_estimate":-0.05492190366689964,"standard_error":0.0042976481559475165},"median":{"confidence_interval":{"confidence_level":0.95,"lower_bound":-0.06580886213279125,"upper_bound":-0.04534974771014211},"point_estimate":-0.05595391957406104,"standard_error":0.004733247006486971}}