{"mean":{"confidence_interval":{"confidence_level":0.95,"lower_bound":-0.00607023959576038,"upper_bound":0.015474130040506828},"point_estimate":0.005132706152770616,"standard_error":0.005524843745367184},"median":{"confidence_interval":{"confidence_level":0.95,"lower_bound":-0.004157012816377148,"upper_bound":0.021151290608732776},"point_estimate":0.008772094141416664,"standard_error":0.006187983398571438}}