{"mean":{"confidence_interval":{"confidence_level":0.95,"lower_bound":0.030214793414605274,"upper_bound":0.05017921464350294},"point_estimate":0.039383516997341994,"standard_error":0.005080163438263668},"median":{"confidence_interval":{"confidence_level":0.95,"lower_bound":0.02526208130503816,"upper_bound":0.04783419092472374},"point_estimate":0.03605533040977282,"standard_error":0.005879650071974596}}