{"mean":{"confidence_interval":{"confidence_level":0.95,"lower_bound":31433416.1415,"upper_bound":32304343.993499998},"point_estimate":31875887.64,"standard_error":222498.91044600715},"median":{"confidence_interval":{"confidence_level":0.95,"lower_bound":31362276.25,"upper_bound":32642163.25},"point_estimate":31840261.25,"standard_error":357905.5033266149},"median_abs_dev":{"confidence_interval":{"confidence_level":0.95,"lower_bound":1626872.8890672326,"upper_bound":2587128.0584692955},"point_estimate":2119596.828469634,"standard_error":247353.413880594},"slope":null,"std_dev":{"confidence_interval":{"confidence_level":0.95,"lower_bound":1877796.332481769,"upper_bound":2562444.1858044476},"point_estimate":2231218.4980468326,"standard_error":174705.80276994198}}