{"mean":{"confidence_interval":{"confidence_level":0.95,"lower_bound":32594667.829249997,"upper_bound":33470150.685625},"point_estimate":33032396.315,"standard_error":223874.09231654168},"median":{"confidence_interval":{"confidence_level":0.95,"lower_bound":32625642.0,"upper_bound":33806174.5},"point_estimate":33077355.75,"standard_error":295295.21579249256},"median_abs_dev":{"confidence_interval":{"confidence_level":0.95,"lower_bound":1891209.3448743224,"upper_bound":3158229.274830222},"point_estimate":2551336.2418547273,"standard_error":319719.9056251246},"slope":null,"std_dev":{"confidence_interval":{"confidence_level":0.95,"lower_bound":1978821.4590369957,"upper_bound":2481727.158059762},"point_estimate":2246652.7238931893,"standard_error":128873.98499935749}}