{"mean":{"confidence_interval":{"confidence_level":0.95,"lower_bound":114419432.28916667,"upper_bound":114793634.09375},"point_estimate":114586794.81666666,"standard_error":96125.12831945984},"median":{"confidence_interval":{"confidence_level":0.95,"lower_bound":114332634.25,"upper_bound":114507983.75},"point_estimate":114443934.5,"standard_error":43198.84284120232},"median_abs_dev":{"confidence_interval":{"confidence_level":0.95,"lower_bound":97225.9410738945,"upper_bound":269542.60561466217},"point_estimate":193778.04045975208,"standard_error":46577.96510861675},"slope":null,"std_dev":{"confidence_interval":{"confidence_level":0.95,"lower_bound":220584.4387273403,"upper_bound":753178.021968901},"point_estimate":536702.4677953115,"standard_error":134914.38556338556}}