{"mean":{"confidence_interval":{"confidence_level":0.95,"lower_bound":114107802.99625,"upper_bound":114798854.27458334},"point_estimate":114399086.18333334,"standard_error":179266.41772637123},"median":{"confidence_interval":{"confidence_level":0.95,"lower_bound":114046269.5,"upper_bound":114248918.5},"point_estimate":114125219.0,"standard_error":60962.834551961685},"median_abs_dev":{"confidence_interval":{"confidence_level":0.95,"lower_bound":145477.89851725101,"upper_bound":377035.1808562875},"point_estimate":259049.50430095196,"standard_error":57203.550079278146},"slope":null,"std_dev":{"confidence_interval":{"confidence_level":0.95,"lower_bound":203061.7307537537,"upper_bound":1521434.3474287582},"point_estimate":999366.2697179259,"standard_error":348970.70968855167}}