{"mean":{"confidence_interval":{"confidence_level":0.95,"lower_bound":115004334.8415,"upper_bound":116452249.96775},"point_estimate":115735244.24,"standard_error":369935.69904043415},"median":{"confidence_interval":{"confidence_level":0.95,"lower_bound":114626051.0,"upper_bound":117153104.0},"point_estimate":116184828.5,"standard_error":652854.2436457484},"median_abs_dev":{"confidence_interval":{"confidence_level":0.95,"lower_bound":3172713.535273075,"upper_bound":4747127.960121632},"point_estimate":3863185.5472147465,"standard_error":403009.199654857},"slope":null,"std_dev":{"confidence_interval":{"confidence_level":0.95,"lower_bound":3224339.505304699,"upper_bound":4176103.585060955},"point_estimate":3718603.3576953234,"standard_error":243130.71713445042}}