{"mean":{"confidence_interval":{"confidence_level":0.95,"lower_bound":114781335.95050001,"upper_bound":116124815.3385},"point_estimate":115461319.41,"standard_error":341238.13975743327},"median":{"confidence_interval":{"confidence_level":0.95,"lower_bound":115350398.5,"upper_bound":116663431.0},"point_estimate":116148767.0,"standard_error":297863.43587974855},"median_abs_dev":{"confidence_interval":{"confidence_level":0.95,"lower_bound":2317125.846862793,"upper_bound":3965608.0011963844},"point_estimate":3032392.119464278,"standard_error":400334.9190998984},"slope":null,"std_dev":{"confidence_interval":{"confidence_level":0.95,"lower_bound":2942646.3861533026,"upper_bound":3873708.899611461},"point_estimate":3441974.780491416,"standard_error":237162.07900624233}}