{"mean":{"confidence_interval":{"confidence_level":0.95,"lower_bound":122799157.305625,"upper_bound":124333925.520625},"point_estimate":123564325.3,"standard_error":392417.0579687175},"median":{"confidence_interval":{"confidence_level":0.95,"lower_bound":122400895.0,"upper_bound":124688382.5},"point_estimate":123430010.5,"standard_error":641057.8377458471},"median_abs_dev":{"confidence_interval":{"confidence_level":0.95,"lower_bound":1762090.8251166344,"upper_bound":3705527.348613739},"point_estimate":2913956.8444669247,"standard_error":480578.80484740576},"slope":null,"std_dev":{"confidence_interval":{"confidence_level":0.95,"lower_bound":2034210.2712635545,"upper_bound":2894661.876316458},"point_estimate":2511892.7180860764,"standard_error":219964.6542798723}}