{"mean":{"confidence_interval":{"confidence_level":0.95,"lower_bound":117438737.84071429,"upper_bound":120405973.75666669},"point_estimate":118866812.15690474,"standard_error":759969.0725511101},"median":{"confidence_interval":{"confidence_level":0.95,"lower_bound":117532264.51785713,"upper_bound":120453420.01666667},"point_estimate":118340547.0,"standard_error":897892.0078804953},"median_abs_dev":{"confidence_interval":{"confidence_level":0.95,"lower_bound":65776.10380724072,"upper_bound":4362248.404579617},"point_estimate":1574320.6857002187,"standard_error":1113015.2268017104},"slope":{"confidence_interval":{"confidence_level":0.95,"lower_bound":117858025.41552511,"upper_bound":119618113.35410886},"point_estimate":118820816.10909091,"standard_error":445939.3445652635},"std_dev":{"confidence_interval":{"confidence_level":0.95,"lower_bound":1093850.958793031,"upper_bound":3417689.02806231},"point_estimate":2541260.902478475,"standard_error":596379.8762417237}}