{"mean":{"confidence_interval":{"confidence_level":0.95,"lower_bound":2069668.861240001,"upper_bound":2076076.95193},"point_estimate":2072780.6800000006,"standard_error":1629.7566906959485},"median":{"confidence_interval":{"confidence_level":0.95,"lower_bound":2065299.8,"upper_bound":2074785.7999999998},"point_estimate":2070074.82,"standard_error":2450.529228012189},"median_abs_dev":{"confidence_interval":{"confidence_level":0.95,"lower_bound":12822.087960362442,"upper_bound":20631.41645371907},"point_estimate":16197.464016437585,"standard_error":2051.600875155964},"slope":null,"std_dev":{"confidence_interval":{"confidence_level":0.95,"lower_bound":13667.029578134374,"upper_bound":18731.611130969457},"point_estimate":16323.662774929646,"standard_error":1290.499662933754}}