{"mean":{"confidence_interval":{"confidence_level":0.95,"lower_bound":2058362.742480001,"upper_bound":2063095.2620200012},"point_estimate":2060549.2451999986,"standard_error":1214.7246076034166},"median":{"confidence_interval":{"confidence_level":0.95,"lower_bound":2056498.74,"upper_bound":2061866.76},"point_estimate":2059256.3,"standard_error":1424.5917648866798},"median_abs_dev":{"confidence_interval":{"confidence_level":0.95,"lower_bound":6412.897230148233,"upper_bound":9958.535067200577},"point_estimate":8652.27553439141,"standard_error":873.5534007426752},"slope":null,"std_dev":{"confidence_interval":{"confidence_level":0.95,"lower_bound":7402.09269319411,"upper_bound":16863.358713068144},"point_estimate":12214.97695007508,"standard_error":2503.366259565797}}