{"mean":{"confidence_interval":{"confidence_level":0.95,"lower_bound":-0.02817885882514452,"upper_bound":-0.01806214263831656},"point_estimate":-0.02299533376630425,"standard_error":0.002572350669574235},"median":{"confidence_interval":{"confidence_level":0.95,"lower_bound":-0.029986415992995563,"upper_bound":-0.019932543866268523},"point_estimate":-0.02529169109288576,"standard_error":0.0024593124481154744}}