{"mean":{"confidence_interval":{"confidence_level":0.95,"lower_bound":-0.07202420829628624,"upper_bound":-0.06094151080982245},"point_estimate":-0.06629427141968613,"standard_error":0.0028159146483085137},"median":{"confidence_interval":{"confidence_level":0.95,"lower_bound":-0.07189817227920825,"upper_bound":-0.058478222426794124},"point_estimate":-0.06574323840046636,"standard_error":0.0033493851872992662}}