{"mean":{"confidence_interval":{"confidence_level":0.95,"lower_bound":0.0026523573685858083,"upper_bound":0.014750336012129871},"point_estimate":0.009040779743426652,"standard_error":0.003097264618489881},"median":{"confidence_interval":{"confidence_level":0.95,"lower_bound":0.003783211216786153,"upper_bound":0.015890018306839337},"point_estimate":0.010988347111349883,"standard_error":0.003172499251184497}}