{"mean":{"confidence_interval":{"confidence_level":0.95,"lower_bound":-0.050615691242153454,"upper_bound":-0.0394377688361613},"point_estimate":-0.04520323378305535,"standard_error":0.002842173185714182},"median":{"confidence_interval":{"confidence_level":0.95,"lower_bound":-0.05339450049044803,"upper_bound":-0.041365855164031906},"point_estimate":-0.04680244922953147,"standard_error":0.003194974504569245}}