{"mean":{"confidence_interval":{"confidence_level":0.95,"lower_bound":-0.014588965871931116,"upper_bound":0.002224863008869594},"point_estimate":-0.005941010365690502,"standard_error":0.004300941767066262},"median":{"confidence_interval":{"confidence_level":0.95,"lower_bound":-0.017170905684610993,"upper_bound":0.005941371701366993},"point_estimate":-0.0012537489126600576,"standard_error":0.006488811425310998}}