{"mean":{"confidence_interval":{"confidence_level":0.95,"lower_bound":0.037416027018761226,"upper_bound":0.050831249583128575},"point_estimate":0.04431373605544531,"standard_error":0.003381746373949179},"median":{"confidence_interval":{"confidence_level":0.95,"lower_bound":0.03953876692074121,"upper_bound":0.05065054062569785},"point_estimate":0.044690111416834766,"standard_error":0.0029282332269750045}}