{"mean":{"confidence_interval":{"confidence_level":0.95,"lower_bound":0.05355255281408905,"upper_bound":0.06575182167942566},"point_estimate":0.06000008044084204,"standard_error":0.00308141752714023},"median":{"confidence_interval":{"confidence_level":0.95,"lower_bound":0.056620289329745166,"upper_bound":0.06545811278612446},"point_estimate":0.06242261647559655,"standard_error":0.0023010395805368}}