{"mean":{"confidence_interval":{"confidence_level":0.95,"lower_bound":0.004935761964745197,"upper_bound":0.018422746449199407},"point_estimate":0.011303736940900144,"standard_error":0.0034438196392257707},"median":{"confidence_interval":{"confidence_level":0.95,"lower_bound":0.0022749462667566167,"upper_bound":0.017691330518867954},"point_estimate":0.00966127839333919,"standard_error":0.00387030465750631}}