{"mean":{"confidence_interval":{"confidence_level":0.95,"lower_bound":87690253.475,"upper_bound":88092710.18},"point_estimate":87889326.13333333,"standard_error":103450.05420554991},"median":{"confidence_interval":{"confidence_level":0.95,"lower_bound":87584105.33333333,"upper_bound":88243681.0},"point_estimate":87863671.5,"standard_error":150762.33473342244},"median_abs_dev":{"confidence_interval":{"confidence_level":0.95,"lower_bound":78444.858807318,"upper_bound":590521.5463161506},"point_estimate":488943.4330195225,"standard_error":141298.78829481386},"slope":null,"std_dev":{"confidence_interval":{"confidence_level":0.95,"lower_bound":204990.56532925373,"upper_bound":420423.7935126966},"point_estimate":344633.6132243989,"standard_error":54655.14048621924}}