{"mean":{"confidence_interval":{"confidence_level":0.95,"lower_bound":92445329.83333333,"upper_bound":92856143.36666666},"point_estimate":92638370.73333332,"standard_error":105262.38040143096},"median":{"confidence_interval":{"confidence_level":0.95,"lower_bound":92367223.0,"upper_bound":92864943.0},"point_estimate":92586014.5,"standard_error":129480.54196250039},"median_abs_dev":{"confidence_interval":{"confidence_level":0.95,"lower_bound":71041.99003874887,"upper_bound":577997.0359385087},"point_estimate":338487.4579906427,"standard_error":126083.0434574717},"slope":null,"std_dev":{"confidence_interval":{"confidence_level":0.95,"lower_bound":164199.32971833844,"upper_bound":463407.55293287867},"point_estimate":350927.158316956,"standard_error":80099.83400379166}}