{"mean":{"confidence_interval":{"confidence_level":0.95,"lower_bound":60781017.39125,"upper_bound":61549148.96525},"point_estimate":61062124.06,"standard_error":219499.24744886725},"median":{"confidence_interval":{"confidence_level":0.95,"lower_bound":60704165.5,"upper_bound":60915863.0},"point_estimate":60803795.0,"standard_error":57999.99622222565},"median_abs_dev":{"confidence_interval":{"confidence_level":0.95,"lower_bound":308110.961329937,"upper_bound":481412.07225322723},"point_estimate":399867.59110093117,"standard_error":44271.08273003288},"slope":null,"std_dev":{"confidence_interval":{"confidence_level":0.95,"lower_bound":365088.55934094096,"upper_bound":3751812.803191363},"point_estimate":2213641.1402517776,"standard_error":1181185.5498373422}}