{"mean":{"confidence_interval":{"confidence_level":0.95,"lower_bound":62521236.322,"upper_bound":62740084.846},"point_estimate":62625222.12,"standard_error":55925.42708582974},"median":{"confidence_interval":{"confidence_level":0.95,"lower_bound":62467525.0,"upper_bound":62653336.0},"point_estimate":62528565.5,"standard_error":56019.20317458827},"median_abs_dev":{"confidence_interval":{"confidence_level":0.95,"lower_bound":345327.0376092196,"upper_bound":555767.0369506626},"point_estimate":436484.1039508581,"standard_error":57567.78623014117},"slope":null,"std_dev":{"confidence_interval":{"confidence_level":0.95,"lower_bound":406496.297056598,"upper_bound":708916.3659458678},"point_estimate":561743.7391048525,"standard_error":78114.18674985305}}