{"mean":{"confidence_interval":{"confidence_level":0.95,"lower_bound":60012602.976500005,"upper_bound":60130815.115},"point_estimate":60071461.83,"standard_error":30155.842768882605},"median":{"confidence_interval":{"confidence_level":0.95,"lower_bound":59987261.0,"upper_bound":60108681.5},"point_estimate":60048923.5,"standard_error":25402.62894872674},"median_abs_dev":{"confidence_interval":{"confidence_level":0.95,"lower_bound":202954.68565933412,"upper_bound":339868.9940661192},"point_estimate":280078.70232760906,"standard_error":34392.138654912575},"slope":null,"std_dev":{"confidence_interval":{"confidence_level":0.95,"lower_bound":253583.64308931402,"upper_bound":345577.8803428008},"point_estimate":301884.7636546257,"standard_error":23506.95308423779}}