{"mean":{"confidence_interval":{"confidence_level":0.95,"lower_bound":0.01620968569154472,"upper_bound":0.03144034454165005},"point_estimate":0.023244230685066647,"standard_error":0.0038866814279574263},"median":{"confidence_interval":{"confidence_level":0.95,"lower_bound":0.012798498521570556,"upper_bound":0.02467637143563217},"point_estimate":0.017210480422345853,"standard_error":0.002833687892653131}}