{"mean":{"confidence_interval":{"confidence_level":0.95,"lower_bound":-0.02384155613483022,"upper_bound":-0.01027555514070584},"point_estimate":-0.01740168755824667,"standard_error":0.003476954101467565},"median":{"confidence_interval":{"confidence_level":0.95,"lower_bound":-0.025385802248161338,"upper_bound":-0.012402229866522285},"point_estimate":-0.018772088278290466,"standard_error":0.003361882225495992}}