{"mean":{"confidence_interval":{"confidence_level":0.95,"lower_bound":-0.0012591470651143984,"upper_bound":0.014199446859545148},"point_estimate":0.00654476217638833,"standard_error":0.003938547841543429},"median":{"confidence_interval":{"confidence_level":0.95,"lower_bound":-0.003397624197099658,"upper_bound":0.015619311510154166},"point_estimate":0.005400276353593414,"standard_error":0.005095751263654101}}