{"mean":{"confidence_interval":{"confidence_level":0.95,"lower_bound":-0.04640156052219705,"upper_bound":-0.028143400911208205},"point_estimate":-0.037706524096997485,"standard_error":0.004653538057302433},"median":{"confidence_interval":{"confidence_level":0.95,"lower_bound":-0.04689285932719789,"upper_bound":-0.02912172982177763},"point_estimate":-0.03873194280242931,"standard_error":0.00416294206585416}}