{"mean":{"confidence_interval":{"confidence_level":0.95,"lower_bound":0.04834838389507647,"upper_bound":0.06435725090469138},"point_estimate":0.05638690747080921,"standard_error":0.00404096448690191},"median":{"confidence_interval":{"confidence_level":0.95,"lower_bound":0.053041019379427734,"upper_bound":0.06503386037638492},"point_estimate":0.05793040337507027,"standard_error":0.003245882667857193}}