{"mean":{"confidence_interval":{"confidence_level":0.95,"lower_bound":-0.003755507692869473,"upper_bound":0.011705211317607944},"point_estimate":0.004016134027358564,"standard_error":0.003945821349871861},"median":{"confidence_interval":{"confidence_level":0.95,"lower_bound":-0.00546318111292976,"upper_bound":0.01181111840956528},"point_estimate":0.003606554973234921,"standard_error":0.0041140895607818745}}