{"mean":{"confidence_interval":{"confidence_level":0.95,"lower_bound":12021420.614049995,"upper_bound":12076906.48139999},"point_estimate":12047988.305999996,"standard_error":14175.4025915939},"median":{"confidence_interval":{"confidence_level":0.95,"lower_bound":11993362.8,"upper_bound":12066486.6},"point_estimate":12016069.9,"standard_error":18973.577952056767},"median_abs_dev":{"confidence_interval":{"confidence_level":0.95,"lower_bound":94642.06583976911,"upper_bound":154145.83401386492},"point_estimate":121179.4192886358,"standard_error":15890.501621361343},"slope":null,"std_dev":{"confidence_interval":{"confidence_level":0.95,"lower_bound":106198.58065934978,"upper_bound":179618.6026373065},"point_estimate":142706.89827767934,"standard_error":19078.166305638755}}