{"mean":{"confidence_interval":{"confidence_level":0.95,"lower_bound":12186490.677350001,"upper_bound":12275251.4525},"point_estimate":12226093.126000002,"standard_error":22830.501387096127},"median":{"confidence_interval":{"confidence_level":0.95,"lower_bound":12161875.4,"upper_bound":12207365.399999999},"point_estimate":12189869.8,"standard_error":12442.895153189333},"median_abs_dev":{"confidence_interval":{"confidence_level":0.95,"lower_bound":102004.80556905242,"upper_bound":159000.98939716705},"point_estimate":133920.58694243457,"standard_error":14630.467276433406},"slope":null,"std_dev":{"confidence_interval":{"confidence_level":0.95,"lower_bound":121143.9289199395,"upper_bound":340378.9266393191},"point_estimate":230168.05043218588,"standard_error":62076.825115558626}}