{"mean":{"confidence_interval":{"confidence_level":0.95,"lower_bound":10363898.9779,"upper_bound":10389913.627849998},"point_estimate":10376505.306,"standard_error":6630.213559617175},"median":{"confidence_interval":{"confidence_level":0.95,"lower_bound":10358204.4,"upper_bound":10378874.3},"point_estimate":10366445.399999999,"standard_error":6268.422985770147},"median_abs_dev":{"confidence_interval":{"confidence_level":0.95,"lower_bound":43680.5086845154,"upper_bound":74978.34238886723},"point_estimate":56095.05956411168,"standard_error":7396.309145288038},"slope":null,"std_dev":{"confidence_interval":{"confidence_level":0.95,"lower_bound":52207.68580654526,"upper_bound":80534.64593152878},"point_estimate":66783.19879922911,"standard_error":7253.8525082181}}