{"mean":{"confidence_interval":{"confidence_level":0.95,"lower_bound":10394991.527300004,"upper_bound":10423267.156000001},"point_estimate":10408694.362,"standard_error":7185.04027567126},"median":{"confidence_interval":{"confidence_level":0.95,"lower_bound":10379946.8,"upper_bound":10425229.0},"point_estimate":10399516.7,"standard_error":11205.62704836179},"median_abs_dev":{"confidence_interval":{"confidence_level":0.95,"lower_bound":54249.222596885986,"upper_bound":80924.75436329842},"point_estimate":65120.97994387288,"standard_error":7103.49125701021},"slope":null,"std_dev":{"confidence_interval":{"confidence_level":0.95,"lower_bound":57557.57593912107,"upper_bound":86504.6055766713},"point_estimate":72041.86297520301,"standard_error":7483.511001161104}}