{"mean":{"confidence_interval":{"confidence_level":0.95,"lower_bound":10416036.908450002,"upper_bound":10447242.919200001},"point_estimate":10430911.228,"standard_error":7969.469598933549},"median":{"confidence_interval":{"confidence_level":0.95,"lower_bound":10411318.8,"upper_bound":10445062.4},"point_estimate":10430359.600000001,"standard_error":9481.896522368663},"median_abs_dev":{"confidence_interval":{"confidence_level":0.95,"lower_bound":51028.86719405513,"upper_bound":82613.81750281322},"point_estimate":69779.16080117281,"standard_error":7875.501136102096},"slope":null,"std_dev":{"confidence_interval":{"confidence_level":0.95,"lower_bound":56559.89525404146,"upper_bound":103901.87519615493},"point_estimate":80223.0670975765,"standard_error":12366.025908043715}}