{"mean":{"confidence_interval":{"confidence_level":0.95,"lower_bound":10444513.582950002,"upper_bound":10484092.413250003},"point_estimate":10462905.77,"standard_error":10128.157488316689},"median":{"confidence_interval":{"confidence_level":0.95,"lower_bound":10440337.0,"upper_bound":10466873.0},"point_estimate":10450606.7,"standard_error":6161.975204109333},"median_abs_dev":{"confidence_interval":{"confidence_level":0.95,"lower_bound":51771.20500087766,"upper_bound":89630.28488874546},"point_estimate":71645.60590803734,"standard_error":10146.320777371788},"slope":null,"std_dev":{"confidence_interval":{"confidence_level":0.95,"lower_bound":66227.88869627724,"upper_bound":142056.13062879854},"point_estimate":101867.22754151626,"standard_error":21653.557430228302}}