{"mean":{"confidence_interval":{"confidence_level":0.95,"lower_bound":226231821.54375,"upper_bound":228669280.55},"point_estimate":227413617.3,"standard_error":622028.8195524598},"median":{"confidence_interval":{"confidence_level":0.95,"lower_bound":225939802.5,"upper_bound":228735566.5},"point_estimate":227368402.0,"standard_error":974901.9148823594},"median_abs_dev":{"confidence_interval":{"confidence_level":0.95,"lower_bound":75829.42890375853,"upper_bound":3744873.3280152082},"point_estimate":2084183.8161483407,"standard_error":954842.5145409349},"slope":null,"std_dev":{"confidence_interval":{"confidence_level":0.95,"lower_bound":1144290.8481882361,"upper_bound":2714617.0352057987},"point_estimate":2067875.9220488276,"standard_error":417533.9055153667}}