{"mean":{"confidence_interval":{"confidence_level":0.95,"lower_bound":217646924.38025,"upper_bound":219923619.42450002},"point_estimate":218809391.82,"standard_error":580661.6399552418},"median":{"confidence_interval":{"confidence_level":0.95,"lower_bound":218297344.0,"upper_bound":220948761.5},"point_estimate":219658523.0,"standard_error":655968.8940324656},"median_abs_dev":{"confidence_interval":{"confidence_level":0.95,"lower_bound":4124323.8124886155,"upper_bound":7038016.235250235},"point_estimate":5855796.946638823,"standard_error":760346.2630268149},"slope":null,"std_dev":{"confidence_interval":{"confidence_level":0.95,"lower_bound":4828635.039830843,"upper_bound":6807023.246378317},"point_estimate":5816639.48225295,"standard_error":509784.1885214678}}