{"mean":{"confidence_interval":{"confidence_level":0.95,"lower_bound":213455525.74666667,"upper_bound":219224304.76416668},"point_estimate":216485387.86666662,"standard_error":1486684.115340012},"median":{"confidence_interval":{"confidence_level":0.95,"lower_bound":210615866.66666666,"upper_bound":220078599.0},"point_estimate":218162161.6666667,"standard_error":2190987.7470811526},"median_abs_dev":{"confidence_interval":{"confidence_level":0.95,"lower_bound":890510.5778902842,"upper_bound":7867873.401117325},"point_estimate":3540262.1766477455,"standard_error":1888960.142824946},"slope":null,"std_dev":{"confidence_interval":{"confidence_level":0.95,"lower_bound":2223263.58517941,"upper_bound":5991269.180378868},"point_estimate":4962958.498319156,"standard_error":875535.4695025567}}