{"mean":{"confidence_interval":{"confidence_level":0.95,"lower_bound":214277110.368,"upper_bound":216112510.014},"point_estimate":215220918.69,"standard_error":469780.5708806782},"median":{"confidence_interval":{"confidence_level":0.95,"lower_bound":215564838.0,"upper_bound":217304153.0},"point_estimate":216348415.5,"standard_error":436135.0354047153},"median_abs_dev":{"confidence_interval":{"confidence_level":0.95,"lower_bound":2497046.0253685713,"upper_bound":4302585.92531383},"point_estimate":3399782.616841793,"standard_error":466823.9771245812},"slope":null,"std_dev":{"confidence_interval":{"confidence_level":0.95,"lower_bound":3859760.6019054726,"upper_bound":5485582.611440048},"point_estimate":4738073.989920104,"standard_error":415882.83314468357}}