{"mean":{"confidence_interval":{"confidence_level":0.95,"lower_bound":216140455.09250003,"upper_bound":218458710.91916668},"point_estimate":217294622.5,"standard_error":592969.4951641603},"median":{"confidence_interval":{"confidence_level":0.95,"lower_bound":215897713.0,"upper_bound":218734667.5},"point_estimate":217094840.33333334,"standard_error":641192.5994671119},"median_abs_dev":{"confidence_interval":{"confidence_level":0.95,"lower_bound":172403.64373920875,"upper_bound":3282550.9659230635},"point_estimate":1721911.8716299387,"standard_error":845207.5829662044},"slope":null,"std_dev":{"confidence_interval":{"confidence_level":0.95,"lower_bound":1016999.3970644082,"upper_bound":2569396.3841270595},"point_estimate":1976749.8231779963,"standard_error":395735.7996449889}}