{"mean":{"confidence_interval":{"confidence_level":0.95,"lower_bound":217511326.1985,"upper_bound":219843072.2595},"point_estimate":218694694.52,"standard_error":595542.6803500556},"median":{"confidence_interval":{"confidence_level":0.95,"lower_bound":218428305.0,"upper_bound":220476697.0},"point_estimate":219871638.5,"standard_error":574265.9573434182},"median_abs_dev":{"confidence_interval":{"confidence_level":0.95,"lower_bound":3575185.3132277727,"upper_bound":5954446.109557444},"point_estimate":4380823.467224836,"standard_error":577233.4263868845},"slope":null,"std_dev":{"confidence_interval":{"confidence_level":0.95,"lower_bound":4876046.74962669,"upper_bound":6990370.076495461},"point_estimate":5999140.757245529,"standard_error":540702.1484480249}}