{"mean":{"confidence_interval":{"confidence_level":0.95,"lower_bound":0.0020247985779508486,"upper_bound":0.010708866758462384},"point_estimate":0.006196203221310981,"standard_error":0.0022182401623880806},"median":{"confidence_interval":{"confidence_level":0.95,"lower_bound":0.0015427832272707498,"upper_bound":0.011304210707407947},"point_estimate":0.006991321285711116,"standard_error":0.002333891563481477}}