{"mean":{"confidence_interval":{"confidence_level":0.95,"lower_bound":0.038753138786102474,"upper_bound":0.047956722471716305},"point_estimate":0.04322883190732907,"standard_error":0.002338881742370657},"median":{"confidence_interval":{"confidence_level":0.95,"lower_bound":0.03704878028491376,"upper_bound":0.048994198158863966},"point_estimate":0.043006916401685524,"standard_error":0.003076920779297945}}