{"mean":{"confidence_interval":{"confidence_level":0.95,"lower_bound":-0.2793367579333971,"upper_bound":-0.2717478348869755},"point_estimate":-0.27511521655561855,"standard_error":0.001984990474998373},"median":{"confidence_interval":{"confidence_level":0.95,"lower_bound":-0.2817987095930802,"upper_bound":-0.269795333931925},"point_estimate":-0.27583379820736653,"standard_error":0.0033334740335626413}}