{"mean":{"confidence_interval":{"confidence_level":0.95,"lower_bound":-0.008938984501478935,"upper_bound":-0.0015772344021342869},"point_estimate":-0.0050563085905988014,"standard_error":0.001879270866759783},"median":{"confidence_interval":{"confidence_level":0.95,"lower_bound":-0.0073445763922158624,"upper_bound":-0.0011625333486886547},"point_estimate":-0.004464886895367393,"standard_error":0.0015224350683429183}}