{"mean":{"confidence_interval":{"confidence_level":0.95,"lower_bound":-0.0009972413764437154,"upper_bound":0.006266062169672239},"point_estimate":0.0025803535263744237,"standard_error":0.0018599144714411954},"median":{"confidence_interval":{"confidence_level":0.95,"lower_bound":-0.00257010353152487,"upper_bound":0.007890237989292004},"point_estimate":0.0018163912897062318,"standard_error":0.0027261676224071434}}