{"mean":{"confidence_interval":{"confidence_level":0.95,"lower_bound":-0.0031815637850815142,"upper_bound":0.004701756905915726},"point_estimate":0.000845523445054841,"standard_error":0.0020129131759104653},"median":{"confidence_interval":{"confidence_level":0.95,"lower_bound":-0.005059726681066912,"upper_bound":0.005968552462391585},"point_estimate":0.000815514421583341,"standard_error":0.002997100716578817}}