{"mean":{"confidence_interval":{"confidence_level":0.95,"lower_bound":-0.05963997685936979,"upper_bound":-0.0534197863231273},"point_estimate":-0.0565192645382574,"standard_error":0.0015907511078352542},"median":{"confidence_interval":{"confidence_level":0.95,"lower_bound":-0.060128496101664486,"upper_bound":-0.05301523592031132},"point_estimate":-0.056850439161099775,"standard_error":0.0018925235317377334}}