{"mean":{"confidence_interval":{"confidence_level":0.95,"lower_bound":-0.058728650230141254,"upper_bound":-0.04750573585428152},"point_estimate":-0.05308211280346553,"standard_error":0.0028670392230429748},"median":{"confidence_interval":{"confidence_level":0.95,"lower_bound":-0.06282232656953524,"upper_bound":-0.04451824694743611},"point_estimate":-0.05338284447721553,"standard_error":0.004795476546732478}}