{"mean":{"confidence_interval":{"confidence_level":0.95,"lower_bound":0.010532795814055385,"upper_bound":0.017949276773658946},"point_estimate":0.014126766106811628,"standard_error":0.0018869017018583493},"median":{"confidence_interval":{"confidence_level":0.95,"lower_bound":0.010005624879501962,"upper_bound":0.01722195992976805},"point_estimate":0.014006621688845255,"standard_error":0.0018310780782097489}}