{"mean":{"confidence_interval":{"confidence_level":0.95,"lower_bound":110692520.54166667,"upper_bound":112560373.1725},"point_estimate":111622778.11666666,"standard_error":476864.3942532403},"median":{"confidence_interval":{"confidence_level":0.95,"lower_bound":109855411.25,"upper_bound":112862558.75},"point_estimate":111891595.25,"standard_error":899107.7105063822},"median_abs_dev":{"confidence_interval":{"confidence_level":0.95,"lower_bound":1422027.9811039567,"upper_bound":3749188.0645886064},"point_estimate":3081343.4934452176,"standard_error":593829.156007902},"slope":null,"std_dev":{"confidence_interval":{"confidence_level":0.95,"lower_bound":1956679.385253914,"upper_bound":3253677.4055912886},"point_estimate":2654384.9513859097,"standard_error":333071.7906234985}}