{"mean":{"confidence_interval":{"confidence_level":0.95,"lower_bound":106886657.64625001,"upper_bound":108688969.48125},"point_estimate":107817661.51666667,"standard_error":460675.863879018},"median":{"confidence_interval":{"confidence_level":0.95,"lower_bound":107261908.0,"upper_bound":109073321.25},"point_estimate":108314701.75,"standard_error":433921.9259187686},"median_abs_dev":{"confidence_interval":{"confidence_level":0.95,"lower_bound":1027644.897955656,"upper_bound":3407919.866797328},"point_estimate":1654727.236072719,"standard_error":596178.9469874093},"slope":null,"std_dev":{"confidence_interval":{"confidence_level":0.95,"lower_bound":1780566.4806495972,"upper_bound":3147813.616855894},"point_estimate":2565272.1110972622,"standard_error":350250.1697200125}}