{"mean":{"confidence_interval":{"confidence_level":0.95,"lower_bound":108653091.70924999,"upper_bound":109951642.15},"point_estimate":109303234.53,"standard_error":331170.5774353083},"median":{"confidence_interval":{"confidence_level":0.95,"lower_bound":108673155.0,"upper_bound":109970856.0},"point_estimate":109146960.5,"standard_error":362852.24290773435},"median_abs_dev":{"confidence_interval":{"confidence_level":0.95,"lower_bound":2384898.4568595886,"upper_bound":4299600.710266829},"point_estimate":3404346.8008607626,"standard_error":494947.310776812},"slope":null,"std_dev":{"confidence_interval":{"confidence_level":0.95,"lower_bound":2872357.1722138897,"upper_bound":3747478.7205058686},"point_estimate":3336348.39497759,"standard_error":223486.42831592122}}