{"mean":{"confidence_interval":{"confidence_level":0.95,"lower_bound":111061025.65458333,"upper_bound":112635436.06625},"point_estimate":111846008.13333334,"standard_error":401995.6427845026},"median":{"confidence_interval":{"confidence_level":0.95,"lower_bound":111087768.0,"upper_bound":113085268.75},"point_estimate":111750696.25,"standard_error":589624.8060250209},"median_abs_dev":{"confidence_interval":{"confidence_level":0.95,"lower_bound":1312678.8200452924,"upper_bound":3183050.963589549},"point_estimate":2177593.5448899865,"standard_error":493451.02569794026},"slope":null,"std_dev":{"confidence_interval":{"confidence_level":0.95,"lower_bound":1605007.1018160258,"upper_bound":2787863.252446113},"point_estimate":2237806.1991813774,"standard_error":303382.9437255396}}