{"mean":{"confidence_interval":{"confidence_level":0.95,"lower_bound":171320486.415,"upper_bound":172193054.03625},"point_estimate":171748138.4,"standard_error":223257.66847242188},"median":{"confidence_interval":{"confidence_level":0.95,"lower_bound":171255591.25,"upper_bound":172487214.0},"point_estimate":171527174.0,"standard_error":323928.93670295086},"median_abs_dev":{"confidence_interval":{"confidence_level":0.95,"lower_bound":114003.78367602825,"upper_bound":1253832.573840022},"point_estimate":761566.3871794939,"standard_error":320250.7787105833},"slope":null,"std_dev":{"confidence_interval":{"confidence_level":0.95,"lower_bound":411221.5765094982,"upper_bound":926988.4909611653},"point_estimate":743648.3953085924,"standard_error":128646.19704767205}}