{"mean":{"confidence_interval":{"confidence_level":0.95,"lower_bound":117838944.67475,"upper_bound":118106059.96825},"point_estimate":117968762.01,"standard_error":68076.97766343881},"median":{"confidence_interval":{"confidence_level":0.95,"lower_bound":117748119.0,"upper_bound":117972922.5},"point_estimate":117884577.0,"standard_error":60976.86616495921},"median_abs_dev":{"confidence_interval":{"confidence_level":0.95,"lower_bound":357947.07684516907,"upper_bound":730819.4876253605},"point_estimate":476006.5127491951,"standard_error":94898.98823757708},"slope":null,"std_dev":{"confidence_interval":{"confidence_level":0.95,"lower_bound":543399.8490444331,"upper_bound":807224.7561419492},"point_estimate":681424.3855552896,"standard_error":67396.50833388936}}