{"mean":{"confidence_interval":{"confidence_level":0.95,"lower_bound":15125322.810125,"upper_bound":15210727.722000001},"point_estimate":15167204.64,"standard_error":21750.28008657066},"median":{"confidence_interval":{"confidence_level":0.95,"lower_bound":15111691.5,"upper_bound":15218446.0},"point_estimate":15171419.75,"standard_error":29376.48074339202},"median_abs_dev":{"confidence_interval":{"confidence_level":0.95,"lower_bound":155177.43819504976,"upper_bound":240855.03742396832},"point_estimate":205637.35764920712,"standard_error":21762.20041243741},"slope":null,"std_dev":{"confidence_interval":{"confidence_level":0.95,"lower_bound":182912.04069084383,"upper_bound":251282.45846171305},"point_estimate":218743.7404247849,"standard_error":17479.25850194275}}