{"mean":{"confidence_interval":{"confidence_level":0.95,"lower_bound":309877897.5,"upper_bound":313898212.39250004},"point_estimate":311818503.2,"standard_error":1033231.2510788201},"median":{"confidence_interval":{"confidence_level":0.95,"lower_bound":309139178.5,"upper_bound":315288535.0},"point_estimate":310667082.5,"standard_error":1783310.654103927},"median_abs_dev":{"confidence_interval":{"confidence_level":0.95,"lower_bound":609095.8058863878,"upper_bound":5231131.617128849},"point_estimate":3881228.788894415,"standard_error":1343077.9472908096},"slope":null,"std_dev":{"confidence_interval":{"confidence_level":0.95,"lower_bound":2080161.582994268,"upper_bound":4166824.6403481676},"point_estimate":3444780.5879614064,"standard_error":535145.2125141616}}