{"mean":{"confidence_interval":{"confidence_level":0.95,"lower_bound":227350134.76666668,"upper_bound":229250810.1175},"point_estimate":228289391.4,"standard_error":485804.29799576924},"median":{"confidence_interval":{"confidence_level":0.95,"lower_bound":226696335.0,"upper_bound":229825760.5},"point_estimate":228215258.0,"standard_error":849598.5890366416},"median_abs_dev":{"confidence_interval":{"confidence_level":0.95,"lower_bound":1663570.5742657185,"upper_bound":4031666.7256236076},"point_estimate":2626577.0785689354,"standard_error":591505.0020312895},"slope":null,"std_dev":{"confidence_interval":{"confidence_level":0.95,"lower_bound":2057778.785220961,"upper_bound":3218650.431961679},"point_estimate":2698237.730241193,"standard_error":297109.1544278733}}