{"mean":{"confidence_interval":{"confidence_level":0.95,"lower_bound":320745328.2825,"upper_bound":323808938.34},"point_estimate":322289152.8,"standard_error":791491.3059082255},"median":{"confidence_interval":{"confidence_level":0.95,"lower_bound":319696804.0,"upper_bound":323515245.5},"point_estimate":323260618.0,"standard_error":1038345.8174866199},"median_abs_dev":{"confidence_interval":{"confidence_level":0.95,"lower_bound":84649.04549717903,"upper_bound":5408796.019774675},"point_estimate":1427771.2027519941,"standard_error":1441553.2729816232},"slope":null,"std_dev":{"confidence_interval":{"confidence_level":0.95,"lower_bound":1325722.7155318432,"upper_bound":3447812.8531880826},"point_estimate":2637469.929299028,"standard_error":533864.1720432516}}