{"mean":{"confidence_interval":{"confidence_level":0.95,"lower_bound":212713519.58916664,"upper_bound":215152603.74083334},"point_estimate":213894710.23333332,"standard_error":622634.4995996043},"median":{"confidence_interval":{"confidence_level":0.95,"lower_bound":212422702.0,"upper_bound":214626423.5},"point_estimate":213981610.5,"standard_error":511688.2955940671},"median_abs_dev":{"confidence_interval":{"confidence_level":0.95,"lower_bound":1343350.4776507616,"upper_bound":4916763.342610002},"point_estimate":2902845.4989641905,"standard_error":866660.7916360549},"slope":null,"std_dev":{"confidence_interval":{"confidence_level":0.95,"lower_bound":2426352.5329997065,"upper_bound":4265622.86505394},"point_estimate":3456747.0021472867,"standard_error":470649.75281912164}}