{"mean":{"confidence_interval":{"confidence_level":0.95,"lower_bound":69846940.008,"upper_bound":70967849.26924999},"point_estimate":70413898.53,"standard_error":286682.4004585538},"median":{"confidence_interval":{"confidence_level":0.95,"lower_bound":70274919.0,"upper_bound":71449202.0},"point_estimate":70657208.0,"standard_error":340915.64300865756},"median_abs_dev":{"confidence_interval":{"confidence_level":0.95,"lower_bound":1893594.4775819778,"upper_bound":3204600.5542069674},"point_estimate":2434312.772682309,"standard_error":318970.1526728179},"slope":null,"std_dev":{"confidence_interval":{"confidence_level":0.95,"lower_bound":2422731.211391998,"upper_bound":3266551.7187776235},"point_estimate":2877867.6948797717,"standard_error":215064.81036869012}}