{"mean":{"confidence_interval":{"confidence_level":0.95,"lower_bound":0.05941968738212482,"upper_bound":0.06737923883210876},"point_estimate":0.06341394432660463,"standard_error":0.002025724897764067},"median":{"confidence_interval":{"confidence_level":0.95,"lower_bound":0.05656562497653139,"upper_bound":0.06910226326265434},"point_estimate":0.06251144082076099,"standard_error":0.0036286416556831954}}