{"mean":{"confidence_interval":{"confidence_level":0.95,"lower_bound":-0.18335546850604645,"upper_bound":-0.16910364930691477},"point_estimate":-0.17676788558934486,"standard_error":0.0036476168544750578},"median":{"confidence_interval":{"confidence_level":0.95,"lower_bound":-0.18382263469766713,"upper_bound":-0.1694405701431353},"point_estimate":-0.17834824882655953,"standard_error":0.00348467687920668}}