{"mean":{"confidence_interval":{"confidence_level":0.95,"lower_bound":0.06371626867177219,"upper_bound":0.07888588531893524},"point_estimate":0.06993005477721104,"standard_error":0.00406888778044492},"median":{"confidence_interval":{"confidence_level":0.95,"lower_bound":0.06417807533314801,"upper_bound":0.06972047116611849},"point_estimate":0.06633231959162855,"standard_error":0.0014225783378377125}}