{"mean":{"confidence_interval":{"confidence_level":0.95,"lower_bound":-0.0031661881508283658,"upper_bound":0.006379754091475822},"point_estimate":0.0017325330886668322,"standard_error":0.0024296215654661577},"median":{"confidence_interval":{"confidence_level":0.95,"lower_bound":-0.0027049558539889995,"upper_bound":0.0071200721364734765},"point_estimate":0.0026787770227931773,"standard_error":0.0023796032638050794}}