{"mean":{"confidence_interval":{"confidence_level":0.95,"lower_bound":-0.0742347841750968,"upper_bound":-0.05721422206426166},"point_estimate":-0.06563921084399627,"standard_error":0.004338394016936855},"median":{"confidence_interval":{"confidence_level":0.95,"lower_bound":-0.07436685857995617,"upper_bound":-0.05747455642547128},"point_estimate":-0.06508760707750127,"standard_error":0.004389190547739263}}