{"mean":{"confidence_interval":{"confidence_level":0.95,"lower_bound":0.011142124415107795,"upper_bound":0.023087438838800312},"point_estimate":0.01694227799076531,"standard_error":0.0030385923277354877},"median":{"confidence_interval":{"confidence_level":0.95,"lower_bound":0.01074179097508643,"upper_bound":0.021824666647658475},"point_estimate":0.015266551850289467,"standard_error":0.002523764166449075}}