{"mean":{"confidence_interval":{"confidence_level":0.95,"lower_bound":-0.04405966954485326,"upper_bound":-0.02788566196046732},"point_estimate":-0.03465459068606802,"standard_error":0.0041763870335874975},"median":{"confidence_interval":{"confidence_level":0.95,"lower_bound":-0.039599995789388776,"upper_bound":-0.030775613748705223},"point_estimate":-0.035381715689997706,"standard_error":0.002332676425859944}}