{"mean":{"confidence_interval":{"confidence_level":0.95,"lower_bound":0.027587928918188915,"upper_bound":0.05255132083357138},"point_estimate":0.04017799212454243,"standard_error":0.006375197276030277},"median":{"confidence_interval":{"confidence_level":0.95,"lower_bound":0.021642660596793872,"upper_bound":0.05424349615422308},"point_estimate":0.03888591779497608,"standard_error":0.007187012820871146}}