{"mean":{"confidence_interval":{"confidence_level":0.95,"lower_bound":-0.053448428711988114,"upper_bound":-0.029369429940962904},"point_estimate":-0.0410726599585316,"standard_error":0.00620281522860412},"median":{"confidence_interval":{"confidence_level":0.95,"lower_bound":-0.053178991127474484,"upper_bound":-0.02584723894705676},"point_estimate":-0.03459443327702694,"standard_error":0.007229820260260748}}