{"mean":{"confidence_interval":{"confidence_level":0.95,"lower_bound":-0.03877781401455863,"upper_bound":-0.02223713289637226},"point_estimate":-0.030739700951368465,"standard_error":0.0042332542168243194},"median":{"confidence_interval":{"confidence_level":0.95,"lower_bound":-0.035438508388261014,"upper_bound":-0.011657587398476776},"point_estimate":-0.0283093455073562,"standard_error":0.005420741155189321}}