{"mean":{"confidence_interval":{"confidence_level":0.95,"lower_bound":0.013387701817112031,"upper_bound":0.027803905452157295},"point_estimate":0.020735881781378973,"standard_error":0.0036219647894732577},"median":{"confidence_interval":{"confidence_level":0.95,"lower_bound":0.013924322054494676,"upper_bound":0.028444917232445806},"point_estimate":0.01937754789729751,"standard_error":0.0037591131590381547}}