{"mean":{"confidence_interval":{"confidence_level":0.95,"lower_bound":-0.0012024179279499154,"upper_bound":0.023994558724910967},"point_estimate":0.011331885578408807,"standard_error":0.006372083616071849},"median":{"confidence_interval":{"confidence_level":0.95,"lower_bound":-0.007160360175209823,"upper_bound":0.02681382847760494},"point_estimate":0.009104285304702309,"standard_error":0.009132723325680735}}