{"mean":{"confidence_interval":{"confidence_level":0.95,"lower_bound":0.0036255329118881304,"upper_bound":0.016072079696547732},"point_estimate":0.009741016270837344,"standard_error":0.0031800278977194203},"median":{"confidence_interval":{"confidence_level":0.95,"lower_bound":0.002071668499961321,"upper_bound":0.015449509015792895},"point_estimate":0.010154259511482078,"standard_error":0.003317385487440079}}