{"mean":{"confidence_interval":{"confidence_level":0.95,"lower_bound":-0.016989082863739267,"upper_bound":0.0077673890354784825},"point_estimate":-0.00350875075759316,"standard_error":0.00632435817496197},"median":{"confidence_interval":{"confidence_level":0.95,"lower_bound":-0.02019316010939276,"upper_bound":0.014660788092688115},"point_estimate":0.00031909889854264684,"standard_error":0.009730715074071299}}