{"mean":{"confidence_interval":{"confidence_level":0.95,"lower_bound":0.048186974634111465,"upper_bound":0.051712659201900026},"point_estimate":0.049760432338193494,"standard_error":0.0009089421589347096},"median":{"confidence_interval":{"confidence_level":0.95,"lower_bound":0.046806341863624645,"upper_bound":0.05018929280357787},"point_estimate":0.048176001263121826,"standard_error":0.0010954161916144547}}