{"mean":{"confidence_interval":{"confidence_level":0.95,"lower_bound":-0.07828659024954798,"upper_bound":-0.0664782855011739},"point_estimate":-0.07316593011843042,"standard_error":0.003021673222874828},"median":{"confidence_interval":{"confidence_level":0.95,"lower_bound":-0.07723775298209823,"upper_bound":-0.07292213449567886},"point_estimate":-0.07499647099041262,"standard_error":0.0013004720601234518}}