{"mean":{"confidence_interval":{"confidence_level":0.95,"lower_bound":27936828.163472224,"upper_bound":28800508.989027772},"point_estimate":28371354.716666665,"standard_error":220882.2887638307},"median":{"confidence_interval":{"confidence_level":0.95,"lower_bound":27799628.833333336,"upper_bound":29086866.416666664},"point_estimate":28390884.666666668,"standard_error":313541.6671925514},"median_abs_dev":{"confidence_interval":{"confidence_level":0.95,"lower_bound":646410.1291239308,"upper_bound":1858943.1509971619},"point_estimate":1135373.5772430897,"standard_error":304730.36339940404},"slope":null,"std_dev":{"confidence_interval":{"confidence_level":0.95,"lower_bound":932547.9643783601,"upper_bound":1471139.9836689627},"point_estimate":1233440.6507549307,"standard_error":137826.54297356366}}