{"mean":{"confidence_interval":{"confidence_level":0.95,"lower_bound":28719411.326625,"upper_bound":29574156.380375},"point_estimate":29154020.5,"standard_error":217909.27581864112},"median":{"confidence_interval":{"confidence_level":0.95,"lower_bound":28879063.0,"upper_bound":29836271.75},"point_estimate":29216168.75,"standard_error":242747.93387528634},"median_abs_dev":{"confidence_interval":{"confidence_level":0.95,"lower_bound":1449068.5382501408,"upper_bound":2652217.7092224727},"point_estimate":2168073.7704589963,"standard_error":325637.8959009204},"slope":null,"std_dev":{"confidence_interval":{"confidence_level":0.95,"lower_bound":1828207.628336094,"upper_bound":2543952.943805903},"point_estimate":2186814.6277028513,"standard_error":183415.2377273077}}