{"mean":{"confidence_interval":{"confidence_level":0.95,"lower_bound":27332729.678333342,"upper_bound":28176896.88880953},"point_estimate":27756884.371428568,"standard_error":215902.4108755373},"median":{"confidence_interval":{"confidence_level":0.95,"lower_bound":27461237.214285716,"upper_bound":28285004.785714284},"point_estimate":27896107.0,"standard_error":230538.74707841495},"median_abs_dev":{"confidence_interval":{"confidence_level":0.95,"lower_bound":612825.2861201763,"upper_bound":1886635.0474055277},"point_estimate":1365524.031057104,"standard_error":336333.8343034977},"slope":null,"std_dev":{"confidence_interval":{"confidence_level":0.95,"lower_bound":939972.0235484856,"upper_bound":1414709.6726784413},"point_estimate":1208818.4449779459,"standard_error":121554.09268010998}}