{"mean":{"confidence_interval":{"confidence_level":0.95,"lower_bound":27087427.784374997,"upper_bound":28014009.534375},"point_estimate":27555959.235,"standard_error":236121.90742154885},"median":{"confidence_interval":{"confidence_level":0.95,"lower_bound":27317973.5,"upper_bound":28445197.5},"point_estimate":27961240.0,"standard_error":302516.3325481635},"median_abs_dev":{"confidence_interval":{"confidence_level":0.95,"lower_bound":1769138.734741509,"upper_bound":2824508.2522049546},"point_estimate":2349947.6450800896,"standard_error":273153.95950636483},"slope":null,"std_dev":{"confidence_interval":{"confidence_level":0.95,"lower_bound":2019854.9446624287,"upper_bound":2697070.7388228555},"point_estimate":2370341.363465249,"standard_error":174245.94050126988}}