{"mean":{"confidence_interval":{"confidence_level":0.95,"lower_bound":111027205.71425,"upper_bound":112528050.09425001},"point_estimate":111778133.42,"standard_error":382615.8264992345},"median":{"confidence_interval":{"confidence_level":0.95,"lower_bound":111419133.0,"upper_bound":112852278.0},"point_estimate":112329985.0,"standard_error":457894.9990006918},"median_abs_dev":{"confidence_interval":{"confidence_level":0.95,"lower_bound":2068139.4898831844,"upper_bound":3834663.288921118},"point_estimate":3046103.9453208447,"standard_error":439443.44035518053},"slope":null,"std_dev":{"confidence_interval":{"confidence_level":0.95,"lower_bound":3137652.1270010383,"upper_bound":4476481.070040976},"point_estimate":3829540.037073356,"standard_error":342847.90253012883}}