{"mean":{"confidence_interval":{"confidence_level":0.95,"lower_bound":110400776.822,"upper_bound":111488440.99075},"point_estimate":110944110.61,"standard_error":276949.098724563},"median":{"confidence_interval":{"confidence_level":0.95,"lower_bound":110079548.0,"upper_bound":111913466.0},"point_estimate":110989481.0,"standard_error":486122.07099576195},"median_abs_dev":{"confidence_interval":{"confidence_level":0.95,"lower_bound":2482489.117527008,"upper_bound":3742336.599460244},"point_estimate":3281779.519736767,"standard_error":328770.8454358769},"slope":null,"std_dev":{"confidence_interval":{"confidence_level":0.95,"lower_bound":2411406.5355185787,"upper_bound":3151418.291741959},"point_estimate":2789703.6118780533,"standard_error":188906.20937337124}}