{"mean":{"confidence_interval":{"confidence_level":0.95,"lower_bound":112864942.75074999,"upper_bound":113979303.1475},"point_estimate":113425831.04,"standard_error":283654.3625959009},"median":{"confidence_interval":{"confidence_level":0.95,"lower_bound":112658379.0,"upper_bound":114329262.0},"point_estimate":113498584.5,"standard_error":487505.7643062743},"median_abs_dev":{"confidence_interval":{"confidence_level":0.95,"lower_bound":2313778.173187227,"upper_bound":3542806.812402606},"point_estimate":2724118.8134372234,"standard_error":315710.1923893099},"slope":null,"std_dev":{"confidence_interval":{"confidence_level":0.95,"lower_bound":2463032.9914312186,"upper_bound":3189702.472428873},"point_estimate":2847763.425733622,"standard_error":185313.37504040002}}