{"mean":{"confidence_interval":{"confidence_level":0.95,"lower_bound":8713924.98075,"upper_bound":8775558.45775},"point_estimate":8744224.89,"standard_error":15687.483062093428},"median":{"confidence_interval":{"confidence_level":0.95,"lower_bound":8692740.0,"upper_bound":8758877.0},"point_estimate":8723555.5,"standard_error":15704.590976877531},"median_abs_dev":{"confidence_interval":{"confidence_level":0.95,"lower_bound":106475.88230967522,"upper_bound":210582.56986141205},"point_estimate":154721.90935313702,"standard_error":27359.192103583977},"slope":null,"std_dev":{"confidence_interval":{"confidence_level":0.95,"lower_bound":135075.38144722517,"upper_bound":177950.55937535377},"point_estimate":157421.84925218506,"standard_error":10979.095899968901}}