{"mean":{"confidence_interval":{"confidence_level":0.95,"lower_bound":35928276.54801588,"upper_bound":36253674.22},"point_estimate":36084763.25551587,"standard_error":83027.001109737},"median":{"confidence_interval":{"confidence_level":0.95,"lower_bound":35900643.0,"upper_bound":36295590.5125},"point_estimate":36063969.9,"standard_error":83643.11917918708},"median_abs_dev":{"confidence_interval":{"confidence_level":0.95,"lower_bound":12180.633668752735,"upper_bound":520043.6608573772},"point_estimate":202285.31677538843,"standard_error":126140.02848708317},"slope":{"confidence_interval":{"confidence_level":0.95,"lower_bound":35967177.75152194,"upper_bound":36347037.06276151},"point_estimate":36171732.92727273,"standard_error":101912.74013201405},"std_dev":{"confidence_interval":{"confidence_level":0.95,"lower_bound":131356.9449942306,"upper_bound":353269.0820897572},"point_estimate":276714.78844291245,"standard_error":56244.67402633739}}