{"mean":{"confidence_interval":{"confidence_level":0.95,"lower_bound":9144222.547,"upper_bound":9252133.904},"point_estimate":9196078.52,"standard_error":27606.873953455186},"median":{"confidence_interval":{"confidence_level":0.95,"lower_bound":9094285.5,"upper_bound":9196040.0},"point_estimate":9140688.5,"standard_error":24911.536653813757},"median_abs_dev":{"confidence_interval":{"confidence_level":0.95,"lower_bound":167625.7182240486,"upper_bound":290505.08664250374},"point_estimate":226903.7716716528,"standard_error":31475.05106534701},"slope":null,"std_dev":{"confidence_interval":{"confidence_level":0.95,"lower_bound":209034.59712060608,"upper_bound":355347.3401680335},"point_estimate":277690.2013101039,"standard_error":39122.86454911053}}