{"mean":{"confidence_interval":{"confidence_level":0.95,"lower_bound":-0.009801361001115724,"upper_bound":0.005447302360202265},"point_estimate":-0.0020043206100467392,"standard_error":0.003872215341958556},"median":{"confidence_interval":{"confidence_level":0.95,"lower_bound":-0.012755615222952765,"upper_bound":0.0037060738005831872},"point_estimate":-0.005429776244269657,"standard_error":0.003928570170772686}}