{"mean":{"confidence_interval":{"confidence_level":0.95,"lower_bound":0.012619913406909667,"upper_bound":0.052808485789468236},"point_estimate":0.0336957298256535,"standard_error":0.010263861826306599},"median":{"confidence_interval":{"confidence_level":0.95,"lower_bound":0.023106852359155994,"upper_bound":0.052536417666167345},"point_estimate":0.036721856968113364,"standard_error":0.007253163654375918}}