{"mean":{"confidence_interval":{"confidence_level":0.95,"lower_bound":-0.013165547366410527,"upper_bound":0.030117655402421426},"point_estimate":0.007436459682848229,"standard_error":0.011022398648515461},"median":{"confidence_interval":{"confidence_level":0.95,"lower_bound":-0.013068552182075921,"upper_bound":0.023264541565223285},"point_estimate":0.007743235035112095,"standard_error":0.009279171679771913}}