{"mean":{"confidence_interval":{"confidence_level":0.95,"lower_bound":-0.03952839358108737,"upper_bound":-0.019766722704661364},"point_estimate":-0.029462046270834708,"standard_error":0.004971119457781346},"median":{"confidence_interval":{"confidence_level":0.95,"lower_bound":-0.04055449608748507,"upper_bound":-0.020535477571450023},"point_estimate":-0.026120104583270742,"standard_error":0.005004391509187824}}