{"mean":{"confidence_interval":{"confidence_level":0.95,"lower_bound":0.01973606750897843,"upper_bound":0.034823292684796864},"point_estimate":0.027191055943317277,"standard_error":0.0038466098314945065},"median":{"confidence_interval":{"confidence_level":0.95,"lower_bound":0.018228240389816186,"upper_bound":0.037103795353860304},"point_estimate":0.02725733408284814,"standard_error":0.004728492326829712}}