{"mean":{"confidence_interval":{"confidence_level":0.95,"lower_bound":-0.007842708332156787,"upper_bound":0.009040966080271218},"point_estimate":0.0010864389502629468,"standard_error":0.00430151548851029},"median":{"confidence_interval":{"confidence_level":0.95,"lower_bound":-0.006348915956387424,"upper_bound":0.011721549336523696},"point_estimate":0.001912541724087724,"standard_error":0.004532228750535319}}