{"mean":{"confidence_interval":{"confidence_level":0.95,"lower_bound":0.01857437776840498,"upper_bound":0.03864986563709143},"point_estimate":0.028332569392331308,"standard_error":0.005149185454185553},"median":{"confidence_interval":{"confidence_level":0.95,"lower_bound":0.0123250301235025,"upper_bound":0.03818184824613158},"point_estimate":0.01983242877894753,"standard_error":0.006651295084281031}}