{"mean":{"confidence_interval":{"confidence_level":0.95,"lower_bound":-0.024491986514048707,"upper_bound":-0.011038593374610071},"point_estimate":-0.01798170019568035,"standard_error":0.003425468552252444},"median":{"confidence_interval":{"confidence_level":0.95,"lower_bound":-0.025951243911310207,"upper_bound":-0.008730176560254432},"point_estimate":-0.016923254121279374,"standard_error":0.004592039771256643}}