{"mean":{"confidence_interval":{"confidence_level":0.95,"lower_bound":-0.03458274591750007,"upper_bound":-0.019382013294875742},"point_estimate":-0.026668324324658377,"standard_error":0.0038791869788189336},"median":{"confidence_interval":{"confidence_level":0.95,"lower_bound":-0.03560710078831322,"upper_bound":-0.011947637030792602},"point_estimate":-0.020162910431725356,"standard_error":0.005981923838535854}}