{"mean":{"confidence_interval":{"confidence_level":0.95,"lower_bound":217313138.23333335,"upper_bound":220748602.4666667},"point_estimate":218999774.8,"standard_error":878246.1731560307},"median":{"confidence_interval":{"confidence_level":0.95,"lower_bound":216307610.0,"upper_bound":221191848.8333333},"point_estimate":219160191.5,"standard_error":1067148.826378886},"median_abs_dev":{"confidence_interval":{"confidence_level":0.95,"lower_bound":513619.57988141495,"upper_bound":5203706.4828157425},"point_estimate":2858663.0313485786,"standard_error":1267663.4010758034},"slope":null,"std_dev":{"confidence_interval":{"confidence_level":0.95,"lower_bound":1612518.680491585,"upper_bound":3743714.799576323},"point_estimate":2931439.4416452358,"standard_error":553001.1288352103}}