{"mean":{"confidence_interval":{"confidence_level":0.95,"lower_bound":219461661.4433333,"upper_bound":222159421.46750003},"point_estimate":220864363.83333334,"standard_error":692881.5227745929},"median":{"confidence_interval":{"confidence_level":0.95,"lower_bound":218862462.0,"upper_bound":222290414.66666666},"point_estimate":221653807.6666667,"standard_error":874000.1132801743},"median_abs_dev":{"confidence_interval":{"confidence_level":0.95,"lower_bound":186349.4732916355,"upper_bound":3960122.87549378},"point_estimate":1492236.3793074938,"standard_error":1017030.5240891423},"slope":null,"std_dev":{"confidence_interval":{"confidence_level":0.95,"lower_bound":1143822.2470696452,"upper_bound":2976735.85883774},"point_estimate":2317451.392636211,"standard_error":464821.8970936366}}