{"mean":{"confidence_interval":{"confidence_level":0.95,"lower_bound":223262626.41825,"upper_bound":224852561.6995},"point_estimate":224071503.9,"standard_error":406148.20476005814},"median":{"confidence_interval":{"confidence_level":0.95,"lower_bound":223990161.0,"upper_bound":225707450.0},"point_estimate":224914934.5,"standard_error":404488.6131782558},"median_abs_dev":{"confidence_interval":{"confidence_level":0.95,"lower_bound":2451259.6316814423,"upper_bound":4488172.600919008},"point_estimate":3235550.5699574947,"standard_error":527193.5185147785},"slope":null,"std_dev":{"confidence_interval":{"confidence_level":0.95,"lower_bound":3407666.4540506247,"upper_bound":4698393.852789281},"point_estimate":4085619.0984087777,"standard_error":328580.1098233652}}