{"mean":{"confidence_interval":{"confidence_level":0.95,"lower_bound":225386947.20775,"upper_bound":227563947.60925},"point_estimate":226496417.3,"standard_error":556107.1231370736},"median":{"confidence_interval":{"confidence_level":0.95,"lower_bound":226134369.0,"upper_bound":228619084.5},"point_estimate":227670559.0,"standard_error":681816.5150704081},"median_abs_dev":{"confidence_interval":{"confidence_level":0.95,"lower_bound":3696619.146671891,"upper_bound":6169314.950072765},"point_estimate":5033286.06364131,"standard_error":631816.1113180013},"slope":null,"std_dev":{"confidence_interval":{"confidence_level":0.95,"lower_bound":4695841.299957733,"upper_bound":6394880.377953974},"point_estimate":5597474.026850036,"standard_error":433155.55009423185}}