{"mean":{"confidence_interval":{"confidence_level":0.95,"lower_bound":228500354.80875,"upper_bound":232088625.645},"point_estimate":230432332.4,"standard_error":918826.9891429191},"median":{"confidence_interval":{"confidence_level":0.95,"lower_bound":228765901.5,"upper_bound":232816041.0},"point_estimate":230430928.75,"standard_error":964648.8552312712},"median_abs_dev":{"confidence_interval":{"confidence_level":0.95,"lower_bound":193834.00860875845,"upper_bound":4993416.355799139},"point_estimate":2607909.6623003483,"standard_error":1128842.8632732017},"slope":null,"std_dev":{"confidence_interval":{"confidence_level":0.95,"lower_bound":1418182.5381140164,"upper_bound":4173151.418611523},"point_estimate":3050358.4613129287,"standard_error":784449.9494146277}}