{"mean":{"confidence_interval":{"confidence_level":0.95,"lower_bound":224295700.48,"upper_bound":226774130.93875},"point_estimate":225549068.65,"standard_error":629471.2478167991},"median":{"confidence_interval":{"confidence_level":0.95,"lower_bound":224320533.5,"upper_bound":226755949.0},"point_estimate":225795916.0,"standard_error":620058.0899608973},"median_abs_dev":{"confidence_interval":{"confidence_level":0.95,"lower_bound":336671.0259228945,"upper_bound":3552494.4912806153},"point_estimate":1606376.3150811195,"standard_error":778206.9290459674},"slope":null,"std_dev":{"confidence_interval":{"confidence_level":0.95,"lower_bound":907862.5486051794,"upper_bound":2829245.3385604806},"point_estimate":2088614.6332545949,"standard_error":493297.9030344002}}