{"mean":{"confidence_interval":{"confidence_level":0.95,"lower_bound":-0.03314304832266114,"upper_bound":-0.027465419742307078},"point_estimate":-0.030156841124375888,"standard_error":0.0014490534951404196},"median":{"confidence_interval":{"confidence_level":0.95,"lower_bound":-0.03241513049796734,"upper_bound":-0.026716686072621454},"point_estimate":-0.029539780730987064,"standard_error":0.0013578718717487913}}