{"mean":{"confidence_interval":{"confidence_level":0.95,"lower_bound":0.00008302935570281309,"upper_bound":0.008110665729828414},"point_estimate":0.004000042884706678,"standard_error":0.0020526499292642325},"median":{"confidence_interval":{"confidence_level":0.95,"lower_bound":-0.000568416626663848,"upper_bound":0.007380115770979412},"point_estimate":0.004105662136543176,"standard_error":0.0020941470218724485}}