{"mean":{"confidence_interval":{"confidence_level":0.95,"lower_bound":0.021938689230723726,"upper_bound":0.028030648060248693},"point_estimate":0.025094414078743466,"standard_error":0.0015498328733381103},"median":{"confidence_interval":{"confidence_level":0.95,"lower_bound":0.021807657512620482,"upper_bound":0.028193579290908266},"point_estimate":0.025803420320490433,"standard_error":0.0015603090606273557}}