{"mean":{"confidence_interval":{"confidence_level":0.95,"lower_bound":-0.262442811500781,"upper_bound":-0.25806504780286404},"point_estimate":-0.26024803400751506,"standard_error":0.0011307012894302957},"median":{"confidence_interval":{"confidence_level":0.95,"lower_bound":-0.2634303352738465,"upper_bound":-0.25812017815283594},"point_estimate":-0.2599419987008954,"standard_error":0.001334492190429792}}