{"mean":{"confidence_interval":{"confidence_level":0.95,"lower_bound":-0.020268597757198286,"upper_bound":-0.01589256656368777},"point_estimate":-0.018093540461141755,"standard_error":0.0011113357535274162},"median":{"confidence_interval":{"confidence_level":0.95,"lower_bound":-0.019915215896333605,"upper_bound":-0.015464083696280828},"point_estimate":-0.018746490154128326,"standard_error":0.0011683945262256615}}