{"mean":{"confidence_interval":{"confidence_level":0.95,"lower_bound":0.11494772715795541,"upper_bound":0.12363252434470633},"point_estimate":0.11937012492116494,"standard_error":0.0022258019851401907},"median":{"confidence_interval":{"confidence_level":0.95,"lower_bound":0.11354896493024969,"upper_bound":0.12483854351705892},"point_estimate":0.11989361084370787,"standard_error":0.002842796212585983}}