{"mean":{"confidence_interval":{"confidence_level":0.95,"lower_bound":-0.05681648165910392,"upper_bound":-0.049948515914837614},"point_estimate":-0.05304044191471102,"standard_error":0.0017606994757824001},"median":{"confidence_interval":{"confidence_level":0.95,"lower_bound":-0.05460989085188195,"upper_bound":-0.04895888185704789},"point_estimate":-0.05248361185902983,"standard_error":0.0015847860389758704}}