{"mean":{"confidence_interval":{"confidence_level":0.95,"lower_bound":-0.0026386837139072356,"upper_bound":0.004447948171028565},"point_estimate":0.0005505263999832088,"standard_error":0.001804625994807406},"median":{"confidence_interval":{"confidence_level":0.95,"lower_bound":-0.004675061545034276,"upper_bound":0.005368828963689953},"point_estimate":-0.0006260947837649633,"standard_error":0.0025461156556622587}}