{"mean":{"confidence_interval":{"confidence_level":0.95,"lower_bound":-0.05700824267899345,"upper_bound":-0.051097933968763255},"point_estimate":-0.0541176019691032,"standard_error":0.0015119205169898705},"median":{"confidence_interval":{"confidence_level":0.95,"lower_bound":-0.05906278768783135,"upper_bound":-0.051801485203470166},"point_estimate":-0.05626095330161718,"standard_error":0.0017195748797856432}}