{"mean":{"confidence_interval":{"confidence_level":0.95,"lower_bound":0.0477129331159195,"upper_bound":0.0530367603722689},"point_estimate":0.05014945529102732,"standard_error":0.0013755793500424384},"median":{"confidence_interval":{"confidence_level":0.95,"lower_bound":0.0466708248838652,"upper_bound":0.05238685375239949},"point_estimate":0.048641834758454516,"standard_error":0.001575397190834584}}