{"mean":{"confidence_interval":{"confidence_level":0.95,"lower_bound":-0.005737488584837738,"upper_bound":-0.002199336494942781},"point_estimate":-0.004126616387535198,"standard_error":0.0009020792269175039},"median":{"confidence_interval":{"confidence_level":0.95,"lower_bound":-0.007185418813892202,"upper_bound":-0.005345982754277778},"point_estimate":-0.006244335458935102,"standard_error":0.000491147731310921}}