{"mean":{"confidence_interval":{"confidence_level":0.95,"lower_bound":-0.057319558442869734,"upper_bound":-0.04934015315578619},"point_estimate":-0.05305061835398017,"standard_error":0.002052335688011441},"median":{"confidence_interval":{"confidence_level":0.95,"lower_bound":-0.05620553647142901,"upper_bound":-0.04727680083086705},"point_estimate":-0.05252083293216947,"standard_error":0.002053922325300977}}