{"mean":{"confidence_interval":{"confidence_level":0.95,"lower_bound":0.004949185642355586,"upper_bound":0.008467466769458004},"point_estimate":0.0068122264584999925,"standard_error":0.0008971826586509105},"median":{"confidence_interval":{"confidence_level":0.95,"lower_bound":0.009585654081110784,"upper_bound":0.011653564683402395},"point_estimate":0.010728432054180503,"standard_error":0.0005253779804687157}}