{"mean":{"confidence_interval":{"confidence_level":0.95,"lower_bound":0.0006268597175019708,"upper_bound":0.009609511764922609},"point_estimate":0.005168044333360378,"standard_error":0.002302929216304383},"median":{"confidence_interval":{"confidence_level":0.95,"lower_bound":-0.0003755528786006934,"upper_bound":0.013355215343533455},"point_estimate":0.00593848547632847,"standard_error":0.004464300153450756}}