{"mean":{"confidence_interval":{"confidence_level":0.95,"lower_bound":0.0008371520346440954,"upper_bound":0.008142527060309953},"point_estimate":0.004205380221875776,"standard_error":0.001900229830053936},"median":{"confidence_interval":{"confidence_level":0.95,"lower_bound":-0.0007752040522699399,"upper_bound":0.00718983954093079},"point_estimate":0.0036937067202311713,"standard_error":0.0019892694115699653}}