{"mean":{"confidence_interval":{"confidence_level":0.95,"lower_bound":-0.03923631077109757,"upper_bound":-0.03597135217203912},"point_estimate":-0.037667134741339314,"standard_error":0.0008358858885225866},"median":{"confidence_interval":{"confidence_level":0.95,"lower_bound":-0.0405318828846466,"upper_bound":-0.036732291751095714},"point_estimate":-0.03945364233136972,"standard_error":0.0009517000329444653}}