{"mean":{"confidence_interval":{"confidence_level":0.95,"lower_bound":-0.014058787494655908,"upper_bound":-0.010375729601055192},"point_estimate":-0.012333256209543952,"standard_error":0.0009346094381405635},"median":{"confidence_interval":{"confidence_level":0.95,"lower_bound":-0.015887473583534747,"upper_bound":-0.013435072999347097},"point_estimate":-0.014537212578379921,"standard_error":0.0006149777784223503}}