{"mean":{"confidence_interval":{"confidence_level":0.95,"lower_bound":0.046829609175918684,"upper_bound":0.053315140125395025},"point_estimate":0.0501350163183214,"standard_error":0.0016550305345470779},"median":{"confidence_interval":{"confidence_level":0.95,"lower_bound":0.04548521244817372,"upper_bound":0.05449243353782629},"point_estimate":0.05168569406914658,"standard_error":0.0021186303405353723}}