{"mean":{"confidence_interval":{"confidence_level":0.95,"lower_bound":-0.013410923712566417,"upper_bound":0.030470819020192247},"point_estimate":0.007748685091740759,"standard_error":0.011131471800011615},"median":{"confidence_interval":{"confidence_level":0.95,"lower_bound":-0.010032175669862808,"upper_bound":0.05391251563844168},"point_estimate":0.027140660284296292,"standard_error":0.016713172514879283}}