{"mean":{"confidence_interval":{"confidence_level":0.95,"lower_bound":-0.026129032600830968,"upper_bound":0.04050300191378639},"point_estimate":0.012883951088273449,"standard_error":0.016927628475413296},"median":{"confidence_interval":{"confidence_level":0.95,"lower_bound":-0.01198096342713717,"upper_bound":0.05238281112508192},"point_estimate":0.02778651526815823,"standard_error":0.016655918387997147}}