{"mean":{"confidence_interval":{"confidence_level":0.95,"lower_bound":-0.0006823026820085423,"upper_bound":0.04357476758338274},"point_estimate":0.022137583491560697,"standard_error":0.01125690162909739},"median":{"confidence_interval":{"confidence_level":0.95,"lower_bound":-0.009417995913792887,"upper_bound":0.045921944756751376},"point_estimate":0.017736441384694546,"standard_error":0.01405305013641049}}