{"mean":{"confidence_interval":{"confidence_level":0.95,"lower_bound":0.05800009803523431,"upper_bound":0.09978228733600565},"point_estimate":0.0792891189512579,"standard_error":0.010610239390837125},"median":{"confidence_interval":{"confidence_level":0.95,"lower_bound":0.047820295036726135,"upper_bound":0.09244657267803746},"point_estimate":0.0710201723173085,"standard_error":0.011563820751695394}}