{"mean":{"confidence_interval":{"confidence_level":0.95,"lower_bound":-0.05467639369869617,"upper_bound":-0.017936504199719414},"point_estimate":-0.03620821585621403,"standard_error":0.009390253495131489},"median":{"confidence_interval":{"confidence_level":0.95,"lower_bound":-0.06722619317934986,"upper_bound":-0.006851940166510917},"point_estimate":-0.04115682733434278,"standard_error":0.015301081824072874}}