{"mean":{"confidence_interval":{"confidence_level":0.95,"lower_bound":0.00044580267976316245,"upper_bound":0.04383750975819356},"point_estimate":0.022103056423758316,"standard_error":0.010925284841898775},"median":{"confidence_interval":{"confidence_level":0.95,"lower_bound":0.0032299890236428897,"upper_bound":0.049472363739198943},"point_estimate":0.026328478945580658,"standard_error":0.01105854923742802}}