{"mean":{"confidence_interval":{"confidence_level":0.95,"lower_bound":-0.032584243038409205,"upper_bound":0.005956631653641413},"point_estimate":-0.013039084107874355,"standard_error":0.009845241088119993},"median":{"confidence_interval":{"confidence_level":0.95,"lower_bound":-0.03329466631070499,"upper_bound":0.015443311810646527},"point_estimate":-0.01377633353840435,"standard_error":0.012340094751735923}}