{"mean":{"confidence_interval":{"confidence_level":0.95,"lower_bound":-0.027436656640816265,"upper_bound":0.015032414056096483},"point_estimate":-0.00678065943582451,"standard_error":0.010809256893827352},"median":{"confidence_interval":{"confidence_level":0.95,"lower_bound":-0.03284417191850819,"upper_bound":0.014612840628424939},"point_estimate":-0.010778000188832793,"standard_error":0.012292940179716856}}