{"mean":{"confidence_interval":{"confidence_level":0.95,"lower_bound":-0.08670884164335241,"upper_bound":-0.026296106244660545},"point_estimate":-0.06104948177174019,"standard_error":0.015521369927020112},"median":{"confidence_interval":{"confidence_level":0.95,"lower_bound":-0.09010998905381895,"upper_bound":-0.041765535858668046},"point_estimate":-0.07192196210409363,"standard_error":0.012248796858446648}}