{"mean":{"confidence_interval":{"confidence_level":0.95,"lower_bound":55678660.90675,"upper_bound":56850517.24675},"point_estimate":56271496.4,"standard_error":298147.050977275},"median":{"confidence_interval":{"confidence_level":0.95,"lower_bound":55731620.5,"upper_bound":57374497.0},"point_estimate":56890163.5,"standard_error":466154.2713028217},"median_abs_dev":{"confidence_interval":{"confidence_level":0.95,"lower_bound":2214738.9752805233,"upper_bound":3535590.2570307255},"point_estimate":2887820.089530945,"standard_error":331819.45221188455},"slope":null,"std_dev":{"confidence_interval":{"confidence_level":0.95,"lower_bound":2586694.4707745,"upper_bound":3339613.6868205536},"point_estimate":2990455.863452959,"standard_error":192133.73416715485}}