{"mean":{"confidence_interval":{"confidence_level":0.95,"lower_bound":53890896.206499994,"upper_bound":54934283.675249994},"point_estimate":54422642.13,"standard_error":267091.49626616907},"median":{"confidence_interval":{"confidence_level":0.95,"lower_bound":54127350.0,"upper_bound":55425753.5},"point_estimate":54850113.5,"standard_error":315367.2015354706},"median_abs_dev":{"confidence_interval":{"confidence_level":0.95,"lower_bound":1843499.6483713388,"upper_bound":2888439.8163199425},"point_estimate":2452966.1042511463,"standard_error":259582.46065205432},"slope":null,"std_dev":{"confidence_interval":{"confidence_level":0.95,"lower_bound":2222026.690835095,"upper_bound":3100367.844692319},"point_estimate":2685987.947295309,"standard_error":223984.9617122413}}