{"mean":{"confidence_interval":{"confidence_level":0.95,"lower_bound":55967037.164749995,"upper_bound":57183531.124},"point_estimate":56582998.64,"standard_error":311026.73055062594},"median":{"confidence_interval":{"confidence_level":0.95,"lower_bound":56041067.0,"upper_bound":57760976.0},"point_estimate":56774882.0,"standard_error":428061.6079119296},"median_abs_dev":{"confidence_interval":{"confidence_level":0.95,"lower_bound":2743162.068799138,"upper_bound":4308401.423710585},"point_estimate":3601233.112165332,"standard_error":394352.8166133362},"slope":null,"std_dev":{"confidence_interval":{"confidence_level":0.95,"lower_bound":2745666.8068746063,"upper_bound":3462078.7117995},"point_estimate":3126155.831581348,"standard_error":183233.90746012825}}