{"mean":{"confidence_interval":{"confidence_level":0.95,"lower_bound":98289590.29275,"upper_bound":100555834.22975},"point_estimate":99438900.68,"standard_error":577581.6541416324},"median":{"confidence_interval":{"confidence_level":0.95,"lower_bound":98767696.0,"upper_bound":102185160.0},"point_estimate":100523358.5,"standard_error":809800.3780765977},"median_abs_dev":{"confidence_interval":{"confidence_level":0.95,"lower_bound":4222234.937140346,"upper_bound":7363630.030569434},"point_estimate":5604216.781005263,"standard_error":805823.1231644942},"slope":null,"std_dev":{"confidence_interval":{"confidence_level":0.95,"lower_bound":4930178.795655105,"upper_bound":6544719.7254247},"point_estimate":5792476.400439354,"standard_error":412281.6624394004}}