{"mean":{"confidence_interval":{"confidence_level":0.95,"lower_bound":102739155.28375,"upper_bound":104595720.30549999},"point_estimate":103698189.6,"standard_error":475475.1891751915},"median":{"confidence_interval":{"confidence_level":0.95,"lower_bound":104029874.0,"upper_bound":105777722.0},"point_estimate":104839377.0,"standard_error":493777.1825143715},"median_abs_dev":{"confidence_interval":{"confidence_level":0.95,"lower_bound":2440545.622971654,"upper_bound":4670153.834310692},"point_estimate":3548766.122996807,"standard_error":601924.0556318186},"slope":null,"std_dev":{"confidence_interval":{"confidence_level":0.95,"lower_bound":3788769.363087584,"upper_bound":5744322.343249605},"point_estimate":4779626.0800743,"standard_error":500581.8766712737}}