{"mean":{"confidence_interval":{"confidence_level":0.95,"lower_bound":-0.07063000539937397,"upper_bound":-0.052207275165988644},"point_estimate":-0.061763829825774885,"standard_error":0.00474746856998056},"median":{"confidence_interval":{"confidence_level":0.95,"lower_bound":-0.0733966660398383,"upper_bound":-0.05151848769686296},"point_estimate":-0.06269189476992043,"standard_error":0.005980092826095398}}