{"mean":{"confidence_interval":{"confidence_level":0.95,"lower_bound":0.008723749636350444,"upper_bound":0.01887924613138161},"point_estimate":0.013897899948979386,"standard_error":0.0025901576735468624},"median":{"confidence_interval":{"confidence_level":0.95,"lower_bound":0.005934489309158852,"upper_bound":0.019491721962925545},"point_estimate":0.010587426195142413,"standard_error":0.004141762671915572}}