{"mean":{"confidence_interval":{"confidence_level":0.95,"lower_bound":-0.005510235958632464,"upper_bound":0.004980046962492606},"point_estimate":-0.0002663454735416515,"standard_error":0.0026845055080707064},"median":{"confidence_interval":{"confidence_level":0.95,"lower_bound":-0.006806468685672473,"upper_bound":0.006736945006884376},"point_estimate":-0.0005473453542101936,"standard_error":0.0034963158787346435}}