{"mean":{"confidence_interval":{"confidence_level":0.95,"lower_bound":0.013143006024824294,"upper_bound":0.028048872598509998},"point_estimate":0.020110917563260333,"standard_error":0.003755098432370931},"median":{"confidence_interval":{"confidence_level":0.95,"lower_bound":0.008151772249128442,"upper_bound":0.028490644513991414},"point_estimate":0.016244294492730127,"standard_error":0.0058851049272234095}}