{"mean":{"confidence_interval":{"confidence_level":0.95,"lower_bound":0.062308121702734906,"upper_bound":0.07257078841661475},"point_estimate":0.0677534680873535,"standard_error":0.00261099748890846},"median":{"confidence_interval":{"confidence_level":0.95,"lower_bound":0.06112721585860248,"upper_bound":0.07494915532495572},"point_estimate":0.06821723129938517,"standard_error":0.003395443867167563}}