{"mean":{"confidence_interval":{"confidence_level":0.95,"lower_bound":-0.008254935950428845,"upper_bound":0.0011819440183148877},"point_estimate":-0.003616274198320668,"standard_error":0.002409422551343566},"median":{"confidence_interval":{"confidence_level":0.95,"lower_bound":-0.00785831403203996,"upper_bound":0.004147804253932019},"point_estimate":-0.00037452669437276764,"standard_error":0.0031136216249865556}}