{"mean":{"confidence_interval":{"confidence_level":0.95,"lower_bound":-0.04910943271369412,"upper_bound":-0.03866572917764162},"point_estimate":-0.04391546826672632,"standard_error":0.0026664012315560704},"median":{"confidence_interval":{"confidence_level":0.95,"lower_bound":-0.05286474103162897,"upper_bound":-0.03737158389790607},"point_estimate":-0.04299797793759197,"standard_error":0.004315800689355091}}