{"mean":{"confidence_interval":{"confidence_level":0.95,"lower_bound":-0.04409946440569484,"upper_bound":-0.02754129934950308},"point_estimate":-0.03616064882190706,"standard_error":0.004239950841534171},"median":{"confidence_interval":{"confidence_level":0.95,"lower_bound":-0.04683643896703682,"upper_bound":-0.02416030281340764},"point_estimate":-0.03924420414339602,"standard_error":0.006065992779747965}}