{"mean":{"confidence_interval":{"confidence_level":0.95,"lower_bound":-0.03291655563803994,"upper_bound":-0.025575719009861907},"point_estimate":-0.029190921265684455,"standard_error":0.0018779542337416428},"median":{"confidence_interval":{"confidence_level":0.95,"lower_bound":-0.033362700170055826,"upper_bound":-0.024543208907032765},"point_estimate":-0.02878315356810235,"standard_error":0.0021539539780287753}}