{"mean":{"confidence_interval":{"confidence_level":0.95,"lower_bound":-0.01656614384286542,"upper_bound":0.001128809471834947},"point_estimate":-0.008582760494003527,"standard_error":0.004510354444615412},"median":{"confidence_interval":{"confidence_level":0.95,"lower_bound":-0.020409856076999744,"upper_bound":-0.009754528833310516},"point_estimate":-0.015621047884707862,"standard_error":0.0027208974440253073}}