{"mean":{"confidence_interval":{"confidence_level":0.95,"lower_bound":-0.07402203166555246,"upper_bound":-0.0347197445882404},"point_estimate":-0.04988091911601,"standard_error":0.0109826396591932},"median":{"confidence_interval":{"confidence_level":0.95,"lower_bound":-0.046172830977142865,"upper_bound":-0.03288415133484046},"point_estimate":-0.036513340565488384,"standard_error":0.004238854258685477}}