{"mean":{"confidence_interval":{"confidence_level":0.95,"lower_bound":0.01366066243578566,"upper_bound":0.03173203806046763},"point_estimate":0.023559356763600325,"standard_error":0.004638967012503163},"median":{"confidence_interval":{"confidence_level":0.95,"lower_bound":0.02414585038151218,"upper_bound":0.035701550262006915},"point_estimate":0.03142823206569756,"standard_error":0.0029606311866389626}}