{"mean":{"confidence_interval":{"confidence_level":0.95,"lower_bound":0.004798213591703415,"upper_bound":0.02766530918619504},"point_estimate":0.017075839349316224,"standard_error":0.005882820545483817},"median":{"confidence_interval":{"confidence_level":0.95,"lower_bound":0.004395072651708798,"upper_bound":0.02981034436369967},"point_estimate":0.024556286981260333,"standard_error":0.006393195748912811}}