{"mean":{"confidence_interval":{"confidence_level":0.95,"lower_bound":0.006343411381900129,"upper_bound":0.03039405485097197},"point_estimate":0.01710144080970699,"standard_error":0.006249649685296655},"median":{"confidence_interval":{"confidence_level":0.95,"lower_bound":0.003219287843486678,"upper_bound":0.029571781206563008},"point_estimate":0.008394366097639105,"standard_error":0.00733031509801522}}