{"mean":{"confidence_interval":{"confidence_level":0.95,"lower_bound":-0.005245687790636854,"upper_bound":0.03858758478855098},"point_estimate":0.011646405029988705,"standard_error":0.01288118342366111},"median":{"confidence_interval":{"confidence_level":0.95,"lower_bound":-0.0049245957803528695,"upper_bound":0.010430018899472593},"point_estimate":0.0012255168729335963,"standard_error":0.00832335513837359}}