{"mean":{"confidence_interval":{"confidence_level":0.95,"lower_bound":-0.012619628667316361,"upper_bound":-0.00045251391124083646},"point_estimate":-0.006221792841832885,"standard_error":0.003115350210480069},"median":{"confidence_interval":{"confidence_level":0.95,"lower_bound":-0.011775779233699213,"upper_bound":0.00009086161431914874},"point_estimate":-0.004377304810332827,"standard_error":0.0030666807239294667}}