{"mean":{"confidence_interval":{"confidence_level":0.95,"lower_bound":-0.005657013634637997,"upper_bound":0.004970199090797041},"point_estimate":-0.0005270746636735213,"standard_error":0.002716543408505584},"median":{"confidence_interval":{"confidence_level":0.95,"lower_bound":-0.004958878304933467,"upper_bound":0.0028642545849943968},"point_estimate":-0.0016662535260423272,"standard_error":0.001957589454533021}}