{"mean":{"confidence_interval":{"confidence_level":0.95,"lower_bound":0.017089454260461986,"upper_bound":0.029197387041162336},"point_estimate":0.023099091030812646,"standard_error":0.0030896899351732328},"median":{"confidence_interval":{"confidence_level":0.95,"lower_bound":0.01416148397093786,"upper_bound":0.03289532254753191},"point_estimate":0.023609774296179165,"standard_error":0.0046445061345425365}}