{"mean":{"confidence_interval":{"confidence_level":0.95,"lower_bound":-0.051993612537195456,"upper_bound":-0.03302803214371276},"point_estimate":-0.041594262174290964,"standard_error":0.004884239606581603},"median":{"confidence_interval":{"confidence_level":0.95,"lower_bound":-0.046715715845161765,"upper_bound":-0.03098899630423735},"point_estimate":-0.03857743018327331,"standard_error":0.004051455700920748}}