{"mean":{"confidence_interval":{"confidence_level":0.95,"lower_bound":0.007743124671780594,"upper_bound":0.023285886650137578},"point_estimate":0.015075341622826643,"standard_error":0.004001736427686204},"median":{"confidence_interval":{"confidence_level":0.95,"lower_bound":0.004271828185963944,"upper_bound":0.02144278323744997},"point_estimate":0.010534714664367506,"standard_error":0.004313399465903239}}