{"mean":{"confidence_interval":{"confidence_level":0.95,"lower_bound":-0.008091013759780835,"upper_bound":0.0033227933609773974},"point_estimate":-0.002304311233246259,"standard_error":0.0029335848817783785},"median":{"confidence_interval":{"confidence_level":0.95,"lower_bound":-0.010345939333504584,"upper_bound":0.0010300651467642918},"point_estimate":-0.004294429809221012,"standard_error":0.002958910070783433}}