{"mean":{"confidence_interval":{"confidence_level":0.95,"lower_bound":-0.01313075131769032,"upper_bound":0.0030113325654195153},"point_estimate":-0.004905862714301601,"standard_error":0.004113434636413624},"median":{"confidence_interval":{"confidence_level":0.95,"lower_bound":-0.012342104117475827,"upper_bound":0.0026872519853742283},"point_estimate":-0.005512582882050587,"standard_error":0.0032583500819752848}}