{"mean":{"confidence_interval":{"confidence_level":0.95,"lower_bound":-0.04463302863831901,"upper_bound":-0.024108842548425165},"point_estimate":-0.0344699577680222,"standard_error":0.005208366901817121},"median":{"confidence_interval":{"confidence_level":0.95,"lower_bound":-0.042346334137287056,"upper_bound":-0.02611926644721063},"point_estimate":-0.03187356657865492,"standard_error":0.004093763339969568}}