{"mean":{"confidence_interval":{"confidence_level":0.95,"lower_bound":0.06624372068635156,"upper_bound":0.08636343159146119},"point_estimate":0.07696974088569553,"standard_error":0.005129937228939158},"median":{"confidence_interval":{"confidence_level":0.95,"lower_bound":0.07299303101228682,"upper_bound":0.09005854775150701},"point_estimate":0.080030148515283,"standard_error":0.004161527069788628}}