{"mean":{"confidence_interval":{"confidence_level":0.95,"lower_bound":-0.022320812043270962,"upper_bound":-0.005903634841661036},"point_estimate":-0.014087047829901223,"standard_error":0.004195880941526036},"median":{"confidence_interval":{"confidence_level":0.95,"lower_bound":-0.022866988178717018,"upper_bound":-0.006794404769064811},"point_estimate":-0.01375361313448853,"standard_error":0.003935138577883908}}