{"mean":{"confidence_interval":{"confidence_level":0.95,"lower_bound":-0.037395033620501054,"upper_bound":-0.0251697005930938},"point_estimate":-0.03092257507131846,"standard_error":0.0031625128240986198},"median":{"confidence_interval":{"confidence_level":0.95,"lower_bound":-0.03780021645890275,"upper_bound":-0.021570644070851852},"point_estimate":-0.029511429036469083,"standard_error":0.004991515297093665}}