{"mean":{"confidence_interval":{"confidence_level":0.95,"lower_bound":0.01754085166615383,"upper_bound":0.04395822335905516},"point_estimate":0.02993530944968059,"standard_error":0.006697304330731921},"median":{"confidence_interval":{"confidence_level":0.95,"lower_bound":0.009696672457826017,"upper_bound":0.04332287145942004},"point_estimate":0.026171266519072756,"standard_error":0.008617251044574059}}