{"mean":{"confidence_interval":{"confidence_level":0.95,"lower_bound":-0.039042075551564026,"upper_bound":-0.009985284483397076},"point_estimate":-0.02333842459837776,"standard_error":0.007449291332272669},"median":{"confidence_interval":{"confidence_level":0.95,"lower_bound":-0.029279219725329098,"upper_bound":-0.0022024147079875434},"point_estimate":-0.015549726874336978,"standard_error":0.007263550369775492}}