{"mean":{"confidence_interval":{"confidence_level":0.95,"lower_bound":-0.016060877849381545,"upper_bound":0.0022211382166167494},"point_estimate":-0.0072436169886178625,"standard_error":0.0047083979813638535},"median":{"confidence_interval":{"confidence_level":0.95,"lower_bound":-0.016114251441967875,"upper_bound":0.001740058014377155},"point_estimate":-0.009084834775738737,"standard_error":0.00415572907954287}}