{"mean":{"confidence_interval":{"confidence_level":0.95,"lower_bound":-0.014019204308312582,"upper_bound":-0.003608744917240473},"point_estimate":-0.00883647306606783,"standard_error":0.0026478977652621377},"median":{"confidence_interval":{"confidence_level":0.95,"lower_bound":-0.012928290177119937,"upper_bound":-0.0004401883781320892},"point_estimate":-0.007381125411681899,"standard_error":0.003228960354138031}}