{"mean":{"confidence_interval":{"confidence_level":0.95,"lower_bound":0.04982433083582202,"upper_bound":0.061291027049334264},"point_estimate":0.05549720291313087,"standard_error":0.0029172666596645035},"median":{"confidence_interval":{"confidence_level":0.95,"lower_bound":0.049337160857552576,"upper_bound":0.06179465070263834},"point_estimate":0.055200498339055715,"standard_error":0.003151944537451082}}