{"mean":{"confidence_interval":{"confidence_level":0.95,"lower_bound":0.05038233099327289,"upper_bound":0.0769968957551597},"point_estimate":0.06396145140847231,"standard_error":0.006813674444252649},"median":{"confidence_interval":{"confidence_level":0.95,"lower_bound":0.051381876125533354,"upper_bound":0.0821036476657},"point_estimate":0.06154598770616415,"standard_error":0.007585494430619482}}