{"mean":{"confidence_interval":{"confidence_level":0.95,"lower_bound":-0.02086342485543754,"upper_bound":-0.0074665795123312695},"point_estimate":-0.013832014221025313,"standard_error":0.003433347711811389},"median":{"confidence_interval":{"confidence_level":0.95,"lower_bound":-0.019956936482468213,"upper_bound":-0.003977535345060068},"point_estimate":-0.009315368525731449,"standard_error":0.0038735725377565962}}