{"mean":{"confidence_interval":{"confidence_level":0.95,"lower_bound":-0.0014891934157948586,"upper_bound":0.01729012334431619},"point_estimate":0.007747388014560208,"standard_error":0.004839846786989098},"median":{"confidence_interval":{"confidence_level":0.95,"lower_bound":-0.0014732892257921515,"upper_bound":0.013128867974656852},"point_estimate":0.006173752294913903,"standard_error":0.003742169469558882}}