{"mean":{"confidence_interval":{"confidence_level":0.95,"lower_bound":-0.039722038754262626,"upper_bound":-0.0312815952887903},"point_estimate":-0.035832871274142364,"standard_error":0.002165552022249395},"median":{"confidence_interval":{"confidence_level":0.95,"lower_bound":-0.041460897064452884,"upper_bound":-0.03091621832614544},"point_estimate":-0.03825734452088192,"standard_error":0.0024577516370895345}}