{"mean":{"confidence_interval":{"confidence_level":0.95,"lower_bound":0.02184907901743088,"upper_bound":0.034411017484703155},"point_estimate":0.02750757551033267,"standard_error":0.0032106835682123402},"median":{"confidence_interval":{"confidence_level":0.95,"lower_bound":0.01876509964320272,"upper_bound":0.034835591672874644},"point_estimate":0.023673703044025718,"standard_error":0.004069104137749257}}