{"mean":{"confidence_interval":{"confidence_level":0.95,"lower_bound":-0.08587622975542075,"upper_bound":-0.07602155669686615},"point_estimate":-0.08073665745416647,"standard_error":0.0025173748274404744},"median":{"confidence_interval":{"confidence_level":0.95,"lower_bound":-0.08770528061512117,"upper_bound":-0.07762652385236501},"point_estimate":-0.08201026100781506,"standard_error":0.002604895087094652}}