{"mean":{"confidence_interval":{"confidence_level":0.95,"lower_bound":-0.02740014656074186,"upper_bound":-0.00763829159034664},"point_estimate":-0.01710529360521562,"standard_error":0.005080861897914365},"median":{"confidence_interval":{"confidence_level":0.95,"lower_bound":-0.02620747184611305,"upper_bound":-0.0010309831957061588},"point_estimate":-0.009029554291144937,"standard_error":0.006545746458173279}}