{"mean":{"confidence_interval":{"confidence_level":0.95,"lower_bound":-0.0629272572432821,"upper_bound":-0.02944800994998796},"point_estimate":-0.0470178971503159,"standard_error":0.008551166597072673},"median":{"confidence_interval":{"confidence_level":0.95,"lower_bound":-0.06896475269153235,"upper_bound":-0.025162564727959635},"point_estimate":-0.05325967068923909,"standard_error":0.011467180005160752}}