{"mean":{"confidence_interval":{"confidence_level":0.95,"lower_bound":0.003006137390286481,"upper_bound":0.035566544311277044},"point_estimate":0.020114943325643786,"standard_error":0.008332693483243775},"median":{"confidence_interval":{"confidence_level":0.95,"lower_bound":0.0023752249590447416,"upper_bound":0.04609577057711456},"point_estimate":0.025492870135007006,"standard_error":0.011388091087602128}}