{"mean":{"confidence_interval":{"confidence_level":0.95,"lower_bound":-0.011591784587967719,"upper_bound":0.0004779291755305163},"point_estimate":-0.005935109611026168,"standard_error":0.0030190996439864695},"median":{"confidence_interval":{"confidence_level":0.95,"lower_bound":-0.012098706536269432,"upper_bound":-0.002264556101859272},"point_estimate":-0.00674237375088671,"standard_error":0.002576794840646077}}