{"mean":{"confidence_interval":{"confidence_level":0.95,"lower_bound":-0.1311420954709803,"upper_bound":-0.10129446542870776},"point_estimate":-0.11611815799018377,"standard_error":0.007714073992790786},"median":{"confidence_interval":{"confidence_level":0.95,"lower_bound":-0.1318473403765985,"upper_bound":-0.09917005455651107},"point_estimate":-0.12268789297613936,"standard_error":0.008599815603781709}}