{"mean":{"confidence_interval":{"confidence_level":0.95,"lower_bound":-0.0009447408739365649,"upper_bound":0.03107880300489288},"point_estimate":0.015228062121974029,"standard_error":0.008294614536074137},"median":{"confidence_interval":{"confidence_level":0.95,"lower_bound":-0.007649175977899603,"upper_bound":0.03718686513077896},"point_estimate":0.024613176305647855,"standard_error":0.012490081719668913}}