{"mean":{"confidence_interval":{"confidence_level":0.95,"lower_bound":0.053268717299001525,"upper_bound":0.06995994477711948},"point_estimate":0.06134920716227521,"standard_error":0.004264271586022586},"median":{"confidence_interval":{"confidence_level":0.95,"lower_bound":0.04238668467001161,"upper_bound":0.05820530567374771},"point_estimate":0.04949513801937888,"standard_error":0.004151119556270997}}