{"mean":{"confidence_interval":{"confidence_level":0.95,"lower_bound":-0.006859943684512558,"upper_bound":0.01505615266670395},"point_estimate":0.002426176482184461,"standard_error":0.005626496053934481},"median":{"confidence_interval":{"confidence_level":0.95,"lower_bound":-0.00790593746722601,"upper_bound":0.006132393043917217},"point_estimate":0.002106671497290824,"standard_error":0.004073718198925321}}