{"mean":{"confidence_interval":{"confidence_level":0.95,"lower_bound":-0.029643023363173922,"upper_bound":-0.010505025618342064},"point_estimate":-0.019642766248901822,"standard_error":0.004883181424445105},"median":{"confidence_interval":{"confidence_level":0.95,"lower_bound":-0.018657694224357146,"upper_bound":-0.001962705411805765},"point_estimate":-0.010310249731014576,"standard_error":0.00432642799313201}}