{"mean":{"confidence_interval":{"confidence_level":0.95,"lower_bound":-0.01161994924656347,"upper_bound":-0.004205811435321537},"point_estimate":-0.007953570752751937,"standard_error":0.0018825196784657532},"median":{"confidence_interval":{"confidence_level":0.95,"lower_bound":-0.013624836806293228,"upper_bound":-0.004587133192773485},"point_estimate":-0.010134519011901655,"standard_error":0.0022751603069524487}}