{"mean":{"confidence_interval":{"confidence_level":0.95,"lower_bound":-0.04511001215907426,"upper_bound":-0.03642472183733219},"point_estimate":-0.04052628005354064,"standard_error":0.002210039306107473},"median":{"confidence_interval":{"confidence_level":0.95,"lower_bound":-0.04688009912719493,"upper_bound":-0.03613311823555887},"point_estimate":-0.04170945037773399,"standard_error":0.00260316811062267}}