{"mean":{"confidence_interval":{"confidence_level":0.95,"lower_bound":-0.05626570717412716,"upper_bound":-0.045730156089809536},"point_estimate":-0.05114000868875446,"standard_error":0.0026885758098398526},"median":{"confidence_interval":{"confidence_level":0.95,"lower_bound":-0.05910884966636032,"upper_bound":-0.04536652414487019},"point_estimate":-0.05304895812612653,"standard_error":0.003445185802976086}}