{"mean":{"confidence_interval":{"confidence_level":0.95,"lower_bound":0.0013438365616937897,"upper_bound":0.009048137298222307},"point_estimate":0.0050734744129536935,"standard_error":0.0019820251648653233},"median":{"confidence_interval":{"confidence_level":0.95,"lower_bound":0.0008913340129172997,"upper_bound":0.010743454079286119},"point_estimate":0.0053081474285019414,"standard_error":0.002365740552878729}}