{"mean":{"confidence_interval":{"confidence_level":0.95,"lower_bound":-0.013184434406954115,"upper_bound":-0.004906657080066934},"point_estimate":-0.009022891636814356,"standard_error":0.0021126970882315603},"median":{"confidence_interval":{"confidence_level":0.95,"lower_bound":-0.014011499268794414,"upper_bound":-0.00185952545983048},"point_estimate":-0.008311526233611644,"standard_error":0.0031848034793605386}}