{"mean":{"confidence_interval":{"confidence_level":0.95,"lower_bound":0.040161907711987244,"upper_bound":0.05151382767511333},"point_estimate":0.0456567549488438,"standard_error":0.002901449364753595},"median":{"confidence_interval":{"confidence_level":0.95,"lower_bound":0.03887873774289052,"upper_bound":0.05280498346482876},"point_estimate":0.04491807030183392,"standard_error":0.0034616526388513897}}