{"mean":{"confidence_interval":{"confidence_level":0.95,"lower_bound":0.0027803112357346954,"upper_bound":0.012955680839713494},"point_estimate":0.007763946650926501,"standard_error":0.0026023303984594407},"median":{"confidence_interval":{"confidence_level":0.95,"lower_bound":0.0009807745257435219,"upper_bound":0.014797291631061945},"point_estimate":0.009239877235054816,"standard_error":0.003557955964524418}}