{"mean":{"confidence_interval":{"confidence_level":0.95,"lower_bound":-0.001984510884859736,"upper_bound":0.0057329251100266265},"point_estimate":0.0019072529333576949,"standard_error":0.001956197841900403},"median":{"confidence_interval":{"confidence_level":0.95,"lower_bound":-0.0035967533227045934,"upper_bound":0.009210038076290908},"point_estimate":0.0038891842308752533,"standard_error":0.0032594233913238067}}