{"mean":{"confidence_interval":{"confidence_level":0.95,"lower_bound":52382451.3035,"upper_bound":52484133.2355},"point_estimate":52430801.58,"standard_error":25956.199563939026},"median":{"confidence_interval":{"confidence_level":0.95,"lower_bound":52310038.0,"upper_bound":52444612.0},"point_estimate":52348859.0,"standard_error":39742.751884410936},"median_abs_dev":{"confidence_interval":{"confidence_level":0.95,"lower_bound":156840.54471552372,"upper_bound":262952.44873166084},"point_estimate":204718.88696551323,"standard_error":28270.98037031697},"slope":null,"std_dev":{"confidence_interval":{"confidence_level":0.95,"lower_bound":189840.97192424926,"upper_bound":330122.3909387092},"point_estimate":260755.93026480972,"standard_error":36306.553889897485}}