{"mean":{"confidence_interval":{"confidence_level":0.95,"lower_bound":120447828.84525,"upper_bound":120708258.07425},"point_estimate":120571532.45,"standard_error":66328.34549338032},"median":{"confidence_interval":{"confidence_level":0.95,"lower_bound":120365009.5,"upper_bound":120646330.0},"point_estimate":120471719.5,"standard_error":79439.0107137047},"median_abs_dev":{"confidence_interval":{"confidence_level":0.95,"lower_bound":442085.3666514158,"upper_bound":686986.419403553},"point_estimate":562345.7222163677,"standard_error":66253.79335010775},"slope":null,"std_dev":{"confidence_interval":{"confidence_level":0.95,"lower_bound":485447.4008942834,"upper_bound":859541.4639956322},"point_estimate":665500.9075354689,"standard_error":99074.46486098484}}