{"mean":{"confidence_interval":{"confidence_level":0.95,"lower_bound":178095200.34625,"upper_bound":179574294.35},"point_estimate":178818462.7,"standard_error":375443.2430325558},"median":{"confidence_interval":{"confidence_level":0.95,"lower_bound":178197568.0,"upper_bound":179503092.0},"point_estimate":178759678.0,"standard_error":346027.39049987664},"median_abs_dev":{"confidence_interval":{"confidence_level":0.95,"lower_bound":168238.03201317787,"upper_bound":2089362.1672064066},"point_estimate":903208.428914845,"standard_error":435935.57749361027},"slope":null,"std_dev":{"confidence_interval":{"confidence_level":0.95,"lower_bound":471236.147258261,"upper_bound":1726878.348690817},"point_estimate":1251621.234515352,"standard_error":330235.6345558767}}