{"mean":{"confidence_interval":{"confidence_level":0.95,"lower_bound":149242416.20225,"upper_bound":150592151.31599998},"point_estimate":149909700.35,"standard_error":344415.76791222696},"median":{"confidence_interval":{"confidence_level":0.95,"lower_bound":149146595.0,"upper_bound":151100103.0},"point_estimate":149722227.0,"standard_error":441561.4038851245},"median_abs_dev":{"confidence_interval":{"confidence_level":0.95,"lower_bound":2780241.1528408527,"upper_bound":4262265.1364296675},"point_estimate":3442668.30368042,"standard_error":376377.81447885756},"slope":null,"std_dev":{"confidence_interval":{"confidence_level":0.95,"lower_bound":2840149.679899635,"upper_bound":4155927.635003248},"point_estimate":3466372.0424445127,"standard_error":341901.3608176089}}