{"mean":{"confidence_interval":{"confidence_level":0.95,"lower_bound":162623189.84825,"upper_bound":163815135.93275002},"point_estimate":163229304.11,"standard_error":304222.21930005646},"median":{"confidence_interval":{"confidence_level":0.95,"lower_bound":163322612.0,"upper_bound":164340372.0},"point_estimate":163914276.5,"standard_error":234179.77824551746},"median_abs_dev":{"confidence_interval":{"confidence_level":0.95,"lower_bound":2139250.5629032105,"upper_bound":3679180.064481497},"point_estimate":2891706.7253619432,"standard_error":429890.8515713123},"slope":null,"std_dev":{"confidence_interval":{"confidence_level":0.95,"lower_bound":2626040.6387187564,"upper_bound":3416277.1843350916},"point_estimate":3054466.2147396654,"standard_error":201246.75285711698}}