{"mean":{"confidence_interval":{"confidence_level":0.95,"lower_bound":164258906.88525,"upper_bound":165576059.06825},"point_estimate":164919762.06,"standard_error":335752.28335432254},"median":{"confidence_interval":{"confidence_level":0.95,"lower_bound":164195669.5,"upper_bound":166207922.0},"point_estimate":165146399.5,"standard_error":512260.0837386571},"median_abs_dev":{"confidence_interval":{"confidence_level":0.95,"lower_bound":2651420.2650278807,"upper_bound":4148522.2903490067},"point_estimate":3404283.0490618944,"standard_error":387908.5243829093},"slope":null,"std_dev":{"confidence_interval":{"confidence_level":0.95,"lower_bound":2888054.9806370023,"upper_bound":3796355.2655022023},"point_estimate":3364599.09834601,"standard_error":231059.08699869495}}