{"mean":{"confidence_interval":{"confidence_level":0.95,"lower_bound":155577874.40738097,"upper_bound":156471233.08211112},"point_estimate":155992239.38432539,"standard_error":228500.14791228305},"median":{"confidence_interval":{"confidence_level":0.95,"lower_bound":155438693.0833333,"upper_bound":156322839.9722222},"point_estimate":155940883.42857143,"standard_error":185748.15278350067},"median_abs_dev":{"confidence_interval":{"confidence_level":0.95,"lower_bound":111927.13766288977,"upper_bound":1167992.3107431605},"point_estimate":390518.8345768959,"standard_error":287848.0537503226},"slope":{"confidence_interval":{"confidence_level":0.95,"lower_bound":155495794.41708544,"upper_bound":156527139.03529412},"point_estimate":155967001.14545456,"standard_error":262635.8904743273},"std_dev":{"confidence_interval":{"confidence_level":0.95,"lower_bound":307282.1731449889,"upper_bound":1051591.4667028165},"point_estimate":760366.8337275961,"standard_error":205905.93940922938}}