{"mean":{"confidence_interval":{"confidence_level":0.95,"lower_bound":133.49316302867427,"upper_bound":133.63417510736465},"point_estimate":133.55725352321306,"standard_error":0.036226702086621536},"median":{"confidence_interval":{"confidence_level":0.95,"lower_bound":133.470891375651,"upper_bound":133.62704382040513},"point_estimate":133.52473060622623,"standard_error":0.043688614236020995},"median_abs_dev":{"confidence_interval":{"confidence_level":0.95,"lower_bound":0.018059030789870936,"upper_bound":0.18614753009659352},"point_estimate":0.09307376504829676,"standard_error":0.04265493775759178},"slope":{"confidence_interval":{"confidence_level":0.95,"lower_bound":133.4674493952972,"upper_bound":133.54504603997685},"point_estimate":133.50460223693995,"standard_error":0.020162200924950455},"std_dev":{"confidence_interval":{"confidence_level":0.95,"lower_bound":0.052404134562908336,"upper_bound":0.16279128021017328},"point_estimate":0.12093956383169731,"standard_error":0.030478112755863755}}