{"mean":{"confidence_interval":{"confidence_level":0.95,"lower_bound":114.64467782927571,"upper_bound":115.8675028319706},"point_estimate":115.165990582729,"standard_error":0.318250936303684},"median":{"confidence_interval":{"confidence_level":0.95,"lower_bound":114.70278405704514,"upper_bound":115.67150173754399},"point_estimate":114.76192945295611,"standard_error":0.21684774727430348},"median_abs_dev":{"confidence_interval":{"confidence_level":0.95,"lower_bound":0.009601540938172995,"upper_bound":1.3486940049792386},"point_estimate":0.08006696020800494,"standard_error":0.2861536946685612},"slope":{"confidence_interval":{"confidence_level":0.95,"lower_bound":114.72889111158464,"upper_bound":116.79626364892883},"point_estimate":115.8764060599155,"standard_error":0.5635972718871894},"std_dev":{"confidence_interval":{"confidence_level":0.95,"lower_bound":0.04860480672927908,"upper_bound":1.4385619598256572},"point_estimate":1.059963983517951,"standard_error":0.3574990357196323}}