{"mean":{"confidence_interval":{"confidence_level":0.95,"lower_bound":27799554.560000002,"upper_bound":28024131.912499994},"point_estimate":27909572.977777775,"standard_error":57335.04023369465},"median":{"confidence_interval":{"confidence_level":0.95,"lower_bound":27746804.833333332,"upper_bound":28049308.166666664},"point_estimate":27904996.5,"standard_error":80072.63605293784},"median_abs_dev":{"confidence_interval":{"confidence_level":0.95,"lower_bound":185683.29170346443,"upper_bound":402860.96044779377},"point_estimate":297230.90142309666,"standard_error":55805.348544082226},"slope":null,"std_dev":{"confidence_interval":{"confidence_level":0.95,"lower_bound":215150.64061570747,"upper_bound":412776.0966586986},"point_estimate":318156.1026964042,"standard_error":51859.773149941044}}