{"mean":{"confidence_interval":{"confidence_level":0.95,"lower_bound":28653078.77333333,"upper_bound":28852150.908333328},"point_estimate":28753103.511111103,"standard_error":50816.24935523444},"median":{"confidence_interval":{"confidence_level":0.95,"lower_bound":28615205.333333336,"upper_bound":28925871.0},"point_estimate":28775299.666666664,"standard_error":91332.54894107228},"median_abs_dev":{"confidence_interval":{"confidence_level":0.95,"lower_bound":164698.81877600963,"upper_bound":408158.78435373673},"point_estimate":351587.9584580641,"standard_error":60838.02925082891},"slope":null,"std_dev":{"confidence_interval":{"confidence_level":0.95,"lower_bound":216079.39349205708,"upper_bound":339893.15496557456},"point_estimate":283503.5002625484,"standard_error":31642.702275400818}}