{"mean":{"confidence_interval":{"confidence_level":0.95,"lower_bound":29692785.210674606,"upper_bound":29996834.10182093},"point_estimate":29816185.34914682,"standard_error":81458.24164579321},"median":{"confidence_interval":{"confidence_level":0.95,"lower_bound":29657621.9375,"upper_bound":29869055.166666664},"point_estimate":29735454.825,"standard_error":51286.82335145201},"median_abs_dev":{"confidence_interval":{"confidence_level":0.95,"lower_bound":21579.007871896214,"upper_bound":233672.60656148047},"point_estimate":101391.41380619166,"standard_error":58759.72598750247},"slope":{"confidence_interval":{"confidence_level":0.95,"lower_bound":29662483.586956523,"upper_bound":29750068.429042906},"point_estimate":29692252.825974025,"standard_error":22380.61152834038},"std_dev":{"confidence_interval":{"confidence_level":0.95,"lower_bound":51685.8874362411,"upper_bound":403959.9210833724},"point_estimate":270926.9726853767,"standard_error":109312.42522668224}}