{"mean":{"confidence_interval":{"confidence_level":0.95,"lower_bound":86641629.61749999,"upper_bound":86937862.41499999},"point_estimate":86786089.1,"standard_error":76303.85994710778},"median":{"confidence_interval":{"confidence_level":0.95,"lower_bound":86556895.83333334,"upper_bound":87031946.0},"point_estimate":86707683.0,"standard_error":151654.72224505417},"median_abs_dev":{"confidence_interval":{"confidence_level":0.95,"lower_bound":27903.27280461788,"upper_bound":402806.3513487541},"point_estimate":299452.330383651,"standard_error":102309.46099385645},"slope":null,"std_dev":{"confidence_interval":{"confidence_level":0.95,"lower_bound":163352.55449534883,"upper_bound":293031.75393364433},"point_estimate":254132.67482445686,"standard_error":32929.7318153501}}