{"mean":{"confidence_interval":{"confidence_level":0.95,"lower_bound":62362063.588250004,"upper_bound":62677100.15925},"point_estimate":62505867.26,"standard_error":80919.27167511068},"median":{"confidence_interval":{"confidence_level":0.95,"lower_bound":62213187.0,"upper_bound":62410657.0},"point_estimate":62332368.5,"standard_error":45367.056620749456},"median_abs_dev":{"confidence_interval":{"confidence_level":0.95,"lower_bound":274802.12902128696,"upper_bound":512366.7767261708},"point_estimate":375836.1281275749,"standard_error":61579.90666818315},"slope":null,"std_dev":{"confidence_interval":{"confidence_level":0.95,"lower_bound":474803.9240886268,"upper_bound":1158216.5433194174},"point_estimate":814731.9326954164,"standard_error":184862.291611006}}