{"mean":{"confidence_interval":{"confidence_level":0.95,"lower_bound":61306075.287750006,"upper_bound":61515487.13},"point_estimate":61404225.78,"standard_error":53647.24744212475},"median":{"confidence_interval":{"confidence_level":0.95,"lower_bound":61220366.5,"upper_bound":61360915.0},"point_estimate":61252635.5,"standard_error":33401.29604499183},"median_abs_dev":{"confidence_interval":{"confidence_level":0.95,"lower_bound":250300.6818562746,"upper_bound":372545.0156410038},"point_estimate":336384.1428279877,"standard_error":32263.738425538235},"slope":null,"std_dev":{"confidence_interval":{"confidence_level":0.95,"lower_bound":355849.6620210994,"upper_bound":694408.8069488916},"point_estimate":537334.7241095918,"standard_error":86773.80744833351}}