{"mean":{"confidence_interval":{"confidence_level":0.95,"lower_bound":59844951.0095,"upper_bound":59977753.852},"point_estimate":59909934.19,"standard_error":33998.51440185303},"median":{"confidence_interval":{"confidence_level":0.95,"lower_bound":59768652.0,"upper_bound":59941395.0},"point_estimate":59851866.5,"standard_error":52475.50984956723},"median_abs_dev":{"confidence_interval":{"confidence_level":0.95,"lower_bound":243819.03275884705,"upper_bound":385762.1349513531},"point_estimate":325825.8071154356,"standard_error":36252.07136789202},"slope":null,"std_dev":{"confidence_interval":{"confidence_level":0.95,"lower_bound":276128.95783578383,"upper_bound":398029.2454073437},"point_estimate":339744.3796554828,"standard_error":31215.953831011197}}