{"mean":{"confidence_interval":{"confidence_level":0.95,"lower_bound":116477109.77075,"upper_bound":117614945.3425},"point_estimate":117046654.47,"standard_error":290062.53506047477},"median":{"confidence_interval":{"confidence_level":0.95,"lower_bound":116613031.0,"upper_bound":118011078.6499999},"point_estimate":117027185.0,"standard_error":351748.07550791866},"median_abs_dev":{"confidence_interval":{"confidence_level":0.95,"lower_bound":2197667.577883601,"upper_bound":3491057.4016213417},"point_estimate":3077598.075261712,"standard_error":327027.4470524786},"slope":null,"std_dev":{"confidence_interval":{"confidence_level":0.95,"lower_bound":2468694.2389738588,"upper_bound":3332235.4595252974},"point_estimate":2920983.1097909575,"standard_error":220741.44055392797}}