{"mean":{"confidence_interval":{"confidence_level":0.95,"lower_bound":113320815.56324999,"upper_bound":114602706.21075},"point_estimate":113945487.06,"standard_error":327304.87229534856},"median":{"confidence_interval":{"confidence_level":0.95,"lower_bound":113290916.0,"upper_bound":114528702.0},"point_estimate":113888407.0,"standard_error":326137.2665900249},"median_abs_dev":{"confidence_interval":{"confidence_level":0.95,"lower_bound":1824992.834744901,"upper_bound":3431499.878078699},"point_estimate":2443353.667321801,"standard_error":415031.39646595437},"slope":null,"std_dev":{"confidence_interval":{"confidence_level":0.95,"lower_bound":2512603.9761083503,"upper_bound":4185678.4118975964},"point_estimate":3301043.356448617,"standard_error":444519.93688008556}}