{"mean":{"confidence_interval":{"confidence_level":0.95,"lower_bound":128041826.34375,"upper_bound":128746185.04583333},"point_estimate":128388049.78333333,"standard_error":180464.48562609236},"median":{"confidence_interval":{"confidence_level":0.95,"lower_bound":127664372.25,"upper_bound":129025595.25},"point_estimate":128260641.5,"standard_error":311171.73458452494},"median_abs_dev":{"confidence_interval":{"confidence_level":0.95,"lower_bound":602358.1303060055,"upper_bound":1593737.520955503},"point_estimate":1346596.2596431375,"standard_error":258765.32115844113},"slope":null,"std_dev":{"confidence_interval":{"confidence_level":0.95,"lower_bound":807410.7814500823,"upper_bound":1147730.0587517254},"point_estimate":1006216.2236554883,"standard_error":86746.48259264557}}