{"mean":{"confidence_interval":{"confidence_level":0.95,"lower_bound":130052223.09416667,"upper_bound":131980007.75083333},"point_estimate":130947381.73333333,"standard_error":492865.71498104464},"median":{"confidence_interval":{"confidence_level":0.95,"lower_bound":129194946.0,"upper_bound":131901784.0},"point_estimate":130322986.0,"standard_error":728255.759438304},"median_abs_dev":{"confidence_interval":{"confidence_level":0.95,"lower_bound":1237540.282729268,"upper_bound":3340429.692095518},"point_estimate":2420807.028222084,"standard_error":527203.918754881},"slope":null,"std_dev":{"confidence_interval":{"confidence_level":0.95,"lower_bound":1725460.8851579432,"upper_bound":3744408.899833863},"point_estimate":2743299.02573357,"standard_error":563774.3182541525}}