{"mean":{"confidence_interval":{"confidence_level":0.95,"lower_bound":171254398.82666665,"upper_bound":172014760.2},"point_estimate":171608731.20000002,"standard_error":195280.70245367783},"median":{"confidence_interval":{"confidence_level":0.95,"lower_bound":171140658.66666666,"upper_bound":172287393.66666666},"point_estimate":171325490.6666667,"standard_error":284015.6284080919},"median_abs_dev":{"confidence_interval":{"confidence_level":0.95,"lower_bound":65912.68832981586,"upper_bound":974167.2698050885},"point_estimate":329202.6756554916,"standard_error":250316.08860124325},"slope":null,"std_dev":{"confidence_interval":{"confidence_level":0.95,"lower_bound":228893.31316729297,"upper_bound":809260.883214436},"point_estimate":651762.0843544314,"standard_error":132341.33693808882}}