{"mean":{"confidence_interval":{"confidence_level":0.95,"lower_bound":124851881.30041666,"upper_bound":125509867.9825},"point_estimate":125174111.08333333,"standard_error":167875.76061288503},"median":{"confidence_interval":{"confidence_level":0.95,"lower_bound":124717613.0,"upper_bound":125542638.75},"point_estimate":125086727.0,"standard_error":199687.5819792427},"median_abs_dev":{"confidence_interval":{"confidence_level":0.95,"lower_bound":531274.5039179921,"upper_bound":1350718.6288699508},"point_estimate":944290.5328854918,"standard_error":219076.0668161317},"slope":null,"std_dev":{"confidence_interval":{"confidence_level":0.95,"lower_bound":689243.0196871676,"upper_bound":1118848.303710079},"point_estimate":932434.4819219396,"standard_error":109361.05366029593}}