{"mean":{"confidence_interval":{"confidence_level":0.95,"lower_bound":27935993.576527778,"upper_bound":28049887.272638883},"point_estimate":27994881.49444444,"standard_error":29020.359907544123},"median":{"confidence_interval":{"confidence_level":0.95,"lower_bound":27930214.833333336,"upper_bound":28066828.333333336},"point_estimate":28004389.916666668,"standard_error":36151.24820858461},"median_abs_dev":{"confidence_interval":{"confidence_level":0.95,"lower_bound":82551.90783441067,"upper_bound":214298.83024543617},"point_estimate":131252.59886979964,"standard_error":33584.152860864415},"slope":null,"std_dev":{"confidence_interval":{"confidence_level":0.95,"lower_bound":110540.78033889581,"upper_bound":205494.94251285892},"point_estimate":161664.15037826376,"standard_error":24619.690201441113}}