{"mean":{"confidence_interval":{"confidence_level":0.95,"lower_bound":26282177.15714286,"upper_bound":26407257.24142857},"point_estimate":26347488.423809525,"standard_error":32001.216363543932},"median":{"confidence_interval":{"confidence_level":0.95,"lower_bound":26304831.0,"upper_bound":26423179.928571425},"point_estimate":26350451.5,"standard_error":36254.36471187124},"median_abs_dev":{"confidence_interval":{"confidence_level":0.95,"lower_bound":87731.0531424593,"upper_bound":210079.968470335},"point_estimate":144879.03402788218,"standard_error":31362.65997112873},"slope":null,"std_dev":{"confidence_interval":{"confidence_level":0.95,"lower_bound":112062.29666902804,"upper_bound":230222.02829260242},"point_estimate":178685.78801672385,"standard_error":30445.633732407423}}