{"mean":{"confidence_interval":{"confidence_level":0.95,"lower_bound":115517612.95525,"upper_bound":116820142.5125},"point_estimate":116173594.6,"standard_error":332256.4568517445},"median":{"confidence_interval":{"confidence_level":0.95,"lower_bound":115692204.0,"upper_bound":117537910.0},"point_estimate":116647716.5,"standard_error":428350.91209875455},"median_abs_dev":{"confidence_interval":{"confidence_level":0.95,"lower_bound":2571190.1087522507,"upper_bound":4181144.7900648406},"point_estimate":3244432.826399803,"standard_error":402821.75383248314},"slope":null,"std_dev":{"confidence_interval":{"confidence_level":0.95,"lower_bound":2859986.3531230884,"upper_bound":3743901.865053188},"point_estimate":3333898.9904541974,"standard_error":226014.52515919617}}