{"mean":{"confidence_interval":{"confidence_level":0.95,"lower_bound":1351132.9346666662,"upper_bound":1400641.2401666665},"point_estimate":1374386.086666667,"standard_error":12699.035392746044},"median":{"confidence_interval":{"confidence_level":0.95,"lower_bound":1336764.0,"upper_bound":1382083.3333333335},"point_estimate":1363129.0,"standard_error":11713.09779197807},"median_abs_dev":{"confidence_interval":{"confidence_level":0.95,"lower_bound":40773.97027611744,"upper_bound":81265.75235724449},"point_estimate":62071.51889801037,"standard_error":10335.198699498322},"slope":null,"std_dev":{"confidence_interval":{"confidence_level":0.95,"lower_bound":56276.45439556607,"upper_bound":121380.54610770982},"point_estimate":90518.87882585762,"standard_error":16949.08609934074}}