{"mean":{"confidence_interval":{"confidence_level":0.95,"lower_bound":1234213.285,"upper_bound":1256911.28075},"point_estimate":1245225.04,"standard_error":5788.683896921113},"median":{"confidence_interval":{"confidence_level":0.95,"lower_bound":1231623.5,"upper_bound":1253582.5},"point_estimate":1241066.75,"standard_error":5567.442875933641},"median_abs_dev":{"confidence_interval":{"confidence_level":0.95,"lower_bound":38481.87380556018,"upper_bound":63135.77857911587},"point_estimate":49562.946470081806,"standard_error":6181.299662120907},"slope":null,"std_dev":{"confidence_interval":{"confidence_level":0.95,"lower_bound":44464.57450635722,"upper_bound":72368.55099725138},"point_estimate":58157.88206994836,"standard_error":7269.751366234975}}