{"mean":{"confidence_interval":{"confidence_level":0.95,"lower_bound":1172074.597,"upper_bound":1202578.88975},"point_estimate":1185965.52,"standard_error":7800.818176270646},"median":{"confidence_interval":{"confidence_level":0.95,"lower_bound":1164297.0,"upper_bound":1188898.0},"point_estimate":1175320.25,"standard_error":5415.4451925567655},"median_abs_dev":{"confidence_interval":{"confidence_level":0.95,"lower_bound":40576.53737962246,"upper_bound":67586.988480091},"point_estimate":55522.99836426973,"standard_error":6981.267142136539},"slope":null,"std_dev":{"confidence_interval":{"confidence_level":0.95,"lower_bound":48902.61874417809,"upper_bound":113351.43198529657},"point_estimate":78747.28840667238,"standard_error":19511.754884203296}}