{"mean":{"confidence_interval":{"confidence_level":0.95,"lower_bound":46359705.958624996,"upper_bound":46614883.465},"point_estimate":46485517.21,"standard_error":64926.62830397452},"median":{"confidence_interval":{"confidence_level":0.95,"lower_bound":46275069.0,"upper_bound":46479572.5},"point_estimate":46386529.5,"standard_error":54329.14382484195},"median_abs_dev":{"confidence_interval":{"confidence_level":0.95,"lower_bound":387435.6196716428,"upper_bound":809570.7504272461},"point_estimate":557352.6961550117,"standard_error":101996.85385332211},"slope":null,"std_dev":{"confidence_interval":{"confidence_level":0.95,"lower_bound":554210.926252346,"upper_bound":739561.7002671745},"point_estimate":652127.67084017,"standard_error":47515.876274408154}}