{"mean":{"confidence_interval":{"confidence_level":0.95,"lower_bound":46172657.726375006,"upper_bound":46411852.7025},"point_estimate":46290993.44,"standard_error":60992.130255871925},"median":{"confidence_interval":{"confidence_level":0.95,"lower_bound":46090095.25,"upper_bound":46420352.25},"point_estimate":46289489.25,"standard_error":87739.29218516067},"median_abs_dev":{"confidence_interval":{"confidence_level":0.95,"lower_bound":471668.0545762181,"upper_bound":711740.2792140841},"point_estimate":601889.9993643165,"standard_error":62059.50770743387},"slope":null,"std_dev":{"confidence_interval":{"confidence_level":0.95,"lower_bound":510266.2716290156,"upper_bound":707608.6612160715},"point_estimate":610833.0200055968,"standard_error":50597.25346964268}}