{"mean":{"confidence_interval":{"confidence_level":0.95,"lower_bound":10266058.829505732,"upper_bound":10294421.388783067},"point_estimate":10280541.470974427,"standard_error":7285.169144245907},"median":{"confidence_interval":{"confidence_level":0.95,"lower_bound":10255347.152777778,"upper_bound":10304698.622222222},"point_estimate":10282102.805555556,"standard_error":11816.726238605379},"median_abs_dev":{"confidence_interval":{"confidence_level":0.95,"lower_bound":5053.53732028162,"upper_bound":39740.674741221585},"point_estimate":34055.97679871848,"standard_error":9634.946041231891},"slope":{"confidence_interval":{"confidence_level":0.95,"lower_bound":10253030.72574956,"upper_bound":10297359.45644742},"point_estimate":10275322.113708513,"standard_error":11616.456830058682},"std_dev":{"confidence_interval":{"confidence_level":0.95,"lower_bound":14389.63070550929,"upper_bound":29415.28309127193},"point_estimate":24316.2812056188,"standard_error":3761.9385849616724}}