{"mean":{"confidence_interval":{"confidence_level":0.95,"lower_bound":3553083.3139500003,"upper_bound":3570831.7348999977},"point_estimate":3561411.827333333,"standard_error":4541.69419507655},"median":{"confidence_interval":{"confidence_level":0.95,"lower_bound":3545757.033333333,"upper_bound":3561747.8666666667},"point_estimate":3555443.7,"standard_error":4068.80978860346},"median_abs_dev":{"confidence_interval":{"confidence_level":0.95,"lower_bound":25021.543235778878,"upper_bound":41184.40336883068},"point_estimate":32952.46469497676,"standard_error":4018.17594416367},"slope":null,"std_dev":{"confidence_interval":{"confidence_level":0.95,"lower_bound":30717.043241951673,"upper_bound":60492.66259644352},"point_estimate":45539.859994328464,"standard_error":7823.10477003633}}