{"mean":{"confidence_interval":{"confidence_level":0.95,"lower_bound":3708238.743125,"upper_bound":3722990.2522857157},"point_estimate":3715308.2135714297,"standard_error":3754.073319352328},"median":{"confidence_interval":{"confidence_level":0.95,"lower_bound":3705507.6071428573,"upper_bound":3717594.2142857146},"point_estimate":3710868.464285714,"standard_error":3260.520300334421},"median_abs_dev":{"confidence_interval":{"confidence_level":0.95,"lower_bound":24920.440507573592,"upper_bound":40452.634381822274},"point_estimate":33314.81565854409,"standard_error":4003.489440243411},"slope":null,"std_dev":{"confidence_interval":{"confidence_level":0.95,"lower_bound":28300.80501845507,"upper_bound":48068.410544170256},"point_estimate":37593.01271320969,"standard_error":5263.149145576753}}