{"mean":{"confidence_interval":{"confidence_level":0.95,"lower_bound":3604658.032250002,"upper_bound":3620889.3174821436},"point_estimate":3611895.1500000013,"standard_error":4170.318148641138},"median":{"confidence_interval":{"confidence_level":0.95,"lower_bound":3598068.0,"upper_bound":3610100.3928571427},"point_estimate":3603827.678571428,"standard_error":2716.228058409892},"median_abs_dev":{"confidence_interval":{"confidence_level":0.95,"lower_bound":17293.469692979837,"upper_bound":28516.274943734967},"point_estimate":21854.847361998356,"standard_error":3043.2637932703065},"slope":null,"std_dev":{"confidence_interval":{"confidence_level":0.95,"lower_bound":22327.940262166772,"upper_bound":61838.08452893459},"point_estimate":41895.60283988288,"standard_error":11019.566793724944}}