{"mean":{"confidence_interval":{"confidence_level":0.95,"lower_bound":-0.2698319814959992,"upper_bound":-0.2615516333782009},"point_estimate":-0.26615777353200976,"standard_error":0.0020836685898830355},"median":{"confidence_interval":{"confidence_level":0.95,"lower_bound":-0.2711799214055163,"upper_bound":-0.26520271718910793},"point_estimate":-0.26823671358846035,"standard_error":0.0014965173291290109}}