{"mean":{"confidence_interval":{"confidence_level":0.95,"lower_bound":-0.01570822606510383,"upper_bound":0.00017195044452434247},"point_estimate":-0.006690775039693286,"standard_error":0.004132827479269073},"median":{"confidence_interval":{"confidence_level":0.95,"lower_bound":-0.01090221974239547,"upper_bound":0.003058475916675407},"point_estimate":-0.002748963665933135,"standard_error":0.003499848873174799}}