{"mean":{"confidence_interval":{"confidence_level":0.95,"lower_bound":-0.05060939228277884,"upper_bound":-0.041491553850819256},"point_estimate":-0.04535836713263286,"standard_error":0.002370001396289336},"median":{"confidence_interval":{"confidence_level":0.95,"lower_bound":-0.0453825424826334,"upper_bound":-0.04158908780286663},"point_estimate":-0.04410319832088039,"standard_error":0.0009694224966670298}}