{"mean":{"confidence_interval":{"confidence_level":0.95,"lower_bound":0.0013594200358224178,"upper_bound":0.012083809596639182},"point_estimate":0.006489989500670479,"standard_error":0.002784358449358722},"median":{"confidence_interval":{"confidence_level":0.95,"lower_bound":0.0009293276086310698,"upper_bound":0.011064421993005613},"point_estimate":0.003931071186744628,"standard_error":0.0027109113232451007}}