{"mean":{"confidence_interval":{"confidence_level":0.95,"lower_bound":0.01787744976417534,"upper_bound":0.021051724908193705},"point_estimate":0.019437750047291757,"standard_error":0.0008094872500695729},"median":{"confidence_interval":{"confidence_level":0.95,"lower_bound":0.018193122255574012,"upper_bound":0.020839036135904286},"point_estimate":0.0195376748980971,"standard_error":0.0006589903636422}}