{"mean":{"confidence_interval":{"confidence_level":0.95,"lower_bound":-0.06275457461076368,"upper_bound":-0.058929775043183245},"point_estimate":-0.06083057896438837,"standard_error":0.0009753296693819475},"median":{"confidence_interval":{"confidence_level":0.95,"lower_bound":-0.06223301855609742,"upper_bound":-0.0588036168216457},"point_estimate":-0.06026074489924993,"standard_error":0.000869187461495933}}