{"mean":{"confidence_interval":{"confidence_level":0.95,"lower_bound":-0.022479043017485566,"upper_bound":-0.018743632738558384},"point_estimate":-0.02075847002510567,"standard_error":0.0009285292941099045},"median":{"confidence_interval":{"confidence_level":0.95,"lower_bound":-0.023090635552696637,"upper_bound":-0.020454864269773165},"point_estimate":-0.021638958139617914,"standard_error":0.000674679952403182}}