{"mean":{"confidence_interval":{"confidence_level":0.95,"lower_bound":0.0488115068451013,"upper_bound":0.05492715682202652},"point_estimate":0.051711943522387394,"standard_error":0.001566393865349984},"median":{"confidence_interval":{"confidence_level":0.95,"lower_bound":0.04827172240288413,"upper_bound":0.05656685097103287},"point_estimate":0.050449327514122455,"standard_error":0.002066871067329618}}