{"mean":{"confidence_interval":{"confidence_level":0.95,"lower_bound":-0.060846863849027724,"upper_bound":-0.049290056444796344},"point_estimate":-0.05474575047176067,"standard_error":0.0029583260126356337},"median":{"confidence_interval":{"confidence_level":0.95,"lower_bound":-0.05990728303155868,"upper_bound":-0.04802735282094639},"point_estimate":-0.052159781292175356,"standard_error":0.0031108812548423562}}