{"mean":{"confidence_interval":{"confidence_level":0.95,"lower_bound":-0.0028374250818923776,"upper_bound":0.016703984543025786},"point_estimate":0.005657810934344143,"standard_error":0.005049382159501946},"median":{"confidence_interval":{"confidence_level":0.95,"lower_bound":-0.006410729048853758,"upper_bound":0.009660873291090555},"point_estimate":-0.001147751110743056,"standard_error":0.004599092261075109}}