{"mean":{"confidence_interval":{"confidence_level":0.95,"lower_bound":0.027219493993102774,"upper_bound":0.0500699086829077},"point_estimate":0.03988282638071916,"standard_error":0.005899143729309384},"median":{"confidence_interval":{"confidence_level":0.95,"lower_bound":0.02988706160638044,"upper_bound":0.058247564194509716},"point_estimate":0.050539047639937884,"standard_error":0.007893862680491607}}