{"mean":{"confidence_interval":{"confidence_level":0.95,"lower_bound":-0.04160355427621115,"upper_bound":-0.03290602019118267},"point_estimate":-0.03691099302665424,"standard_error":0.002224079285446013},"median":{"confidence_interval":{"confidence_level":0.95,"lower_bound":-0.03750844157557631,"upper_bound":-0.029868512712458495},"point_estimate":-0.032808639033928166,"standard_error":0.001840649959678438}}