{"mean":{"confidence_interval":{"confidence_level":0.95,"lower_bound":0.016846319410580145,"upper_bound":0.02057817069804093},"point_estimate":0.018726519644102657,"standard_error":0.0009511803540566149},"median":{"confidence_interval":{"confidence_level":0.95,"lower_bound":0.01701026943385564,"upper_bound":0.0205229067391004},"point_estimate":0.019114185490640923,"standard_error":0.0009143869522018782}}