{"mean":{"confidence_interval":{"confidence_level":0.95,"lower_bound":-0.016199353024607375,"upper_bound":-0.012227732949320537},"point_estimate":-0.014183496604614265,"standard_error":0.0010132552800580486},"median":{"confidence_interval":{"confidence_level":0.95,"lower_bound":-0.016173116342955596,"upper_bound":-0.01220707525939524},"point_estimate":-0.014300679267535421,"standard_error":0.0009791383942236768}}