{"mean":{"confidence_interval":{"confidence_level":0.95,"lower_bound":-0.008038285359340588,"upper_bound":-0.005656647504259466},"point_estimate":-0.006829406808453786,"standard_error":0.0006086664637888347},"median":{"confidence_interval":{"confidence_level":0.95,"lower_bound":-0.0075055937285730895,"upper_bound":-0.004820771875540197},"point_estimate":-0.006525076405644481,"standard_error":0.0006547624473037958}}