{"mean":{"confidence_interval":{"confidence_level":0.95,"lower_bound":0.045429884786254024,"upper_bound":0.055845530838086216},"point_estimate":0.049999700263688496,"standard_error":0.002613433671349195},"median":{"confidence_interval":{"confidence_level":0.95,"lower_bound":0.04313002668699073,"upper_bound":0.051187886046656805},"point_estimate":0.046307627156669584,"standard_error":0.002079592148387408}}