{"mean":{"confidence_interval":{"confidence_level":0.95,"lower_bound":-0.07564689794086261,"upper_bound":-0.06169246342469711},"point_estimate":-0.06773959678814578,"standard_error":0.0035853009356987668},"median":{"confidence_interval":{"confidence_level":0.95,"lower_bound":-0.07162323319235953,"upper_bound":-0.06327168572997499},"point_estimate":-0.06692122399165512,"standard_error":0.002428302522317851}}