{"mean":{"confidence_interval":{"confidence_level":0.95,"lower_bound":-0.056410185129383644,"upper_bound":-0.04782611052611453},"point_estimate":-0.05248975295102509,"standard_error":0.0021923456022428767},"median":{"confidence_interval":{"confidence_level":0.95,"lower_bound":-0.05820645966752014,"upper_bound":-0.04850817598338508},"point_estimate":-0.05305989169677694,"standard_error":0.002511292858697071}}