{"mean":{"confidence_interval":{"confidence_level":0.95,"lower_bound":-0.2890175653830923,"upper_bound":-0.28333084263259445},"point_estimate":-0.28621529310097904,"standard_error":0.0014518551038181198},"median":{"confidence_interval":{"confidence_level":0.95,"lower_bound":-0.2895795075516172,"upper_bound":-0.2833348985178532},"point_estimate":-0.2877594356869412,"standard_error":0.001744034405763885}}