{"mean":{"confidence_interval":{"confidence_level":0.95,"lower_bound":-0.014732644962383348,"upper_bound":-0.007880754528499612},"point_estimate":-0.010992159487275055,"standard_error":0.0017441657034991081},"median":{"confidence_interval":{"confidence_level":0.95,"lower_bound":-0.012209708638677541,"upper_bound":-0.008214785935616642},"point_estimate":-0.010696855013001105,"standard_error":0.0010229986403758012}}