{"mean":{"confidence_interval":{"confidence_level":0.95,"lower_bound":-0.0052184902735960765,"upper_bound":0.0030248626533141303},"point_estimate":-0.0010028277390456974,"standard_error":0.002101043944473093},"median":{"confidence_interval":{"confidence_level":0.95,"lower_bound":-0.005051519292762263,"upper_bound":0.004669863427448684},"point_estimate":0.00011494054792748898,"standard_error":0.002371301191450988}}