{"mean":{"confidence_interval":{"confidence_level":0.95,"lower_bound":-0.0030554391875322233,"upper_bound":0.011564730692025214},"point_estimate":0.0038681713162007636,"standard_error":0.00375300952036359},"median":{"confidence_interval":{"confidence_level":0.95,"lower_bound":-0.0030520656243190336,"upper_bound":0.007880775444144561},"point_estimate":0.003426846252827742,"standard_error":0.0024957033184612076}}