{"mean":{"confidence_interval":{"confidence_level":0.95,"lower_bound":0.025691476435724548,"upper_bound":0.03267902854925606},"point_estimate":0.028476891689709793,"standard_error":0.00179729710446886},"median":{"confidence_interval":{"confidence_level":0.95,"lower_bound":0.025427229692239095,"upper_bound":0.02907740231494471},"point_estimate":0.027181374287619242,"standard_error":0.0009663542491612533}}