{"mean":{"confidence_interval":{"confidence_level":0.95,"lower_bound":-0.050138989943853934,"upper_bound":-0.04447944429720372},"point_estimate":-0.04704105600431019,"standard_error":0.0014500790352562731},"median":{"confidence_interval":{"confidence_level":0.95,"lower_bound":-0.049723206662163344,"upper_bound":-0.04489053967050649},"point_estimate":-0.046920486795322236,"standard_error":0.0012802267975563029}}