{"mean":{"confidence_interval":{"confidence_level":0.95,"lower_bound":-0.013530094481275958,"upper_bound":-0.009833078341036748},"point_estimate":-0.011714203486885122,"standard_error":0.0009418922866604377},"median":{"confidence_interval":{"confidence_level":0.95,"lower_bound":-0.013245991992242634,"upper_bound":-0.009806792473843085},"point_estimate":-0.011546114376620231,"standard_error":0.000818172579463215}}