{"mean":{"confidence_interval":{"confidence_level":0.95,"lower_bound":61832570.7015,"upper_bound":63097502.805},"point_estimate":62474302.53,"standard_error":323136.27024581743},"median":{"confidence_interval":{"confidence_level":0.95,"lower_bound":61761779.0,"upper_bound":63592910.0},"point_estimate":62359814.0,"standard_error":413398.095079104},"median_abs_dev":{"confidence_interval":{"confidence_level":0.95,"lower_bound":2901178.315293789,"upper_bound":4355587.391772866},"point_estimate":3702854.9621611834,"standard_error":363905.41727615905},"slope":null,"std_dev":{"confidence_interval":{"confidence_level":0.95,"lower_bound":2812372.127142088,"upper_bound":3644108.313164548},"point_estimate":3247556.4890328865,"standard_error":212687.72555460507}}