{"mean":{"confidence_interval":{"confidence_level":0.95,"lower_bound":60833632.64225,"upper_bound":61980800.982499994},"point_estimate":61413893.86,"standard_error":292297.88085180195},"median":{"confidence_interval":{"confidence_level":0.95,"lower_bound":60867998.5,"upper_bound":62413292.0},"point_estimate":61612217.5,"standard_error":344212.7758122813},"median_abs_dev":{"confidence_interval":{"confidence_level":0.95,"lower_bound":2166607.8497350216,"upper_bound":3440023.3453273773},"point_estimate":2770653.92011106,"standard_error":323583.715821519},"slope":null,"std_dev":{"confidence_interval":{"confidence_level":0.95,"lower_bound":2435187.355310115,"upper_bound":3416424.0251889452},"point_estimate":2936167.322553659,"standard_error":251983.00839309083}}