{"mean":{"confidence_interval":{"confidence_level":0.95,"lower_bound":-0.06162141214570278,"upper_bound":-0.0546005019960208},"point_estimate":-0.05797609163229289,"standard_error":0.0017863401884835861},"median":{"confidence_interval":{"confidence_level":0.95,"lower_bound":-0.06168372677785372,"upper_bound":-0.05253298062548706},"point_estimate":-0.05737114864079873,"standard_error":0.0024490843830514393}}