{"mean":{"confidence_interval":{"confidence_level":0.95,"lower_bound":-0.04754291912330455,"upper_bound":-0.043032623968779014},"point_estimate":-0.04527764725148875,"standard_error":0.0011559794533231018},"median":{"confidence_interval":{"confidence_level":0.95,"lower_bound":-0.04939070105581189,"upper_bound":-0.04341903338056796},"point_estimate":-0.04575332724290848,"standard_error":0.0015136471908872226}}