{"mean":{"confidence_interval":{"confidence_level":0.95,"lower_bound":-0.0037669594205228746,"upper_bound":0.006877074967807132},"point_estimate":0.0018530065304573906,"standard_error":0.002693280391309412},"median":{"confidence_interval":{"confidence_level":0.95,"lower_bound":-0.0024433015808041914,"upper_bound":0.010164272864761292},"point_estimate":0.0010012087003157255,"standard_error":0.0036834535669836503}}