{"mean":{"confidence_interval":{"confidence_level":0.95,"lower_bound":0.03313753457614248,"upper_bound":0.03875990680456126},"point_estimate":0.03567694753793571,"standard_error":0.0014530424824676842},"median":{"confidence_interval":{"confidence_level":0.95,"lower_bound":0.030829297424150057,"upper_bound":0.036006762767039735},"point_estimate":0.03358424200267218,"standard_error":0.0012911955997641162}}