{"mean":{"confidence_interval":{"confidence_level":0.95,"lower_bound":-0.27901274552210703,"upper_bound":-0.2750682983323274},"point_estimate":-0.2769445001602988,"standard_error":0.0010073547125806616},"median":{"confidence_interval":{"confidence_level":0.95,"lower_bound":-0.2800210457959469,"upper_bound":-0.2738704144194348},"point_estimate":-0.2766317163228392,"standard_error":0.0016328668904067628}}