{"mean":{"confidence_interval":{"confidence_level":0.95,"lower_bound":0.0056696501804570035,"upper_bound":0.00903444711933115},"point_estimate":0.0073899945974886805,"standard_error":0.000865647611712064},"median":{"confidence_interval":{"confidence_level":0.95,"lower_bound":0.004963145350246717,"upper_bound":0.0101909477694897},"point_estimate":0.007604391084445217,"standard_error":0.0013623860104667739}}