{"mean":{"confidence_interval":{"confidence_level":0.95,"lower_bound":0.0011339686858085807,"upper_bound":0.008263984541667794},"point_estimate":0.004684709747193372,"standard_error":0.0018089157628078402},"median":{"confidence_interval":{"confidence_level":0.95,"lower_bound":-0.0004206218899541758,"upper_bound":0.007613996094234521},"point_estimate":0.0027951797132774736,"standard_error":0.0021013720140460753}}