{"mean":{"confidence_interval":{"confidence_level":0.95,"lower_bound":1247331.3949999998,"upper_bound":1280992.809666667},"point_estimate":1262972.5266666666,"standard_error":8616.876020826992},"median":{"confidence_interval":{"confidence_level":0.95,"lower_bound":1233492.6666666665,"upper_bound":1271625.6666666665},"point_estimate":1250782.5,"standard_error":8951.347806324642},"median_abs_dev":{"confidence_interval":{"confidence_level":0.95,"lower_bound":28659.398791193962,"upper_bound":57141.3797855376},"point_estimate":44460.94931066036,"standard_error":7006.851977455208},"slope":null,"std_dev":{"confidence_interval":{"confidence_level":0.95,"lower_bound":37116.090956482854,"upper_bound":84854.98985848791},"point_estimate":61508.063277361674,"standard_error":13041.455529727271}}