{"mean":{"confidence_interval":{"confidence_level":0.95,"lower_bound":1162693.7175,"upper_bound":1189400.82},"point_estimate":1175689.045,"standard_error":6799.659562203197},"median":{"confidence_interval":{"confidence_level":0.95,"lower_bound":1151539.5,"upper_bound":1185354.5},"point_estimate":1165923.75,"standard_error":8518.127134318946},"median_abs_dev":{"confidence_interval":{"confidence_level":0.95,"lower_bound":47015.09841531515,"upper_bound":76711.9465380907},"point_estimate":64342.98560768366,"standard_error":7241.438239624214},"slope":null,"std_dev":{"confidence_interval":{"confidence_level":0.95,"lower_bound":53947.85810911565,"upper_bound":81659.82700852731},"point_estimate":68326.84413164694,"standard_error":7061.376043562874}}