{"mean":{"confidence_interval":{"confidence_level":0.95,"lower_bound":1154673.52,"upper_bound":1188787.1921249998},"point_estimate":1170243.12,"standard_error":8733.737011820329},"median":{"confidence_interval":{"confidence_level":0.95,"lower_bound":1138090.5,"upper_bound":1157196.5},"point_estimate":1150899.25,"standard_error":4900.142457607478},"median_abs_dev":{"confidence_interval":{"confidence_level":0.95,"lower_bound":35911.85161493719,"upper_bound":62306.2638938427},"point_estimate":49699.716317653656,"standard_error":6631.5571071640015},"slope":null,"std_dev":{"confidence_interval":{"confidence_level":0.95,"lower_bound":52386.595072479926,"upper_bound":126555.16783371296},"point_estimate":87601.01215653328,"standard_error":22228.522421687587}}