{"mean":{"confidence_interval":{"confidence_level":0.95,"lower_bound":116628765.973,"upper_bound":118243037.69725},"point_estimate":117415023.29,"standard_error":410399.62722029706},"median":{"confidence_interval":{"confidence_level":0.95,"lower_bound":116511136.5,"upper_bound":118362967.0},"point_estimate":117292327.5,"standard_error":517909.28280010016},"median_abs_dev":{"confidence_interval":{"confidence_level":0.95,"lower_bound":2511174.962195235,"upper_bound":4282377.346372604},"point_estimate":3376904.6166479588,"standard_error":452193.8377696236},"slope":null,"std_dev":{"confidence_interval":{"confidence_level":0.95,"lower_bound":3119439.3019023812,"upper_bound":5288329.74052685},"point_estimate":4110105.2894565514,"standard_error":585678.936971083}}