{"mean":{"confidence_interval":{"confidence_level":0.95,"lower_bound":119187105.75402577,"upper_bound":120839573.6811111},"point_estimate":120024005.60365078,"standard_error":423613.354968828},"median":{"confidence_interval":{"confidence_level":0.95,"lower_bound":118490320.33333333,"upper_bound":121080069.1},"point_estimate":120279433.94444445,"standard_error":571909.4348129446},"median_abs_dev":{"confidence_interval":{"confidence_level":0.95,"lower_bound":93055.4491229429,"upper_bound":2556685.3037097496},"point_estimate":1600984.0701485083,"standard_error":670194.8434879819},"slope":{"confidence_interval":{"confidence_level":0.95,"lower_bound":119106720.67386404,"upper_bound":120778208.59809758},"point_estimate":120045526.7038961,"standard_error":431428.90032680874},"std_dev":{"confidence_interval":{"confidence_level":0.95,"lower_bound":803214.7947194886,"upper_bound":1735234.327920669},"point_estimate":1415353.9646423114,"standard_error":233630.99387327448}}