{"mean":{"confidence_interval":{"confidence_level":0.95,"lower_bound":-0.008546563966869022,"upper_bound":-0.001435984355387019},"point_estimate":-0.005009895505891038,"standard_error":0.001812453535111313},"median":{"confidence_interval":{"confidence_level":0.95,"lower_bound":-0.010484365313341945,"upper_bound":0.0021575010242957937},"point_estimate":-0.004844998529785816,"standard_error":0.003265641075314993}}