{"mean":{"confidence_interval":{"confidence_level":0.95,"lower_bound":-0.007126533573335813,"upper_bound":0.004824319723431544},"point_estimate":-0.0013366940801520233,"standard_error":0.0030551741531509814},"median":{"confidence_interval":{"confidence_level":0.95,"lower_bound":-0.009869044799339033,"upper_bound":0.009395066661136653},"point_estimate":-0.003028502912543085,"standard_error":0.005106960845947685}}