{"mean":{"confidence_interval":{"confidence_level":0.95,"lower_bound":-0.011035722752571387,"upper_bound":0.0009088627770759331},"point_estimate":-0.00548088756067977,"standard_error":0.003060459471794205},"median":{"confidence_interval":{"confidence_level":0.95,"lower_bound":-0.012442257407357937,"upper_bound":-0.0008557197352389023},"point_estimate":-0.005763750204712426,"standard_error":0.003088510004573164}}