{"mean":{"confidence_interval":{"confidence_level":0.95,"lower_bound":0.0023808687563440854,"upper_bound":0.010607328484016508},"point_estimate":0.006229137770665805,"standard_error":0.0021004402000220157},"median":{"confidence_interval":{"confidence_level":0.95,"lower_bound":0.0008017214271189843,"upper_bound":0.010678596747354607},"point_estimate":0.004985209751549258,"standard_error":0.0024027519180017734}}