{"mean":{"confidence_interval":{"confidence_level":0.95,"lower_bound":-0.009384284714915148,"upper_bound":-0.0019844179269791285},"point_estimate":-0.005683055416684346,"standard_error":0.0018829650209983538},"median":{"confidence_interval":{"confidence_level":0.95,"lower_bound":-0.011291766168952888,"upper_bound":-0.0005810460003164986},"point_estimate":-0.006245832515098804,"standard_error":0.002730672624550637}}