{"mean":{"confidence_interval":{"confidence_level":0.95,"lower_bound":-0.0016794370200199742,"upper_bound":0.0054671751848396595},"point_estimate":0.0017771143259650568,"standard_error":0.0018215394339813004},"median":{"confidence_interval":{"confidence_level":0.95,"lower_bound":-0.003151265358140032,"upper_bound":0.008861777280854207},"point_estimate":0.0035766992970083233,"standard_error":0.003165295932288185}}