{"mean":{"confidence_interval":{"confidence_level":0.95,"lower_bound":-0.0020504762335798316,"upper_bound":0.009470229054663182},"point_estimate":0.004147347012354086,"standard_error":0.0029351790470347324},"median":{"confidence_interval":{"confidence_level":0.95,"lower_bound":-0.001740535688351419,"upper_bound":0.006736227859780897},"point_estimate":0.00244396307532746,"standard_error":0.0021779435634861136}}