{"mean":{"confidence_interval":{"confidence_level":0.95,"lower_bound":-0.0010213960517819862,"upper_bound":0.012285196168400897},"point_estimate":0.00549817591499413,"standard_error":0.0034191787639398343},"median":{"confidence_interval":{"confidence_level":0.95,"lower_bound":-0.005305740027265915,"upper_bound":0.013526736532098127},"point_estimate":0.007039964403798615,"standard_error":0.0052155337558420535}}