{"mean":{"confidence_interval":{"confidence_level":0.95,"lower_bound":51277477.5955,"upper_bound":51648906.11625},"point_estimate":51463182.54,"standard_error":94860.53650102825},"median":{"confidence_interval":{"confidence_level":0.95,"lower_bound":51320801.0,"upper_bound":51696898.0},"point_estimate":51513157.5,"standard_error":100437.54375325624},"median_abs_dev":{"confidence_interval":{"confidence_level":0.95,"lower_bound":631726.9531846046,"upper_bound":1197621.278437972},"point_estimate":840869.9184715748,"standard_error":154311.08823324993},"slope":null,"std_dev":{"confidence_interval":{"confidence_level":0.95,"lower_bound":802656.7631240699,"upper_bound":1092669.0137066448},"point_estimate":953470.2716944878,"standard_error":73865.39676183397}}