{"mean":{"confidence_interval":{"confidence_level":0.95,"lower_bound":-0.020630549012393647,"upper_bound":-0.010700440363681217},"point_estimate":-0.015914254347089152,"standard_error":0.0025257035213752726},"median":{"confidence_interval":{"confidence_level":0.95,"lower_bound":-0.023293179634763628,"upper_bound":-0.00899036077484705},"point_estimate":-0.01320262635257663,"standard_error":0.0033877835974660143}}