{"mean":{"confidence_interval":{"confidence_level":0.95,"lower_bound":-0.027594457345683897,"upper_bound":-0.012181155396474314},"point_estimate":-0.019544735573346017,"standard_error":0.00393514688256297},"median":{"confidence_interval":{"confidence_level":0.95,"lower_bound":-0.029307930638614255,"upper_bound":-0.005840486688294622},"point_estimate":-0.015824871446699307,"standard_error":0.005984782544708014}}