{"mean":{"confidence_interval":{"confidence_level":0.95,"lower_bound":0.03838794365570833,"upper_bound":0.0539905832026049},"point_estimate":0.046121922496869194,"standard_error":0.004003071546181943},"median":{"confidence_interval":{"confidence_level":0.95,"lower_bound":0.032172959232642295,"upper_bound":0.05538595548258818},"point_estimate":0.04186102814889381,"standard_error":0.005943516466371465}}