{"mean":{"confidence_interval":{"confidence_level":0.95,"lower_bound":0.027900027201389566,"upper_bound":0.04099670002727652},"point_estimate":0.033430904897221,"standard_error":0.0033951586986807817},"median":{"confidence_interval":{"confidence_level":0.95,"lower_bound":0.02660984985318482,"upper_bound":0.03619930839636121},"point_estimate":0.03269283819907032,"standard_error":0.002656161072559417}}