{"mean":{"confidence_interval":{"confidence_level":0.95,"lower_bound":-0.07241622896925463,"upper_bound":-0.06117031990909003},"point_estimate":-0.06608933335914857,"standard_error":0.0029088637393763044},"median":{"confidence_interval":{"confidence_level":0.95,"lower_bound":-0.06869367280688288,"upper_bound":-0.05972717099674163},"point_estimate":-0.06629077445735143,"standard_error":0.0023975780173760165}}