{"mean":{"confidence_interval":{"confidence_level":0.95,"lower_bound":0.03990988668479425,"upper_bound":0.04683891897969294},"point_estimate":0.04317399566835367,"standard_error":0.0017515449774441925},"median":{"confidence_interval":{"confidence_level":0.95,"lower_bound":0.03833531246086963,"upper_bound":0.04706585777508199},"point_estimate":0.042152393717468595,"standard_error":0.002225787666366109}}