{"mean":{"confidence_interval":{"confidence_level":0.95,"lower_bound":-0.03542010812190313,"upper_bound":-0.02558760750842128},"point_estimate":-0.030478032458375104,"standard_error":0.002512526489782679},"median":{"confidence_interval":{"confidence_level":0.95,"lower_bound":-0.03712485441833058,"upper_bound":-0.022681437842750896},"point_estimate":-0.03284362721583056,"standard_error":0.00324126209540246}}