{"mean":{"confidence_interval":{"confidence_level":0.95,"lower_bound":-0.0066393019353302996,"upper_bound":-0.0007083803698742269},"point_estimate":-0.003522613761211879,"standard_error":0.0015201461802924574},"median":{"confidence_interval":{"confidence_level":0.95,"lower_bound":-0.005873260746811382,"upper_bound":0.00030405212225526057},"point_estimate":-0.00257306988099415,"standard_error":0.0015744577602071251}}