{"mean":{"confidence_interval":{"confidence_level":0.95,"lower_bound":-0.23801750838088143,"upper_bound":-0.23256785936724608},"point_estimate":-0.2354875880157904,"standard_error":0.001388671199644647},"median":{"confidence_interval":{"confidence_level":0.95,"lower_bound":-0.23929219255710366,"upper_bound":-0.2306498312731905},"point_estimate":-0.23499449221870228,"standard_error":0.002033848356652756}}