{"mean":{"confidence_interval":{"confidence_level":0.95,"lower_bound":62801645.68333332,"upper_bound":64194241.28611111},"point_estimate":63513843.13333335,"standard_error":356095.24667529325},"median":{"confidence_interval":{"confidence_level":0.95,"lower_bound":63075497.0,"upper_bound":64467661.5},"point_estimate":63461420.83333333,"standard_error":397003.16795733565},"median_abs_dev":{"confidence_interval":{"confidence_level":0.95,"lower_bound":1047076.3474106715,"upper_bound":2822594.092088934},"point_estimate":2114358.0614626408,"standard_error":477098.7114422845},"slope":null,"std_dev":{"confidence_interval":{"confidence_level":0.95,"lower_bound":1379638.006148686,"upper_bound":2501974.474089842},"point_estimate":1981529.3265751966,"standard_error":288900.77969474817}}