{"mean":{"confidence_interval":{"confidence_level":0.95,"lower_bound":60287435.7565,"upper_bound":61425294.8075},"point_estimate":60859968.29,"standard_error":290313.3667675152},"median":{"confidence_interval":{"confidence_level":0.95,"lower_bound":60314557.0,"upper_bound":61986890.0},"point_estimate":61227572.5,"standard_error":461259.4308882817},"median_abs_dev":{"confidence_interval":{"confidence_level":0.95,"lower_bound":2520990.0149434805,"upper_bound":3939539.445859194},"point_estimate":3231486.022129655,"standard_error":364438.106646518},"slope":null,"std_dev":{"confidence_interval":{"confidence_level":0.95,"lower_bound":2528949.460676985,"upper_bound":3265722.631754381},"point_estimate":2920818.565411313,"standard_error":187800.93399138228}}