{"mean":{"confidence_interval":{"confidence_level":0.95,"lower_bound":14183861.922125,"upper_bound":14262621.52775},"point_estimate":14221581.835,"standard_error":20072.169760842517},"median":{"confidence_interval":{"confidence_level":0.95,"lower_bound":14138874.5,"upper_bound":14229691.75},"point_estimate":14170084.25,"standard_error":25872.590948585188},"median_abs_dev":{"confidence_interval":{"confidence_level":0.95,"lower_bound":122625.10252296925,"upper_bound":200715.1257365942},"point_estimate":154439.10340815783,"standard_error":19569.080615679417},"slope":null,"std_dev":{"confidence_interval":{"confidence_level":0.95,"lower_bound":152678.80154061897,"upper_bound":254055.80304173988},"point_estimate":202001.6652484122,"standard_error":26507.775463428483}}