{"mean":{"confidence_interval":{"confidence_level":0.95,"lower_bound":13699740.905875001,"upper_bound":13740290.034125},"point_estimate":13719419.37,"standard_error":10349.630855075407},"median":{"confidence_interval":{"confidence_level":0.95,"lower_bound":13666215.0,"upper_bound":13726380.25},"point_estimate":13695833.75,"standard_error":13379.72056780096},"median_abs_dev":{"confidence_interval":{"confidence_level":0.95,"lower_bound":59137.20645010471,"upper_bound":105337.9868298769},"point_estimate":83464.44811820984,"standard_error":11218.931690079935},"slope":null,"std_dev":{"confidence_interval":{"confidence_level":0.95,"lower_bound":82613.29550063159,"upper_bound":124069.2406194487},"point_estimate":104326.28263286788,"standard_error":10595.62294063398}}