{"mean":{"confidence_interval":{"confidence_level":0.95,"lower_bound":165804393.2675,"upper_bound":166649508.6},"point_estimate":166219187.9,"standard_error":216461.41705441306},"median":{"confidence_interval":{"confidence_level":0.95,"lower_bound":165573425.5,"upper_bound":166886459.75},"point_estimate":166074951.25,"standard_error":407596.71873197024},"median_abs_dev":{"confidence_interval":{"confidence_level":0.95,"lower_bound":136095.26458382607,"upper_bound":1154416.0913050175},"point_estimate":1031719.4533333182,"standard_error":272623.99339525215},"slope":null,"std_dev":{"confidence_interval":{"confidence_level":0.95,"lower_bound":463398.9422261701,"upper_bound":846906.1258927189},"point_estimate":720709.6301285205,"standard_error":97920.29676986937}}