{"mean":{"confidence_interval":{"confidence_level":0.95,"lower_bound":110577188.95549999,"upper_bound":110756093.043},"point_estimate":110664890.52,"standard_error":45796.01102979952},"median":{"confidence_interval":{"confidence_level":0.95,"lower_bound":110541100.0,"upper_bound":110749739.0},"point_estimate":110675790.0,"standard_error":68182.10549172359},"median_abs_dev":{"confidence_interval":{"confidence_level":0.95,"lower_bound":319914.68102037907,"upper_bound":518901.09518766403},"point_estimate":398730.4369211197,"standard_error":50375.02609817474},"slope":null,"std_dev":{"confidence_interval":{"confidence_level":0.95,"lower_bound":367363.1866779081,"upper_bound":562879.8763069105},"point_estimate":460440.83775426366,"standard_error":50973.69838936605}}