{"mean":{"confidence_interval":{"confidence_level":0.95,"lower_bound":175116278.15875,"upper_bound":176168381.35},"point_estimate":175594515.25,"standard_error":271216.94342189055},"median":{"confidence_interval":{"confidence_level":0.95,"lower_bound":174971465.25,"upper_bound":176382814.0},"point_estimate":175183861.75,"standard_error":346093.03687806334},"median_abs_dev":{"confidence_interval":{"confidence_level":0.95,"lower_bound":71894.97922360897,"upper_bound":1532278.1922966242},"point_estimate":388842.23639667034,"standard_error":343302.17847303586},"slope":null,"std_dev":{"confidence_interval":{"confidence_level":0.95,"lower_bound":233842.53204286346,"upper_bound":1188003.257017913},"point_estimate":903969.1288369203,"standard_error":224015.91090669812}}