{"mean":{"confidence_interval":{"confidence_level":0.95,"lower_bound":15643261.81025,"upper_bound":15721383.027},"point_estimate":15680699.57,"standard_error":19906.551400906086},"median":{"confidence_interval":{"confidence_level":0.95,"lower_bound":15603742.0,"upper_bound":15681815.5},"point_estimate":15638986.5,"standard_error":18152.48437876813},"median_abs_dev":{"confidence_interval":{"confidence_level":0.95,"lower_bound":112266.91780686378,"upper_bound":183491.5209198742},"point_estimate":140555.6666046381,"standard_error":18554.61797567172},"slope":null,"std_dev":{"confidence_interval":{"confidence_level":0.95,"lower_bound":150475.27881035686,"upper_bound":246669.53130789744},"point_estimate":199445.22762976302,"standard_error":24895.345880361834}}