{"mean":{"confidence_interval":{"confidence_level":0.95,"lower_bound":15877745.47125,"upper_bound":16021905.186999999},"point_estimate":15948572.58,"standard_error":36690.48015695745},"median":{"confidence_interval":{"confidence_level":0.95,"lower_bound":15759491.0,"upper_bound":15918056.0},"point_estimate":15862356.0,"standard_error":44287.05695336803},"median_abs_dev":{"confidence_interval":{"confidence_level":0.95,"lower_bound":220154.97659146786,"upper_bound":453743.7915444374},"point_estimate":339751.12736821175,"standard_error":57940.80308986778},"slope":null,"std_dev":{"confidence_interval":{"confidence_level":0.95,"lower_bound":321349.51411027025,"upper_bound":409616.18887586787},"point_estimate":368885.5701244274,"standard_error":22391.497518373566}}