{"mean":{"confidence_interval":{"confidence_level":0.95,"lower_bound":16624402.716500001,"upper_bound":16896521.84375},"point_estimate":16729355.88,"standard_error":73053.15536666526},"median":{"confidence_interval":{"confidence_level":0.95,"lower_bound":16626646.0,"upper_bound":16704163.0},"point_estimate":16678169.5,"standard_error":18184.530210590226},"median_abs_dev":{"confidence_interval":{"confidence_level":0.95,"lower_bound":116556.07953071594,"upper_bound":209558.14887709916},"point_estimate":163060.0516051054,"standard_error":24454.48236176452},"slope":null,"std_dev":{"confidence_interval":{"confidence_level":0.95,"lower_bound":190073.68824179374,"upper_bound":1213538.4905821187},"point_estimate":731093.6265476479,"standard_error":339620.2373446619}}