{"mean":{"confidence_interval":{"confidence_level":0.95,"lower_bound":15085089.3475,"upper_bound":15183036.5065},"point_estimate":15133191.29,"standard_error":24965.310255239143},"median":{"confidence_interval":{"confidence_level":0.95,"lower_bound":15071361.0,"upper_bound":15175098.0},"point_estimate":15121675.0,"standard_error":28572.984964810687},"median_abs_dev":{"confidence_interval":{"confidence_level":0.95,"lower_bound":192242.71552450964,"upper_bound":336198.076531291},"point_estimate":269241.6378200054,"standard_error":37727.701039799475},"slope":null,"std_dev":{"confidence_interval":{"confidence_level":0.95,"lower_bound":214273.47288041117,"upper_bound":288777.6549355529},"point_estimate":251518.4631204449,"standard_error":19089.943720910913}}