{"mean":{"confidence_interval":{"confidence_level":0.95,"lower_bound":11510996.4287,"upper_bound":11676086.610300003},"point_estimate":11595317.293999998,"standard_error":41992.3189904029},"median":{"confidence_interval":{"confidence_level":0.95,"lower_bound":11541296.8,"upper_bound":11716234.399999999},"point_estimate":11623287.9,"standard_error":42709.644014517165},"median_abs_dev":{"confidence_interval":{"confidence_level":0.95,"lower_bound":333273.35156321636,"upper_bound":488772.58808255417},"point_estimate":397591.6518813377,"standard_error":39116.61215321197},"slope":null,"std_dev":{"confidence_interval":{"confidence_level":0.95,"lower_bound":342938.0290674823,"upper_bound":501936.09930650267},"point_estimate":421955.17243402073,"standard_error":40966.01793333164}}