{"mean":{"confidence_interval":{"confidence_level":0.95,"lower_bound":10598215.436449999,"upper_bound":10739383.561299998},"point_estimate":10667917.976000002,"standard_error":35994.62009066005},"median":{"confidence_interval":{"confidence_level":0.95,"lower_bound":10569740.8,"upper_bound":10743551.3},"point_estimate":10645703.4,"standard_error":47719.52314275374},"median_abs_dev":{"confidence_interval":{"confidence_level":0.95,"lower_bound":245902.99381435028,"upper_bound":427535.57528972736},"point_estimate":329022.4409186835,"standard_error":43483.17774584815},"slope":null,"std_dev":{"confidence_interval":{"confidence_level":0.95,"lower_bound":298607.5890770546,"upper_bound":423505.70125137817},"point_estimate":361796.3959202203,"standard_error":32023.48074286271}}