{"mean":{"confidence_interval":{"confidence_level":0.95,"lower_bound":15577184.0005,"upper_bound":15700577.569249999},"point_estimate":15637898.31,"standard_error":31405.23926591815},"median":{"confidence_interval":{"confidence_level":0.95,"lower_bound":15550778.5,"upper_bound":15686142.0},"point_estimate":15602550.5,"standard_error":38508.55560302164},"median_abs_dev":{"confidence_interval":{"confidence_level":0.95,"lower_bound":232455.36727309227,"upper_bound":381968.16161870956},"point_estimate":315859.7700923681,"standard_error":39385.9905073946},"slope":null,"std_dev":{"confidence_interval":{"confidence_level":0.95,"lower_bound":261114.56879628162,"upper_bound":366616.1692142217},"point_estimate":314611.3911031712,"standard_error":27094.055470527448}}