{"mean":{"confidence_interval":{"confidence_level":0.95,"lower_bound":-0.07446831450611055,"upper_bound":-0.05650331642957891},"point_estimate":-0.06497412777559308,"standard_error":0.004575092442519967},"median":{"confidence_interval":{"confidence_level":0.95,"lower_bound":-0.0761957490578421,"upper_bound":-0.0505079439437045},"point_estimate":-0.06502384161935981,"standard_error":0.006489862940023097}}