{"mean":{"confidence_interval":{"confidence_level":0.95,"lower_bound":0.003354548765536887,"upper_bound":0.02540603598134303},"point_estimate":0.01357935848591163,"standard_error":0.005646762335110603},"median":{"confidence_interval":{"confidence_level":0.95,"lower_bound":-0.002114571416096389,"upper_bound":0.025694690099138162},"point_estimate":0.009158345716759886,"standard_error":0.007544288966821581}}