{"mean":{"confidence_interval":{"confidence_level":0.95,"lower_bound":-0.2827708776177897,"upper_bound":-0.2706945589728162},"point_estimate":-0.27666553993643817,"standard_error":0.003093231735139127},"median":{"confidence_interval":{"confidence_level":0.95,"lower_bound":-0.2849981118075334,"upper_bound":-0.2683146047359216},"point_estimate":-0.2731900844370919,"standard_error":0.0045402912289126416}}