{"mean":{"confidence_interval":{"confidence_level":0.95,"lower_bound":0.038830078501992014,"upper_bound":0.05429060489352344},"point_estimate":0.04648007247345198,"standard_error":0.003940152980254616},"median":{"confidence_interval":{"confidence_level":0.95,"lower_bound":0.035903603531942,"upper_bound":0.05486896874756453},"point_estimate":0.04541474137563806,"standard_error":0.004478844854044344}}