{"mean":{"confidence_interval":{"confidence_level":0.95,"lower_bound":0.007998401694755703,"upper_bound":0.030014900180917365},"point_estimate":0.018739596285404003,"standard_error":0.005628390527833431},"median":{"confidence_interval":{"confidence_level":0.95,"lower_bound":0.0041770106590961475,"upper_bound":0.03488227013746492},"point_estimate":0.017922762615858456,"standard_error":0.008077455469931015}}