{"mean":{"confidence_interval":{"confidence_level":0.95,"lower_bound":0.013666646771988585,"upper_bound":0.026336246830693702},"point_estimate":0.019893263616684864,"standard_error":0.0032400655363226598},"median":{"confidence_interval":{"confidence_level":0.95,"lower_bound":0.011672844115085734,"upper_bound":0.03258081037892979},"point_estimate":0.020186577951236684,"standard_error":0.005292832438241757}}