{"mean":{"confidence_interval":{"confidence_level":0.95,"lower_bound":-0.006456837152847488,"upper_bound":0.010858982252783887},"point_estimate":0.0021012907015838245,"standard_error":0.0043881856357453316},"median":{"confidence_interval":{"confidence_level":0.95,"lower_bound":-0.013633874790115463,"upper_bound":0.012487265903352585},"point_estimate":0.0006167330287043526,"standard_error":0.005477431107785201}}