{"mean":{"confidence_interval":{"confidence_level":0.95,"lower_bound":-0.0588624973387104,"upper_bound":-0.04439737785896443},"point_estimate":-0.05167105537798322,"standard_error":0.003690651419873247},"median":{"confidence_interval":{"confidence_level":0.95,"lower_bound":-0.059452057543137427,"upper_bound":-0.045852969139804634},"point_estimate":-0.05232293705436197,"standard_error":0.003335162080734368}}