{"mean":{"confidence_interval":{"confidence_level":0.95,"lower_bound":-0.010122826426582103,"upper_bound":0.001376669339461103},"point_estimate":-0.004534616904381172,"standard_error":0.002950867400052894},"median":{"confidence_interval":{"confidence_level":0.95,"lower_bound":-0.012268651880377845,"upper_bound":0.002932237412080596},"point_estimate":-0.004154498732069856,"standard_error":0.004008220759378098}}