{"mean":{"confidence_interval":{"confidence_level":0.95,"lower_bound":116763540.6225,"upper_bound":118176004.37725},"point_estimate":117468373.37,"standard_error":360776.2671274998},"median":{"confidence_interval":{"confidence_level":0.95,"lower_bound":116860412.0,"upper_bound":118873362.0},"point_estimate":117955775.0,"standard_error":548498.9184077623},"median_abs_dev":{"confidence_interval":{"confidence_level":0.95,"lower_bound":2375569.270655217,"upper_bound":4172189.033728838},"point_estimate":2927287.6421302557,"standard_error":454566.9837069382},"slope":null,"std_dev":{"confidence_interval":{"confidence_level":0.95,"lower_bound":3008755.080680479,"upper_bound":4258777.937929815},"point_estimate":3628623.6422653757,"standard_error":321293.91794428014}}