{"mean":{"confidence_interval":{"confidence_level":0.95,"lower_bound":115093891.07599999,"upper_bound":116202404.37674999},"point_estimate":115655243.16,"standard_error":283051.1641803916},"median":{"confidence_interval":{"confidence_level":0.95,"lower_bound":115128350.0,"upper_bound":116694319.0},"point_estimate":115961967.0,"standard_error":388789.8969427397},"median_abs_dev":{"confidence_interval":{"confidence_level":0.95,"lower_bound":2305216.121274233,"upper_bound":3469168.073219954},"point_estimate":2961715.096119046,"standard_error":294293.95409801725},"slope":null,"std_dev":{"confidence_interval":{"confidence_level":0.95,"lower_bound":2384162.2129675867,"upper_bound":3267116.692437781},"point_estimate":2841617.3149180044,"standard_error":226198.54015968417}}