{"mean":{"confidence_interval":{"confidence_level":0.95,"lower_bound":118101394.53125,"upper_bound":118960322.42025},"point_estimate":118538023.95,"standard_error":218909.6033791801},"median":{"confidence_interval":{"confidence_level":0.95,"lower_bound":118172937.0,"upper_bound":119294789.0},"point_estimate":118522834.0,"standard_error":328998.6986752197},"median_abs_dev":{"confidence_interval":{"confidence_level":0.95,"lower_bound":1849930.4257571697,"upper_bound":2960765.490835905},"point_estimate":2605827.3506373167,"standard_error":295197.0770091248},"slope":null,"std_dev":{"confidence_interval":{"confidence_level":0.95,"lower_bound":1858218.9796250705,"upper_bound":2504857.688873684},"point_estimate":2191275.263849919,"standard_error":165495.34721538614}}