{"mean":{"confidence_interval":{"confidence_level":0.95,"lower_bound":-0.000675012190921101,"upper_bound":0.025575979918077252},"point_estimate":0.012420348778222401,"standard_error":0.006701457228741071},"median":{"confidence_interval":{"confidence_level":0.95,"lower_bound":0.00010169823094852148,"upper_bound":0.031925514613206696},"point_estimate":0.012144185023720278,"standard_error":0.007526368234575998}}