{"mean":{"confidence_interval":{"confidence_level":0.95,"lower_bound":-0.0068200329385689745,"upper_bound":0.018795761855601854},"point_estimate":0.005517590969746022,"standard_error":0.006575450000059179},"median":{"confidence_interval":{"confidence_level":0.95,"lower_bound":-0.011559777540009586,"upper_bound":0.019257983939955592},"point_estimate":0.0018142280143389478,"standard_error":0.007757096489842592}}