{"mean":{"confidence_interval":{"confidence_level":0.95,"lower_bound":-0.028136550780481565,"upper_bound":0.011156457033831457},"point_estimate":-0.008382232165590753,"standard_error":0.010119942308016928},"median":{"confidence_interval":{"confidence_level":0.95,"lower_bound":-0.032005354825227685,"upper_bound":0.018407207195289432},"point_estimate":-0.008830828914740407,"standard_error":0.013030793972808395}}