{"mean":{"confidence_interval":{"confidence_level":0.95,"lower_bound":-0.03575845887844776,"upper_bound":-0.015559571911862285},"point_estimate":-0.025386515314497426,"standard_error":0.005149107562972661},"median":{"confidence_interval":{"confidence_level":0.95,"lower_bound":-0.04030288034476293,"upper_bound":-0.013663027340066414},"point_estimate":-0.024478493575521454,"standard_error":0.006746608309305199}}