{"mean":{"confidence_interval":{"confidence_level":0.95,"lower_bound":-0.017028256929285064,"upper_bound":0.022474918378319948},"point_estimate":0.0027045301377939257,"standard_error":0.01012628777457807},"median":{"confidence_interval":{"confidence_level":0.95,"lower_bound":-0.01818330177317895,"upper_bound":0.03109673825342485},"point_estimate":0.010486078895241002,"standard_error":0.012958630866646857}}