{"mean":{"confidence_interval":{"confidence_level":0.95,"lower_bound":0.07466709093034116,"upper_bound":0.09946936685197055},"point_estimate":0.08720134936139057,"standard_error":0.006359176244990524},"median":{"confidence_interval":{"confidence_level":0.95,"lower_bound":0.07515162147717591,"upper_bound":0.10568381774696589},"point_estimate":0.08979972707356776,"standard_error":0.007789401692031379}}