{"mean":{"confidence_interval":{"confidence_level":0.95,"lower_bound":0.006539330661022808,"upper_bound":0.02491813681452702},"point_estimate":0.015548837766343526,"standard_error":0.004680325138942247},"median":{"confidence_interval":{"confidence_level":0.95,"lower_bound":0.005142303065804654,"upper_bound":0.025212726372113803},"point_estimate":0.01518409254937314,"standard_error":0.005382392810364518}}