{"mean":{"confidence_interval":{"confidence_level":0.95,"lower_bound":3333495.0098833307,"upper_bound":3353885.69325},"point_estimate":3343643.617333333,"standard_error":5197.4779986493395},"median":{"confidence_interval":{"confidence_level":0.95,"lower_bound":3327819.6666666665,"upper_bound":3360376.4000000004},"point_estimate":3342401.7,"standard_error":9893.933164755439},"median_abs_dev":{"confidence_interval":{"confidence_level":0.95,"lower_bound":40875.92373430766,"upper_bound":67894.92449462379},"point_estimate":49636.85407876948,"standard_error":7096.626340430008},"slope":null,"std_dev":{"confidence_interval":{"confidence_level":0.95,"lower_bound":45632.223574355485,"upper_bound":57749.3349147994},"point_estimate":52091.13346285952,"standard_error":3093.7536283960253}}