{"mean":{"confidence_interval":{"confidence_level":0.95,"lower_bound":3313034.25621875,"upper_bound":3328731.0585},"point_estimate":3320762.29625,"standard_error":4003.869867028376},"median":{"confidence_interval":{"confidence_level":0.95,"lower_bound":3309147.6875,"upper_bound":3328442.4812499997},"point_estimate":3318201.90625,"standard_error":4598.3019370548},"median_abs_dev":{"confidence_interval":{"confidence_level":0.95,"lower_bound":27062.638619542122,"upper_bound":44244.81403324753},"point_estimate":35447.436439432204,"standard_error":4394.784533823788},"slope":null,"std_dev":{"confidence_interval":{"confidence_level":0.95,"lower_bound":33388.87672109282,"upper_bound":46344.745170420116},"point_estimate":40179.62363508352,"standard_error":3310.6415236501803}}