{"mean":{"confidence_interval":{"confidence_level":0.95,"lower_bound":9587904.57341667,"upper_bound":9747366.681916667},"point_estimate":9666270.348333335,"standard_error":40705.94048175247},"median":{"confidence_interval":{"confidence_level":0.95,"lower_bound":9584305.0,"upper_bound":9783272.0},"point_estimate":9681363.5,"standard_error":49112.20423063252},"median_abs_dev":{"confidence_interval":{"confidence_level":0.95,"lower_bound":280571.17261886643,"upper_bound":473544.6554929018},"point_estimate":350965.1429191232,"standard_error":50698.25931036136},"slope":null,"std_dev":{"confidence_interval":{"confidence_level":0.95,"lower_bound":331987.2991820274,"upper_bound":489990.05380425934},"point_estimate":409031.0890869536,"standard_error":40682.20681486547}}