{"mean":{"confidence_interval":{"confidence_level":0.95,"lower_bound":10175035.710350003,"upper_bound":10308317.388799999},"point_estimate":10242390.651999999,"standard_error":33995.799239489024},"median":{"confidence_interval":{"confidence_level":0.95,"lower_bound":10171117.2,"upper_bound":10363956.0},"point_estimate":10292480.9,"standard_error":47483.857208712834},"median_abs_dev":{"confidence_interval":{"confidence_level":0.95,"lower_bound":294412.56782913365,"upper_bound":444189.47253406077},"point_estimate":360956.9030517348,"standard_error":37668.08587657159},"slope":null,"std_dev":{"confidence_interval":{"confidence_level":0.95,"lower_bound":294215.5292878945,"upper_bound":386825.34952877136},"point_estimate":341847.9744735563,"standard_error":23710.43754242094}}