{"mean":{"confidence_interval":{"confidence_level":0.95,"lower_bound":91552052.87500001,"upper_bound":92959720.63833334},"point_estimate":92257505.6,"standard_error":360970.991718259},"median":{"confidence_interval":{"confidence_level":0.95,"lower_bound":91058294.66666667,"upper_bound":93545094.0},"point_estimate":92355376.0,"standard_error":687501.4160435925},"median_abs_dev":{"confidence_interval":{"confidence_level":0.95,"lower_bound":221108.04127455127,"upper_bound":1903647.7409035005},"point_estimate":1785646.3734984398,"standard_error":459814.5020041515},"slope":null,"std_dev":{"confidence_interval":{"confidence_level":0.95,"lower_bound":797192.9040838536,"upper_bound":1393492.0091844471},"point_estimate":1203437.0995849073,"standard_error":153589.18302041836}}