{"mean":{"confidence_interval":{"confidence_level":0.95,"lower_bound":59871346.6225,"upper_bound":60618092.7815},"point_estimate":60238287.71,"standard_error":190581.00094825408},"median":{"confidence_interval":{"confidence_level":0.95,"lower_bound":59096949.0,"upper_bound":59399685.0},"point_estimate":59231604.0,"standard_error":87471.5649733893},"median_abs_dev":{"confidence_interval":{"confidence_level":0.95,"lower_bound":571764.6798491478,"upper_bound":1105052.9251813889},"point_estimate":797407.500243187,"standard_error":141483.72796969322},"slope":null,"std_dev":{"confidence_interval":{"confidence_level":0.95,"lower_bound":1691435.244332285,"upper_bound":2077370.8063320587},"point_estimate":1915620.1941731786,"standard_error":98398.5926101504}}