{"mean":{"confidence_interval":{"confidence_level":0.95,"lower_bound":61922858.31775,"upper_bound":62640810.7255},"point_estimate":62277549.5,"standard_error":183422.67610420063},"median":{"confidence_interval":{"confidence_level":0.95,"lower_bound":61205136.0,"upper_bound":62298697.0},"point_estimate":61632110.0,"standard_error":296421.3058887684},"median_abs_dev":{"confidence_interval":{"confidence_level":0.95,"lower_bound":1188699.7330963612,"upper_bound":2607239.5271122456},"point_estimate":1869640.109807253,"standard_error":379817.5386319501},"slope":null,"std_dev":{"confidence_interval":{"confidence_level":0.95,"lower_bound":1662599.5802584572,"upper_bound":1981012.339467314},"point_estimate":1838711.7931509314,"standard_error":81506.30780199567}}