{"mean":{"confidence_interval":{"confidence_level":0.95,"lower_bound":97155419.78,"upper_bound":98316262.72916666},"point_estimate":97709429.2,"standard_error":297447.93688663637},"median":{"confidence_interval":{"confidence_level":0.95,"lower_bound":96837858.0,"upper_bound":98554217.66666667},"point_estimate":97478666.83333333,"standard_error":487555.1582547971},"median_abs_dev":{"confidence_interval":{"confidence_level":0.95,"lower_bound":101687.57859467724,"upper_bound":1671626.5283227041},"point_estimate":976869.5553570875,"standard_error":449552.9567272096},"slope":null,"std_dev":{"confidence_interval":{"confidence_level":0.95,"lower_bound":517994.3660527265,"upper_bound":1222649.147646826},"point_estimate":989134.3207333501,"standard_error":178288.34558339417}}