{"mean":{"confidence_interval":{"confidence_level":0.95,"lower_bound":112689514.74208334,"upper_bound":114653531.14166667},"point_estimate":113688368.1,"standard_error":501717.14506755566},"median":{"confidence_interval":{"confidence_level":0.95,"lower_bound":112325550.0,"upper_bound":115288462.25},"point_estimate":113843337.5,"standard_error":933691.8970184922},"median_abs_dev":{"confidence_interval":{"confidence_level":0.95,"lower_bound":1405444.3590983748,"upper_bound":3856263.6585876346},"point_estimate":2647064.7569552064,"standard_error":572303.6436663012},"slope":null,"std_dev":{"confidence_interval":{"confidence_level":0.95,"lower_bound":1964825.4239966206,"upper_bound":3500047.452124174},"point_estimate":2784830.250157661,"standard_error":396187.3628072069}}