{"mean":{"confidence_interval":{"confidence_level":0.95,"lower_bound":107443591.59549999,"upper_bound":108729745.91849999},"point_estimate":108088681.24,"standard_error":327185.96825247165},"median":{"confidence_interval":{"confidence_level":0.95,"lower_bound":107581290.0,"upper_bound":109127848.5},"point_estimate":108390715.0,"standard_error":407827.73471190827},"median_abs_dev":{"confidence_interval":{"confidence_level":0.95,"lower_bound":2194511.1225396395,"upper_bound":3957572.4761315403},"point_estimate":2784562.190464139,"standard_error":438136.1588776517},"slope":null,"std_dev":{"confidence_interval":{"confidence_level":0.95,"lower_bound":2824068.8941582073,"upper_bound":3701744.483380587},"point_estimate":3289214.4922780087,"standard_error":224735.73109334693}}