{"mean":{"confidence_interval":{"confidence_level":0.95,"lower_bound":593095553.06,"upper_bound":602353827.07},"point_estimate":597894896.0,"standard_error":2387551.658249618},"median":{"confidence_interval":{"confidence_level":0.95,"lower_bound":590417186.0,"upper_bound":604251547.0},"point_estimate":600088841.5,"standard_error":3560220.175072653},"median_abs_dev":{"confidence_interval":{"confidence_level":0.95,"lower_bound":1585846.0119456053,"upper_bound":13649132.634079456},"point_estimate":7499906.172350049,"standard_error":3203697.1829522424},"slope":null,"std_dev":{"confidence_interval":{"confidence_level":0.95,"lower_bound":4183809.571490532,"upper_bound":9770240.44361696},"point_estimate":7973494.330463889,"standard_error":1398936.7129919305}}