{"mean":{"confidence_interval":{"confidence_level":0.95,"lower_bound":574036744.1758333,"upper_bound":578439719.4141667},"point_estimate":576274628.6333333,"standard_error":1124895.0725898729},"median":{"confidence_interval":{"confidence_level":0.95,"lower_bound":574147382.0,"upper_bound":579311333.5},"point_estimate":576538832.5,"standard_error":1238979.2976028447},"median_abs_dev":{"confidence_interval":{"confidence_level":0.95,"lower_bound":3570318.6788141727,"upper_bound":9437848.1803447},"point_estimate":5747426.301562786,"standard_error":1461775.101056194},"slope":null,"std_dev":{"confidence_interval":{"confidence_level":0.95,"lower_bound":4530457.192245679,"upper_bound":7742961.555873871},"point_estimate":6267585.3863913575,"standard_error":827410.0214977901}}