{"mean":{"confidence_interval":{"confidence_level":0.95,"lower_bound":827777737.4,"upper_bound":834369452.4},"point_estimate":831088274.4,"standard_error":1684007.5907038776},"median":{"confidence_interval":{"confidence_level":0.95,"lower_bound":826414271.5,"upper_bound":834675768.0},"point_estimate":832056939.0,"standard_error":2333732.6177254766},"median_abs_dev":{"confidence_interval":{"confidence_level":0.95,"lower_bound":479357.92998969555,"upper_bound":9750411.389395595},"point_estimate":4968277.761295438,"standard_error":2377857.0421396014},"slope":null,"std_dev":{"confidence_interval":{"confidence_level":0.95,"lower_bound":3075915.752158729,"upper_bound":7192628.387217256},"point_estimate":5614025.622794677,"standard_error":1046164.5218661034}}