{"mean":{"confidence_interval":{"confidence_level":0.95,"lower_bound":827863047.6425,"upper_bound":833700805.4250001},"point_estimate":830866917.8,"standard_error":1493692.1453397977},"median":{"confidence_interval":{"confidence_level":0.95,"lower_bound":827158920.0,"upper_bound":834850000.5},"point_estimate":831601516.5,"standard_error":1859138.143586372},"median_abs_dev":{"confidence_interval":{"confidence_level":0.95,"lower_bound":975263.8995856047,"upper_bound":8171598.831725121},"point_estimate":4794154.548686743,"standard_error":1923824.3611935314},"slope":null,"std_dev":{"confidence_interval":{"confidence_level":0.95,"lower_bound":2636604.151488223,"upper_bound":6368015.048873834},"point_estimate":4965359.112539837,"standard_error":960299.9247036818}}