{"mean":{"confidence_interval":{"confidence_level":0.95,"lower_bound":556799605.1125001,"upper_bound":560521297.8858333},"point_estimate":558624546.3,"standard_error":951883.0635424776},"median":{"confidence_interval":{"confidence_level":0.95,"lower_bound":556229957.0,"upper_bound":559443491.0},"point_estimate":557590428.5,"standard_error":794309.6728857103},"median_abs_dev":{"confidence_interval":{"confidence_level":0.95,"lower_bound":1753150.0059753656,"upper_bound":6122955.53149581},"point_estimate":3415423.3052641153,"standard_error":1127847.8470114386},"slope":null,"std_dev":{"confidence_interval":{"confidence_level":0.95,"lower_bound":3629147.3587735556,"upper_bound":6575625.025461847},"point_estimate":5308754.529629487,"standard_error":750149.2187829753}}