{"mean":{"confidence_interval":{"confidence_level":0.95,"lower_bound":-0.18315648296547032,"upper_bound":-0.17238435364241642},"point_estimate":-0.17769696176410976,"standard_error":0.002757905286342411},"median":{"confidence_interval":{"confidence_level":0.95,"lower_bound":-0.1857985721006299,"upper_bound":-0.1713694766773628},"point_estimate":-0.18056594746601962,"standard_error":0.0036525578265783894}}