{"mean":{"confidence_interval":{"confidence_level":0.95,"lower_bound":-0.10946892326923773,"upper_bound":-0.1032369901783559},"point_estimate":-0.1064330713231103,"standard_error":0.0015796175581613621},"median":{"confidence_interval":{"confidence_level":0.95,"lower_bound":-0.10814987313677353,"upper_bound":-0.10292206833818707},"point_estimate":-0.104817220128118,"standard_error":0.00139553973042234}}