{"mean":{"confidence_interval":{"confidence_level":0.95,"lower_bound":-0.0768293981090748,"upper_bound":-0.06490003879979978},"point_estimate":-0.07077176679593677,"standard_error":0.0030416263970276373},"median":{"confidence_interval":{"confidence_level":0.95,"lower_bound":-0.08179259736136091,"upper_bound":-0.06627372601917403},"point_estimate":-0.072382493760768,"standard_error":0.0038384786284943536}}