{"mean":{"confidence_interval":{"confidence_level":0.95,"lower_bound":-0.062853436852348,"upper_bound":-0.05457685443321108},"point_estimate":-0.05863946690879451,"standard_error":0.002118253182738707},"median":{"confidence_interval":{"confidence_level":0.95,"lower_bound":-0.06404897926948461,"upper_bound":-0.05246291191640584},"point_estimate":-0.056345466495492214,"standard_error":0.0029635581820176664}}