{"mean":{"confidence_interval":{"confidence_level":0.95,"lower_bound":0.10528991931649785,"upper_bound":0.12016830711052857},"point_estimate":0.11278578388502769,"standard_error":0.0038160408926766957},"median":{"confidence_interval":{"confidence_level":0.95,"lower_bound":0.10098858251723475,"upper_bound":0.12287238922706889},"point_estimate":0.11441111307906748,"standard_error":0.004978466782989974}}