{"mean":{"confidence_interval":{"confidence_level":0.95,"lower_bound":-0.039130715430458964,"upper_bound":-0.029988725582503598},"point_estimate":-0.03470114322333118,"standard_error":0.0023266179786653783},"median":{"confidence_interval":{"confidence_level":0.95,"lower_bound":-0.04376262811401643,"upper_bound":-0.034003883359403964},"point_estimate":-0.038340080305192425,"standard_error":0.002592396158720176}}