{"mean":{"confidence_interval":{"confidence_level":0.95,"lower_bound":-0.004238796749689678,"upper_bound":0.005300273794557052},"point_estimate":0.0006341088728485378,"standard_error":0.0024463952824786716},"median":{"confidence_interval":{"confidence_level":0.95,"lower_bound":-0.00581577679294476,"upper_bound":0.006977123028113041},"point_estimate":0.0022226961358129405,"standard_error":0.0032500452448705245}}