{"mean":{"confidence_interval":{"confidence_level":0.95,"lower_bound":-0.006894708510084463,"upper_bound":0.004925282864152505},"point_estimate":-0.0012176097115765838,"standard_error":0.002992383767507611},"median":{"confidence_interval":{"confidence_level":0.95,"lower_bound":-0.00896312660930243,"upper_bound":0.008033087556138267},"point_estimate":-0.004079029506797727,"standard_error":0.004062143294883034}}