{"mean":{"confidence_interval":{"confidence_level":0.95,"lower_bound":0.06961366677462909,"upper_bound":0.07927541388934092},"point_estimate":0.07444051961818632,"standard_error":0.0024308290907596665},"median":{"confidence_interval":{"confidence_level":0.95,"lower_bound":0.07558385521404731,"upper_bound":0.08335165132311288},"point_estimate":0.07867863200866831,"standard_error":0.0021687676258298105}}