{"mean":{"confidence_interval":{"confidence_level":0.95,"lower_bound":7629096.755625,"upper_bound":7690636.996536459},"point_estimate":7659500.883799602,"standard_error":15860.31034690633},"median":{"confidence_interval":{"confidence_level":0.95,"lower_bound":7605378.75,"upper_bound":7708656.359375},"point_estimate":7659942.074999999,"standard_error":33543.68366309573},"median_abs_dev":{"confidence_interval":{"confidence_level":0.95,"lower_bound":1057.7115312216365,"upper_bound":84593.71054191166},"point_estimate":78665.55307965638,"standard_error":24647.376066127028},"slope":{"confidence_interval":{"confidence_level":0.95,"lower_bound":7664549.558219178,"upper_bound":7712975.161140583},"point_estimate":7692833.506277056,"standard_error":12229.786282835199},"std_dev":{"confidence_interval":{"confidence_level":0.95,"lower_bound":36027.883555014836,"upper_bound":60247.28929584141},"point_estimate":52853.52532582073,"standard_error":6292.86890801558}}