{"mean":{"confidence_interval":{"confidence_level":0.95,"lower_bound":7663030.266714282,"upper_bound":7686051.30642857},"point_estimate":7673976.284285715,"standard_error":5872.176388377538},"median":{"confidence_interval":{"confidence_level":0.95,"lower_bound":7644939.571428571,"upper_bound":7656323.642857144},"point_estimate":7649613.357142856,"standard_error":3278.1305947711303},"median_abs_dev":{"confidence_interval":{"confidence_level":0.95,"lower_bound":16190.80979005627,"upper_bound":39005.934507506034},"point_estimate":25142.248053636264,"standard_error":6111.796150032557},"slope":null,"std_dev":{"confidence_interval":{"confidence_level":0.95,"lower_bound":43144.614766449115,"upper_bound":74390.37734885934},"point_estimate":58997.75924768311,"standard_error":8083.080613958376}}