{"mean":{"confidence_interval":{"confidence_level":0.95,"lower_bound":0.04847527119062405,"upper_bound":0.05830143997742445},"point_estimate":0.0534919606626334,"standard_error":0.0025179765654828783},"median":{"confidence_interval":{"confidence_level":0.95,"lower_bound":0.04807243091236946,"upper_bound":0.06054247959308645},"point_estimate":0.05388638117163813,"standard_error":0.003538705868074207}}