{"mean":{"confidence_interval":{"confidence_level":0.95,"lower_bound":0.0433789559979448,"upper_bound":0.05282567709568473},"point_estimate":0.04816703384422927,"standard_error":0.0024147142811282015},"median":{"confidence_interval":{"confidence_level":0.95,"lower_bound":0.04253361528162225,"upper_bound":0.05096452172778698},"point_estimate":0.0474897185221812,"standard_error":0.002264190919688349}}