{"mean":{"confidence_interval":{"confidence_level":0.95,"lower_bound":0.013810066565278525,"upper_bound":0.028044512199142613},"point_estimate":0.02043445135785915,"standard_error":0.0037124529306441652},"median":{"confidence_interval":{"confidence_level":0.95,"lower_bound":0.011598681639696906,"upper_bound":0.02251619366718504},"point_estimate":0.017685172264298554,"standard_error":0.002856390323353855}}