{"mean":{"confidence_interval":{"confidence_level":0.95,"lower_bound":-0.009893817495767879,"upper_bound":-0.0030837261446044414},"point_estimate":-0.006485814661563172,"standard_error":0.0017388818477523038},"median":{"confidence_interval":{"confidence_level":0.95,"lower_bound":-0.011337328544482217,"upper_bound":-0.0018189270868627094},"point_estimate":-0.004648236228911196,"standard_error":0.002574865207656315}}