{"mean":{"confidence_interval":{"confidence_level":0.95,"lower_bound":-0.05936801699446335,"upper_bound":-0.048265566459157264},"point_estimate":-0.0535577392602965,"standard_error":0.002838280354138091},"median":{"confidence_interval":{"confidence_level":0.95,"lower_bound":-0.055394959539649125,"upper_bound":-0.04582222020510655},"point_estimate":-0.04913954321852709,"standard_error":0.002767470174672731}}