{"mean":{"confidence_interval":{"confidence_level":0.95,"lower_bound":0.003737735346242568,"upper_bound":0.015294270549523441},"point_estimate":0.00896968327184311,"standard_error":0.0029471973788055706},"median":{"confidence_interval":{"confidence_level":0.95,"lower_bound":-0.0009408420136948203,"upper_bound":0.013321181482687974},"point_estimate":0.005747953348723689,"standard_error":0.003929539324323578}}