{"mean":{"confidence_interval":{"confidence_level":0.95,"lower_bound":-0.009519834548015279,"upper_bound":0.008402956614830088},"point_estimate":-0.0007004652437265779,"standard_error":0.004558817049894838},"median":{"confidence_interval":{"confidence_level":0.95,"lower_bound":-0.011070788962395217,"upper_bound":0.006448472818493478},"point_estimate":-0.0009453268069514742,"standard_error":0.004017487209069751}}