{"mean":{"confidence_interval":{"confidence_level":0.95,"lower_bound":-0.05259631603727898,"upper_bound":-0.04482586045784171},"point_estimate":-0.048565678089885544,"standard_error":0.001981859786112658},"median":{"confidence_interval":{"confidence_level":0.95,"lower_bound":-0.05385989365772059,"upper_bound":-0.043740245928689636},"point_estimate":-0.049010709075761216,"standard_error":0.0027053346073858675}}