{"mean":{"confidence_interval":{"confidence_level":0.95,"lower_bound":0.0002555979250406705,"upper_bound":0.014421637369509127},"point_estimate":0.008076852838269977,"standard_error":0.00363428258963781},"median":{"confidence_interval":{"confidence_level":0.95,"lower_bound":0.007335158357521188,"upper_bound":0.01792204751699078},"point_estimate":0.010823258721671447,"standard_error":0.0028633096906515347}}