{"mean":{"confidence_interval":{"confidence_level":0.95,"lower_bound":-0.07546110491607082,"upper_bound":-0.04874080297867421},"point_estimate":-0.06178831600459089,"standard_error":0.006845682324136513},"median":{"confidence_interval":{"confidence_level":0.95,"lower_bound":-0.07288081091587373,"upper_bound":-0.04633711162126519},"point_estimate":-0.0551414177790398,"standard_error":0.006706285773628997}}