{"mean":{"confidence_interval":{"confidence_level":0.95,"lower_bound":0.039136793516608946,"upper_bound":0.05492465787511989},"point_estimate":0.046568086607849724,"standard_error":0.0040324606592040966},"median":{"confidence_interval":{"confidence_level":0.95,"lower_bound":0.03565388274544823,"upper_bound":0.05534105558154323},"point_estimate":0.047322919563138166,"standard_error":0.005474686100372056}}