{"mean":{"confidence_interval":{"confidence_level":0.95,"lower_bound":-0.010011424935812073,"upper_bound":0.019070320672939223},"point_estimate":0.003738056601916284,"standard_error":0.007479473392626938},"median":{"confidence_interval":{"confidence_level":0.95,"lower_bound":-0.015080166246672078,"upper_bound":0.030812025003551735},"point_estimate":-0.004892330206024087,"standard_error":0.010709187073824662}}