{"mean":{"confidence_interval":{"confidence_level":0.95,"lower_bound":0.011160963469505096,"upper_bound":0.038645612707369964},"point_estimate":0.02340732280326807,"standard_error":0.007071601618681273},"median":{"confidence_interval":{"confidence_level":0.95,"lower_bound":0.009794091792930892,"upper_bound":0.040542239118390055},"point_estimate":0.019115757562477853,"standard_error":0.0074165933246639225}}