{"mean":{"confidence_interval":{"confidence_level":0.95,"lower_bound":-0.028371946584670606,"upper_bound":-0.015234128729369061},"point_estimate":-0.021512244716609397,"standard_error":0.003342497382096797},"median":{"confidence_interval":{"confidence_level":0.95,"lower_bound":-0.02733985731052646,"upper_bound":-0.012040718969129172},"point_estimate":-0.019211226891828415,"standard_error":0.0038526469751837393}}