{"mean":{"confidence_interval":{"confidence_level":0.95,"lower_bound":0.033428617389206924,"upper_bound":0.05358429099273866},"point_estimate":0.0432338782737669,"standard_error":0.005165442528123827},"median":{"confidence_interval":{"confidence_level":0.95,"lower_bound":0.028302534391607237,"upper_bound":0.05627677737906449},"point_estimate":0.042039555756065106,"standard_error":0.007074568047514185}}