{"mean":{"confidence_interval":{"confidence_level":0.95,"lower_bound":-0.007972832657703162,"upper_bound":0.006690715069202978},"point_estimate":-0.000524188194327313,"standard_error":0.0037455204833575424},"median":{"confidence_interval":{"confidence_level":0.95,"lower_bound":-0.007673518912211685,"upper_bound":0.007849974297168272},"point_estimate":0.0009702127515442971,"standard_error":0.003992101845474148}}