{"mean":{"confidence_interval":{"confidence_level":0.95,"lower_bound":0.009944243783412013,"upper_bound":0.02342902684437983},"point_estimate":0.016673440257769512,"standard_error":0.0034391039240199628},"median":{"confidence_interval":{"confidence_level":0.95,"lower_bound":0.008015911238656415,"upper_bound":0.022152458730805513},"point_estimate":0.015299892501408285,"standard_error":0.0035588466595467706}}