{"mean":{"confidence_interval":{"confidence_level":0.95,"lower_bound":-0.041457807707586655,"upper_bound":-0.027159383449282114},"point_estimate":-0.034434855357379446,"standard_error":0.003644953354932123},"median":{"confidence_interval":{"confidence_level":0.95,"lower_bound":-0.04083083872507798,"upper_bound":-0.019982738500289088},"point_estimate":-0.03311774555727642,"standard_error":0.005483061774389658}}