{"mean":{"confidence_interval":{"confidence_level":0.95,"lower_bound":0.042358927859794074,"upper_bound":0.0537862184604184},"point_estimate":0.047799138671352326,"standard_error":0.00293281059680768},"median":{"confidence_interval":{"confidence_level":0.95,"lower_bound":0.039568781977586065,"upper_bound":0.05312256606754495},"point_estimate":0.044753107345504306,"standard_error":0.0030027603825921244}}