{"mean":{"confidence_interval":{"confidence_level":0.95,"lower_bound":-0.004732624277621302,"upper_bound":0.006493547518852668},"point_estimate":0.0011786284694808025,"standard_error":0.0028802249051385147},"median":{"confidence_interval":{"confidence_level":0.95,"lower_bound":-0.0035917400495422136,"upper_bound":0.008311393298219283},"point_estimate":0.00396882687642619,"standard_error":0.0031341471235781532}}