{"mean":{"confidence_interval":{"confidence_level":0.95,"lower_bound":-0.007277647613406775,"upper_bound":0.005759493654362237},"point_estimate":-0.000848415931323454,"standard_error":0.003326506670054381},"median":{"confidence_interval":{"confidence_level":0.95,"lower_bound":-0.00865010336122618,"upper_bound":0.006586667493823528},"point_estimate":-0.0007700397125747216,"standard_error":0.0038109511462554213}}