{"mean":{"confidence_interval":{"confidence_level":0.95,"lower_bound":-0.005132613650944295,"upper_bound":0.010940611997716542},"point_estimate":0.002564714363070264,"standard_error":0.0040500730663736},"median":{"confidence_interval":{"confidence_level":0.95,"lower_bound":-0.004197546836441024,"upper_bound":0.003928041821260386},"point_estimate":0.00030506377556371866,"standard_error":0.0020342021753773356}}