{"mean":{"confidence_interval":{"confidence_level":0.95,"lower_bound":0.04363157105685786,"upper_bound":0.056429985389660355},"point_estimate":0.05019754760175554,"standard_error":0.0032635211952383907},"median":{"confidence_interval":{"confidence_level":0.95,"lower_bound":0.04350909112243562,"upper_bound":0.05900574589216667},"point_estimate":0.05153838919683329,"standard_error":0.003673806197436293}}