{"mean":{"confidence_interval":{"confidence_level":0.95,"lower_bound":-0.05318537875041762,"upper_bound":-0.044417119893754825},"point_estimate":-0.048841933480462285,"standard_error":0.002236785879123351},"median":{"confidence_interval":{"confidence_level":0.95,"lower_bound":-0.056185429805235665,"upper_bound":-0.04374912442400947},"point_estimate":-0.048836647879813344,"standard_error":0.0030654191554540483}}