{"mean":{"confidence_interval":{"confidence_level":0.95,"lower_bound":-0.014980843036685574,"upper_bound":-0.0025849416888527404},"point_estimate":-0.0080002343165968,"standard_error":0.0031798560473174963},"median":{"confidence_interval":{"confidence_level":0.95,"lower_bound":-0.009196858226268922,"upper_bound":-0.00028732025651545534},"point_estimate":-0.005991213288980668,"standard_error":0.0022677206769206254}}