{"mean":{"confidence_interval":{"confidence_level":0.95,"lower_bound":-0.058063305370499814,"upper_bound":-0.028164785215711773},"point_estimate":-0.04314720266423422,"standard_error":0.007585492201623635},"median":{"confidence_interval":{"confidence_level":0.95,"lower_bound":-0.08661065142904456,"upper_bound":-0.008085436046441963},"point_estimate":-0.04467955485176911,"standard_error":0.01823267050460688}}