{"mean":{"confidence_interval":{"confidence_level":0.95,"lower_bound":-0.0030432464223927595,"upper_bound":0.015856699741844508},"point_estimate":0.006628632632221354,"standard_error":0.004843628840550967},"median":{"confidence_interval":{"confidence_level":0.95,"lower_bound":-0.005519781072008789,"upper_bound":0.018042762461727424},"point_estimate":0.00931944215101943,"standard_error":0.006026341025353086}}