{"mean":{"confidence_interval":{"confidence_level":0.95,"lower_bound":-0.2770607434407933,"upper_bound":-0.25777943505188017},"point_estimate":-0.2675474077644654,"standard_error":0.004889073663289824},"median":{"confidence_interval":{"confidence_level":0.95,"lower_bound":-0.28049898037634047,"upper_bound":-0.2590995353046801},"point_estimate":-0.2663571079361017,"standard_error":0.005550780840058811}}