{"mean":{"confidence_interval":{"confidence_level":0.95,"lower_bound":-0.06550979192257014,"upper_bound":-0.046918149283492666},"point_estimate":-0.05624765143347343,"standard_error":0.004763419649766676},"median":{"confidence_interval":{"confidence_level":0.95,"lower_bound":-0.0698365208525118,"upper_bound":-0.04321344488751966},"point_estimate":-0.059724118181110786,"standard_error":0.006902731564376821}}