{"mean":{"confidence_interval":{"confidence_level":0.95,"lower_bound":-0.05744581173706514,"upper_bound":-0.027585916910550526},"point_estimate":-0.04221222996486407,"standard_error":0.007586611570601816},"median":{"confidence_interval":{"confidence_level":0.95,"lower_bound":-0.06687260049847865,"upper_bound":-0.014117751090131692},"point_estimate":-0.05947227137651023,"standard_error":0.01637254949073792}}