{"mean":{"confidence_interval":{"confidence_level":0.95,"lower_bound":0.01981288539246321,"upper_bound":0.05091597243068089},"point_estimate":0.03504193742724904,"standard_error":0.007956931852774749},"median":{"confidence_interval":{"confidence_level":0.95,"lower_bound":0.020771502334351544,"upper_bound":0.08223208979044783},"point_estimate":0.06842918547990862,"standard_error":0.01734611030376093}}