{"mean":{"confidence_interval":{"confidence_level":0.95,"lower_bound":-0.015418167316535588,"upper_bound":0.00917141072935274},"point_estimate":-0.003614242936579637,"standard_error":0.006266240408358644},"median":{"confidence_interval":{"confidence_level":0.95,"lower_bound":-0.017668403350834194,"upper_bound":0.010003928382593896},"point_estimate":-0.0019966968526674567,"standard_error":0.006764934163525078}}