{"mean":{"confidence_interval":{"confidence_level":0.95,"lower_bound":1521940.848,"upper_bound":1543358.5093750001},"point_estimate":1532392.165,"standard_error":5452.136501140719},"median":{"confidence_interval":{"confidence_level":0.95,"lower_bound":1507911.5,"upper_bound":1534244.5},"point_estimate":1521894.5,"standard_error":5926.035079437767},"median_abs_dev":{"confidence_interval":{"confidence_level":0.95,"lower_bound":36023.10221046209,"upper_bound":59411.48744523525},"point_estimate":49198.59752655029,"standard_error":6292.429689996861},"slope":null,"std_dev":{"confidence_interval":{"confidence_level":0.95,"lower_bound":45644.059902726265,"upper_bound":63417.48672771029},"point_estimate":54923.02893775295,"standard_error":4557.521277367041}}