{"mean":{"confidence_interval":{"confidence_level":0.95,"lower_bound":56373786.440000005,"upper_bound":57613776.47527778},"point_estimate":56987060.83333333,"standard_error":315872.853934128},"median":{"confidence_interval":{"confidence_level":0.95,"lower_bound":56413284.5,"upper_bound":57602294.16666667},"point_estimate":56912414.666666664,"standard_error":296079.2621911455},"median_abs_dev":{"confidence_interval":{"confidence_level":0.95,"lower_bound":765530.6124091186,"upper_bound":2213790.852597356},"point_estimate":1722362.0878219642,"standard_error":370464.7662401367},"slope":null,"std_dev":{"confidence_interval":{"confidence_level":0.95,"lower_bound":1239766.5996399305,"upper_bound":2184139.601410435},"point_estimate":1761034.7812183485,"standard_error":241530.72858381376}}