{"mean":{"confidence_interval":{"confidence_level":0.95,"lower_bound":54490205.88638889,"upper_bound":55760185.11277779},"point_estimate":55140832.177777775,"standard_error":324575.4715520419},"median":{"confidence_interval":{"confidence_level":0.95,"lower_bound":54464355.0,"upper_bound":55844555.5},"point_estimate":54888549.5,"standard_error":416936.8628509391},"median_abs_dev":{"confidence_interval":{"confidence_level":0.95,"lower_bound":834611.3697826881,"upper_bound":2477011.645746756},"point_estimate":1794245.2062457781,"standard_error":417575.5170128662},"slope":null,"std_dev":{"confidence_interval":{"confidence_level":0.95,"lower_bound":1268742.4146837122,"upper_bound":2314947.251789889},"point_estimate":1804661.389509379,"standard_error":274281.19021228305}}