{"mean":{"confidence_interval":{"confidence_level":0.95,"lower_bound":55142796.331041664,"upper_bound":56286616.654583335},"point_estimate":55730892.233333334,"standard_error":291586.19528925855},"median":{"confidence_interval":{"confidence_level":0.95,"lower_bound":55161604.625,"upper_bound":56660174.5},"point_estimate":55935743.0,"standard_error":381962.0901572304},"median_abs_dev":{"confidence_interval":{"confidence_level":0.95,"lower_bound":924886.2644299865,"upper_bound":2208592.3011146486},"point_estimate":1623360.9803795815,"standard_error":343975.8199196542},"slope":null,"std_dev":{"confidence_interval":{"confidence_level":0.95,"lower_bound":1150452.6278801304,"upper_bound":2034140.1571932412},"point_estimate":1626346.9057380138,"standard_error":228479.08225384975}}