{"mean":{"confidence_interval":{"confidence_level":0.95,"lower_bound":55606305.686249994,"upper_bound":56937937.566},"point_estimate":56289170.86,"standard_error":339125.4515857313},"median":{"confidence_interval":{"confidence_level":0.95,"lower_bound":55918708.5,"upper_bound":57493787.0},"point_estimate":56777229.5,"standard_error":421782.380282843},"median_abs_dev":{"confidence_interval":{"confidence_level":0.95,"lower_bound":2147161.938752757,"upper_bound":3601938.088452816},"point_estimate":2671379.7671735287,"standard_error":379122.9354202178},"slope":null,"std_dev":{"confidence_interval":{"confidence_level":0.95,"lower_bound":2784198.685712826,"upper_bound":3950062.1180687593},"point_estimate":3404683.0769639877,"standard_error":297525.98689571256}}