{"mean":{"confidence_interval":{"confidence_level":0.95,"lower_bound":9032336.849916669,"upper_bound":9193942.678458333},"point_estimate":9112483.764999999,"standard_error":41170.878732610036},"median":{"confidence_interval":{"confidence_level":0.95,"lower_bound":9005395.166666666,"upper_bound":9196497.75},"point_estimate":9064207.416666668,"standard_error":54278.4268732583},"median_abs_dev":{"confidence_interval":{"confidence_level":0.95,"lower_bound":289802.82845497224,"upper_bound":498186.33190542413},"point_estimate":369036.9246482849,"standard_error":56511.1052789865},"slope":null,"std_dev":{"confidence_interval":{"confidence_level":0.95,"lower_bound":345516.2171525848,"upper_bound":484480.70573103765},"point_estimate":416078.7908456459,"standard_error":35510.54579840106}}