{"mean":{"confidence_interval":{"confidence_level":0.95,"lower_bound":8343138.698863636,"upper_bound":8530450.222121213},"point_estimate":8446751.19228355,"standard_error":48443.191730237406},"median":{"confidence_interval":{"confidence_level":0.95,"lower_bound":8349947.227272727,"upper_bound":8551990.981818182},"point_estimate":8505317.205357142,"standard_error":45251.42300371365},"median_abs_dev":{"confidence_interval":{"confidence_level":0.95,"lower_bound":19419.6785097767,"upper_bound":212712.3786363287},"point_estimate":77917.52150327989,"standard_error":48858.51033045142},"slope":{"confidence_interval":{"confidence_level":0.95,"lower_bound":8476761.55802679,"upper_bound":8545050.637826541},"point_estimate":8519211.777804013,"standard_error":17487.288039130537},"std_dev":{"confidence_interval":{"confidence_level":0.95,"lower_bound":40984.91796206789,"upper_bound":215339.60547763205},"point_estimate":161955.85229715132,"standard_error":46130.68659621267}}