{"mean":{"confidence_interval":{"confidence_level":0.95,"lower_bound":8632243.808583334,"upper_bound":8761553.658124998},"point_estimate":8696986.083333334,"standard_error":32873.55490375424},"median":{"confidence_interval":{"confidence_level":0.95,"lower_bound":8647389.333333332,"upper_bound":8801540.5},"point_estimate":8719152.916666668,"standard_error":38381.07615690223},"median_abs_dev":{"confidence_interval":{"confidence_level":0.95,"lower_bound":256452.48334705646,"upper_bound":414029.0648195142},"point_estimate":310811.7642819858,"standard_error":40408.196334377295},"slope":null,"std_dev":{"confidence_interval":{"confidence_level":0.95,"lower_bound":288048.3626162062,"upper_bound":367308.5049688865},"point_estimate":330135.258416693,"standard_error":20261.45682831435}}