{"mean":{"confidence_interval":{"confidence_level":0.95,"lower_bound":54883539.67583334,"upper_bound":55400384.87520833},"point_estimate":55075394.18333333,"standard_error":143752.83380686093},"median":{"confidence_interval":{"confidence_level":0.95,"lower_bound":54853481.875,"upper_bound":54934928.25},"point_estimate":54882511.625,"standard_error":20468.81787990524},"median_abs_dev":{"confidence_interval":{"confidence_level":0.95,"lower_bound":57099.18746128678,"upper_bound":144871.51512801647},"point_estimate":96651.61890909076,"standard_error":21572.042727008535},"slope":null,"std_dev":{"confidence_interval":{"confidence_level":0.95,"lower_bound":82191.01680039693,"upper_bound":1310814.5369943066},"point_estimate":798729.6806831796,"standard_error":398177.53523266205}}