{"mean":{"confidence_interval":{"confidence_level":0.95,"lower_bound":55484360.671388894,"upper_bound":56176359.15055556},"point_estimate":55751495.96666667,"standard_error":187409.4860291287},"median":{"confidence_interval":{"confidence_level":0.95,"lower_bound":55416310.5,"upper_bound":55615569.5},"point_estimate":55502573.83333333,"standard_error":57785.2609529851},"median_abs_dev":{"confidence_interval":{"confidence_level":0.95,"lower_bound":125300.45417547226,"upper_bound":338477.0797908325},"point_estimate":242424.86369609096,"standard_error":57366.20742841764},"slope":null,"std_dev":{"confidence_interval":{"confidence_level":0.95,"lower_bound":197212.84069796905,"upper_bound":1692809.3563427038},"point_estimate":1042489.3989420966,"standard_error":481883.32252934395}}