{"mean":{"confidence_interval":{"confidence_level":0.95,"lower_bound":52031905.674791664,"upper_bound":52217116.89125},"point_estimate":52120423.208333336,"standard_error":47389.35230181617},"median":{"confidence_interval":{"confidence_level":0.95,"lower_bound":51993319.125,"upper_bound":52187153.125},"point_estimate":52034911.875,"standard_error":48425.0389089488},"median_abs_dev":{"confidence_interval":{"confidence_level":0.95,"lower_bound":81550.96752718091,"upper_bound":349110.22502705455},"point_estimate":225712.87324279547,"standard_error":69254.61187222697},"slope":null,"std_dev":{"confidence_interval":{"confidence_level":0.95,"lower_bound":181650.63211149952,"upper_bound":322014.68952006963},"point_estimate":264422.36946542846,"standard_error":35841.98949226044}}