{"mean":{"confidence_interval":{"confidence_level":0.95,"lower_bound":53308540.450500004,"upper_bound":53444033.933749996},"point_estimate":53376053.65,"standard_error":34555.43916014518},"median":{"confidence_interval":{"confidence_level":0.95,"lower_bound":53292936.0,"upper_bound":53477338.0},"point_estimate":53369229.5,"standard_error":48613.72874292454},"median_abs_dev":{"confidence_interval":{"confidence_level":0.95,"lower_bound":301534.05518420046,"upper_bound":464176.84755921364},"point_estimate":382670.9140062332,"standard_error":39196.594638292445},"slope":null,"std_dev":{"confidence_interval":{"confidence_level":0.95,"lower_bound":304232.20248468214,"upper_bound":386728.51991534885},"point_estimate":347298.29724689614,"standard_error":21020.37303009944}}