{"mean":{"confidence_interval":{"confidence_level":0.95,"lower_bound":54674082.270624995,"upper_bound":54773275.16458333},"point_estimate":54717365.50833333,"standard_error":25623.19325861209},"median":{"confidence_interval":{"confidence_level":0.95,"lower_bound":54646091.0,"upper_bound":54728016.75},"point_estimate":54670268.5,"standard_error":26475.789232533796},"median_abs_dev":{"confidence_interval":{"confidence_level":0.95,"lower_bound":44346.41846269369,"upper_bound":136450.90325251222},"point_estimate":82965.36790207028,"standard_error":22651.328867052005},"slope":null,"std_dev":{"confidence_interval":{"confidence_level":0.95,"lower_bound":67573.06869580304,"upper_bound":215408.1436944108},"point_estimate":142892.35961264756,"standard_error":45275.49212970588}}