{"mean":{"confidence_interval":{"confidence_level":0.95,"lower_bound":52348707.07025,"upper_bound":52443403.63375},"point_estimate":52391846.43,"standard_error":24254.263155574645},"median":{"confidence_interval":{"confidence_level":0.95,"lower_bound":52310342.0,"upper_bound":52380363.5},"point_estimate":52337523.5,"standard_error":15404.495851804553},"median_abs_dev":{"confidence_interval":{"confidence_level":0.95,"lower_bound":103129.65416908264,"upper_bound":162991.66668131918},"point_estimate":126768.9694494009,"standard_error":15499.332661136747},"slope":null,"std_dev":{"confidence_interval":{"confidence_level":0.95,"lower_bound":135121.4585893519,"upper_bound":340237.0821470752},"point_estimate":243043.59085809495,"standard_error":53940.53135563172}}