{"mean":{"confidence_interval":{"confidence_level":0.95,"lower_bound":3154327.223296875,"upper_bound":3160424.1176250004},"point_estimate":3157278.48375,"standard_error":1558.1010818431603},"median":{"confidence_interval":{"confidence_level":0.95,"lower_bound":3153266.8125,"upper_bound":3157812.8125},"point_estimate":3155169.71875,"standard_error":1300.70599146206},"median_abs_dev":{"confidence_interval":{"confidence_level":0.95,"lower_bound":7406.930474750698,"upper_bound":12997.953969240189},"point_estimate":10595.30804939568,"standard_error":1484.5075704672074},"slope":null,"std_dev":{"confidence_interval":{"confidence_level":0.95,"lower_bound":11887.163838240089,"upper_bound":18876.50901326034},"point_estimate":15639.489499525307,"standard_error":1780.5518432245053}}