{"mean":{"confidence_interval":{"confidence_level":0.95,"lower_bound":26078282.16142857,"upper_bound":26212296.433571424},"point_estimate":26145954.704761904,"standard_error":34145.8519595212},"median":{"confidence_interval":{"confidence_level":0.95,"lower_bound":26081499.35714286,"upper_bound":26229177.85714286},"point_estimate":26159349.64285714,"standard_error":44046.69659852289},"median_abs_dev":{"confidence_interval":{"confidence_level":0.95,"lower_bound":101062.38030578251,"upper_bound":281052.66461031855},"point_estimate":163743.95379296332,"standard_error":47610.38294703049},"slope":null,"std_dev":{"confidence_interval":{"confidence_level":0.95,"lower_bound":141394.56776040522,"upper_bound":229910.67235179883},"point_estimate":190311.64034244948,"standard_error":22622.98526062783}}