{"mean":{"confidence_interval":{"confidence_level":0.95,"lower_bound":27407480.77083334,"upper_bound":27570481.259999998},"point_estimate":27488946.34444445,"standard_error":41526.11713348278},"median":{"confidence_interval":{"confidence_level":0.95,"lower_bound":27367981.083333332,"upper_bound":27609154.25},"point_estimate":27478425.416666664,"standard_error":63569.52945675949},"median_abs_dev":{"confidence_interval":{"confidence_level":0.95,"lower_bound":145897.5978598008,"upper_bound":345993.243907392},"point_estimate":246947.28781581108,"standard_error":50577.37491780487},"slope":null,"std_dev":{"confidence_interval":{"confidence_level":0.95,"lower_bound":178341.50403830025,"upper_bound":274007.68427768274},"point_estimate":231665.1129944755,"standard_error":24466.81552241029}}