{"mean":{"confidence_interval":{"confidence_level":0.95,"lower_bound":26120952.378625,"upper_bound":26250948.461999997},"point_estimate":26186922.455,"standard_error":33265.08071022697},"median":{"confidence_interval":{"confidence_level":0.95,"lower_bound":26134631.25,"upper_bound":26262731.5},"point_estimate":26199591.5,"standard_error":38483.965210238624},"median_abs_dev":{"confidence_interval":{"confidence_level":0.95,"lower_bound":188278.33585739136,"upper_bound":324457.7379897237},"point_estimate":246877.35851705074,"standard_error":34637.06949513552},"slope":null,"std_dev":{"confidence_interval":{"confidence_level":0.95,"lower_bound":276175.6183813006,"upper_bound":387866.1122992045},"point_estimate":335231.8931290236,"standard_error":28432.885843329386}}