{"mean":{"confidence_interval":{"confidence_level":0.95,"lower_bound":27345365.49488095,"upper_bound":27486025.6202381},"point_estimate":27416429.91904762,"standard_error":35833.97651851243},"median":{"confidence_interval":{"confidence_level":0.95,"lower_bound":27372844.571428575,"upper_bound":27467217.92857143},"point_estimate":27410801.285714284,"standard_error":26892.045967327875},"median_abs_dev":{"confidence_interval":{"confidence_level":0.95,"lower_bound":67395.60600348645,"upper_bound":312523.2847516018},"point_estimate":191819.73769451457,"standard_error":70313.94511480813},"slope":null,"std_dev":{"confidence_interval":{"confidence_level":0.95,"lower_bound":148765.51168913388,"upper_bound":238322.14156145422},"point_estimate":199262.1398902762,"standard_error":22910.353400397602}}