{"mean":{"confidence_interval":{"confidence_level":0.95,"lower_bound":25995693.9935,"upper_bound":26125387.05075},"point_estimate":26060687.205,"standard_error":33057.74063205951},"median":{"confidence_interval":{"confidence_level":0.95,"lower_bound":25978759.0,"upper_bound":26154697.5},"point_estimate":26056880.5,"standard_error":47900.144418493546},"median_abs_dev":{"confidence_interval":{"confidence_level":0.95,"lower_bound":242638.97584229708,"upper_bound":406643.44363063574},"point_estimate":318099.23735260963,"standard_error":41297.694220327045},"slope":null,"std_dev":{"confidence_interval":{"confidence_level":0.95,"lower_bound":285574.05458496587,"upper_bound":372849.92627966666},"point_estimate":331435.0498391492,"standard_error":22283.396928169266}}