{"mean":{"confidence_interval":{"confidence_level":0.95,"lower_bound":1046620.763375,"upper_bound":1063469.2215},"point_estimate":1054798.14,"standard_error":4293.006720814979},"median":{"confidence_interval":{"confidence_level":0.95,"lower_bound":1036281.0,"upper_bound":1053162.5},"point_estimate":1040777.0,"standard_error":4449.563695521052},"median_abs_dev":{"confidence_interval":{"confidence_level":0.95,"lower_bound":27162.714117765427,"upper_bound":45701.922553628676},"point_estimate":34995.28977870941,"standard_error":4731.930861947191},"slope":null,"std_dev":{"confidence_interval":{"confidence_level":0.95,"lower_bound":34755.17060074469,"upper_bound":50701.823203745094},"point_estimate":43121.48448771965,"standard_error":4072.379066402192}}