{"mean":{"confidence_interval":{"confidence_level":0.95,"lower_bound":1147033.638625,"upper_bound":1170933.80625},"point_estimate":1158788.75,"standard_error":6100.834438100505},"median":{"confidence_interval":{"confidence_level":0.95,"lower_bound":1136112.25,"upper_bound":1172996.75},"point_estimate":1153309.0,"standard_error":9655.856637174893},"median_abs_dev":{"confidence_interval":{"confidence_level":0.95,"lower_bound":46875.734017789364,"upper_bound":79141.18659496307},"point_estimate":57758.017824590206,"standard_error":8470.199501591394},"slope":null,"std_dev":{"confidence_interval":{"confidence_level":0.95,"lower_bound":51203.515341955404,"upper_bound":71707.61773667842},"point_estimate":61429.926813858896,"standard_error":5264.243451783689}}