{"mean":{"confidence_interval":{"confidence_level":0.95,"lower_bound":1153081.5628333334,"upper_bound":1174703.674166667},"point_estimate":1163723.0333333337,"standard_error":5540.322357926967},"median":{"confidence_interval":{"confidence_level":0.95,"lower_bound":1136596.3333333333,"upper_bound":1170740.3333333335},"point_estimate":1156213.5,"standard_error":9058.302910084469},"median_abs_dev":{"confidence_interval":{"confidence_level":0.95,"lower_bound":25703.835743665695,"upper_bound":55527.07551419735},"point_estimate":41238.51826786995,"standard_error":8118.638986917206},"slope":null,"std_dev":{"confidence_interval":{"confidence_level":0.95,"lower_bound":32312.5101957587,"upper_bound":45732.460171147344},"point_estimate":39651.240212122124,"standard_error":3423.7524791854084}}