{"mean":{"confidence_interval":{"confidence_level":0.95,"lower_bound":91737284.8925,"upper_bound":92345974.49999999},"point_estimate":92031876.1,"standard_error":156230.02302527826},"median":{"confidence_interval":{"confidence_level":0.95,"lower_bound":91603976.0,"upper_bound":92663707.33333333},"point_estimate":91906760.66666666,"standard_error":281907.4814696519},"median_abs_dev":{"confidence_interval":{"confidence_level":0.95,"lower_bound":50009.33261216055,"upper_bound":830571.2848544194},"point_estimate":471108.00243615,"standard_error":233344.7705238738},"slope":null,"std_dev":{"confidence_interval":{"confidence_level":0.95,"lower_bound":287866.27091270656,"upper_bound":603984.2464046723},"point_estimate":520357.32489001635,"standard_error":75886.90424229963}}