{"mean":{"confidence_interval":{"confidence_level":0.95,"lower_bound":65868878.293,"upper_bound":66026353.80875},"point_estimate":65947111.32,"standard_error":40272.734197073434},"median":{"confidence_interval":{"confidence_level":0.95,"lower_bound":65803321.0,"upper_bound":66054292.0},"point_estimate":65905607.5,"standard_error":65297.11953871527},"median_abs_dev":{"confidence_interval":{"confidence_level":0.95,"lower_bound":351939.4520243258,"upper_bound":537579.6309560537},"point_estimate":458953.64785194397,"standard_error":48903.95233744359},"slope":null,"std_dev":{"confidence_interval":{"confidence_level":0.95,"lower_bound":355593.5479405766,"upper_bound":448208.2825068199},"point_estimate":404945.80353190296,"standard_error":23658.61686205531}}