{"mean":{"confidence_interval":{"confidence_level":0.95,"lower_bound":96228515.79333332,"upper_bound":96719498.05750002},"point_estimate":96469674.63333334,"standard_error":126270.80390786749},"median":{"confidence_interval":{"confidence_level":0.95,"lower_bound":96093799.33333334,"upper_bound":96747457.0},"point_estimate":96498257.16666667,"standard_error":164461.51933018691},"median_abs_dev":{"confidence_interval":{"confidence_level":0.95,"lower_bound":84101.71900688866,"upper_bound":741600.9546339512},"point_estimate":434011.6213947571,"standard_error":157612.40408791698},"slope":null,"std_dev":{"confidence_interval":{"confidence_level":0.95,"lower_bound":235771.1362129087,"upper_bound":543431.958964592},"point_estimate":424081.95802213566,"standard_error":80264.03115405858}}