{"mean":{"confidence_interval":{"confidence_level":0.95,"lower_bound":96912036.9475,"upper_bound":97994971.37666667},"point_estimate":97395649.53333333,"standard_error":278732.4595101886},"median":{"confidence_interval":{"confidence_level":0.95,"lower_bound":96844837.16666666,"upper_bound":97678061.66666666},"point_estimate":97326124.66666666,"standard_error":208656.95368162342},"median_abs_dev":{"confidence_interval":{"confidence_level":0.95,"lower_bound":141770.4101830758,"upper_bound":1236933.8993400114},"point_estimate":518591.973093141,"standard_error":266927.20563260315},"slope":null,"std_dev":{"confidence_interval":{"confidence_level":0.95,"lower_bound":297922.8448775462,"upper_bound":1336192.6502935016},"point_estimate":929232.2356092364,"standard_error":299683.1683032923}}