{"mean":{"confidence_interval":{"confidence_level":0.95,"lower_bound":89481857.33333334,"upper_bound":90389205.73333333},"point_estimate":89921546.03333333,"standard_error":230087.2911546026},"median":{"confidence_interval":{"confidence_level":0.95,"lower_bound":89508170.0,"upper_bound":90311961.33333334},"point_estimate":89981461.0,"standard_error":177382.0011550628},"median_abs_dev":{"confidence_interval":{"confidence_level":0.95,"lower_bound":37197.444939617024,"upper_bound":1266982.4943065643},"point_estimate":457149.3236839771,"standard_error":355691.8365046861},"slope":null,"std_dev":{"confidence_interval":{"confidence_level":0.95,"lower_bound":307730.06503974705,"upper_bound":1057169.2738808526},"point_estimate":770109.6694713957,"standard_error":189213.83018657455}}