{"mean":{"confidence_interval":{"confidence_level":0.95,"lower_bound":64550741.952750005,"upper_bound":64740153.543249995},"point_estimate":64643567.07,"standard_error":48272.0772069413},"median":{"confidence_interval":{"confidence_level":0.95,"lower_bound":64415729.0,"upper_bound":64651800.0},"point_estimate":64530564.5,"standard_error":57778.12997166166},"median_abs_dev":{"confidence_interval":{"confidence_level":0.95,"lower_bound":297801.7024129629,"upper_bound":546478.9372980595},"point_estimate":379751.6746580601,"standard_error":67792.08744806332},"slope":null,"std_dev":{"confidence_interval":{"confidence_level":0.95,"lower_bound":405697.00842254545,"upper_bound":554715.2760124082},"point_estimate":485302.5137693327,"standard_error":38079.61150105494}}