{"mean":{"confidence_interval":{"confidence_level":0.95,"lower_bound":-0.06601329915314554,"upper_bound":-0.06152063349242634},"point_estimate":-0.06353083437695173,"standard_error":0.0011491683278153028},"median":{"confidence_interval":{"confidence_level":0.95,"lower_bound":-0.06313191119052797,"upper_bound":-0.06204886730918957},"point_estimate":-0.06247744700056557,"standard_error":0.0002799074393238524}}