{"mean":{"confidence_interval":{"confidence_level":0.95,"lower_bound":0.11601002464333174,"upper_bound":0.11981626109306386},"point_estimate":0.11795810983462407,"standard_error":0.0009682632735854727},"median":{"confidence_interval":{"confidence_level":0.95,"lower_bound":0.11744124163482339,"upper_bound":0.11831824884794617},"point_estimate":0.11780141089543528,"standard_error":0.0002240166691491289}}