{"mean":{"confidence_interval":{"confidence_level":0.95,"lower_bound":-0.034245326324016334,"upper_bound":-0.029755527510706536},"point_estimate":-0.03205167271848153,"standard_error":0.0011433580287924293},"median":{"confidence_interval":{"confidence_level":0.95,"lower_bound":-0.033189735769044826,"upper_bound":-0.03235041717964515},"point_estimate":-0.03281155756130272,"standard_error":0.0002265346181805266}}