{"mean":{"confidence_interval":{"confidence_level":0.95,"lower_bound":0.08414232528015907,"upper_bound":0.08711789856485438},"point_estimate":0.08561809799049969,"standard_error":0.0007550743254697125},"median":{"confidence_interval":{"confidence_level":0.95,"lower_bound":0.08467803153156211,"upper_bound":0.08593078255951325},"point_estimate":0.08539352694601687,"standard_error":0.0003378308435966609}}