{"mean":{"confidence_interval":{"confidence_level":0.95,"lower_bound":17585835.71866666,"upper_bound":17722578.356499996},"point_estimate":17654814.551666655,"standard_error":34770.57782137639},"median":{"confidence_interval":{"confidence_level":0.95,"lower_bound":17580689.75,"upper_bound":17762413.5},"point_estimate":17686941.25,"standard_error":50372.1435830827},"median_abs_dev":{"confidence_interval":{"confidence_level":0.95,"lower_bound":238883.42655897047,"upper_bound":412750.7207909599},"point_estimate":307548.19108993,"standard_error":45278.65535380448},"slope":null,"std_dev":{"confidence_interval":{"confidence_level":0.95,"lower_bound":298987.54551274766,"upper_bound":393706.9382624224},"point_estimate":349160.5568580621,"standard_error":24235.011237758255}}