{"mean":{"confidence_interval":{"confidence_level":0.95,"lower_bound":17504764.099875003,"upper_bound":17639750.499458335},"point_estimate":17571415.116666663,"standard_error":34479.93988193821},"median":{"confidence_interval":{"confidence_level":0.95,"lower_bound":17496954.0,"upper_bound":17655214.25},"point_estimate":17576798.5,"standard_error":40208.199891587436},"median_abs_dev":{"confidence_interval":{"confidence_level":0.95,"lower_bound":221129.4154241681,"upper_bound":350888.7890204787},"point_estimate":273698.2097908845,"standard_error":33291.33409860277},"slope":null,"std_dev":{"confidence_interval":{"confidence_level":0.95,"lower_bound":279784.34998768923,"upper_bound":414094.6367367678},"point_estimate":345635.01783335244,"standard_error":34548.959680893335}}