{"mean":{"confidence_interval":{"confidence_level":0.95,"lower_bound":92203250.56666668,"upper_bound":92642563.32916667},"point_estimate":92405100.89999999,"standard_error":112842.77656518662},"median":{"confidence_interval":{"confidence_level":0.95,"lower_bound":92100472.16666667,"upper_bound":92595593.33333334},"point_estimate":92352049.16666666,"standard_error":123494.57859929053},"median_abs_dev":{"confidence_interval":{"confidence_level":0.95,"lower_bound":89979.23950255653,"upper_bound":564590.1314765252},"point_estimate":284860.0872427225,"standard_error":124668.08173735687},"slope":null,"std_dev":{"confidence_interval":{"confidence_level":0.95,"lower_bound":162312.64597989232,"upper_bound":513942.82112953375},"point_estimate":376003.877181942,"standard_error":99064.48727238964}}