{"mean":{"confidence_interval":{"confidence_level":0.95,"lower_bound":61199932.29275,"upper_bound":61729556.46625},"point_estimate":61405964.14,"standard_error":140655.65595847418},"median":{"confidence_interval":{"confidence_level":0.95,"lower_bound":61098503.5,"upper_bound":61290451.0},"point_estimate":61184918.0,"standard_error":52450.34960942965},"median_abs_dev":{"confidence_interval":{"confidence_level":0.95,"lower_bound":321969.5645838976,"upper_bound":509442.478005588},"point_estimate":404249.41532313824,"standard_error":45802.46991485431},"slope":null,"std_dev":{"confidence_interval":{"confidence_level":0.95,"lower_bound":411688.39280752046,"upper_bound":2326352.691720954},"point_estimate":1411812.3937221882,"standard_error":635246.4553607911}}