{"mean":{"confidence_interval":{"confidence_level":0.95,"lower_bound":60316810.7615,"upper_bound":60457724.224249996},"point_estimate":60385817.5,"standard_error":36046.66841122215},"median":{"confidence_interval":{"confidence_level":0.95,"lower_bound":60257947.0,"upper_bound":60461170.0},"point_estimate":60333556.5,"standard_error":47365.73311729821},"median_abs_dev":{"confidence_interval":{"confidence_level":0.95,"lower_bound":300096.76717221737,"upper_bound":439900.0142902136},"point_estimate":385937.08174824715,"standard_error":34316.68496224017},"slope":null,"std_dev":{"confidence_interval":{"confidence_level":0.95,"lower_bound":302152.23947831296,"upper_bound":419286.9150191621},"point_estimate":363068.50630487705,"standard_error":30002.75549766753}}