{"mean":{"confidence_interval":{"confidence_level":0.95,"lower_bound":-0.052671933630049,"upper_bound":-0.021350419351298083},"point_estimate":-0.03740307179782565,"standard_error":0.00791584422149182},"median":{"confidence_interval":{"confidence_level":0.95,"lower_bound":-0.051355755320424024,"upper_bound":-0.01696788466109922},"point_estimate":-0.033909393776023755,"standard_error":0.008670725525316513}}