{"mean":{"confidence_interval":{"confidence_level":0.95,"lower_bound":0.04259994925251227,"upper_bound":0.06928158373676889},"point_estimate":0.05542471087941836,"standard_error":0.006819462613620142},"median":{"confidence_interval":{"confidence_level":0.95,"lower_bound":0.03442836441851882,"upper_bound":0.07557677202428303},"point_estimate":0.05475217757143591,"standard_error":0.01102764283242837}}