{"mean":{"confidence_interval":{"confidence_level":0.95,"lower_bound":-0.03507174283323529,"upper_bound":-0.015650793467105885},"point_estimate":-0.02555921581036913,"standard_error":0.00495680724598743},"median":{"confidence_interval":{"confidence_level":0.95,"lower_bound":-0.038639429283317095,"upper_bound":-0.01476512070534397},"point_estimate":-0.02758166091595915,"standard_error":0.006026312793883836}}