{"mean":{"confidence_interval":{"confidence_level":0.95,"lower_bound":-0.05424825059291723,"upper_bound":-0.040697377404203774},"point_estimate":-0.04739886488760614,"standard_error":0.003454951866743182},"median":{"confidence_interval":{"confidence_level":0.95,"lower_bound":-0.05368526563602238,"upper_bound":-0.04126223376618232},"point_estimate":-0.04782394296112136,"standard_error":0.002998772663504778}}