{"mean":{"confidence_interval":{"confidence_level":0.95,"lower_bound":-0.017606741365288097,"upper_bound":0.004111029250352925},"point_estimate":-0.006946078859196403,"standard_error":0.0055445928620777045},"median":{"confidence_interval":{"confidence_level":0.95,"lower_bound":-0.02107103183066039,"upper_bound":0.012345223925246396},"point_estimate":-0.004691226840691787,"standard_error":0.009453699753407336}}