{"mean":{"confidence_interval":{"confidence_level":0.95,"lower_bound":0.006082024103969175,"upper_bound":0.02040266539053234},"point_estimate":0.013302954113174614,"standard_error":0.003689274892410131},"median":{"confidence_interval":{"confidence_level":0.95,"lower_bound":0.006133942192816821,"upper_bound":0.018224904727260016},"point_estimate":0.012894723134947217,"standard_error":0.0030253865474340956}}