{"mean":{"confidence_interval":{"confidence_level":0.95,"lower_bound":0.017289283311833572,"upper_bound":0.045898334431224555},"point_estimate":0.0319053228685251,"standard_error":0.007265987364624183},"median":{"confidence_interval":{"confidence_level":0.95,"lower_bound":0.01624204895021486,"upper_bound":0.04887889318522687},"point_estimate":0.03295925784774245,"standard_error":0.00823789053339037}}