{"mean":{"confidence_interval":{"confidence_level":0.95,"lower_bound":0.0039775606749439816,"upper_bound":0.03373343547724358},"point_estimate":0.018226123367214075,"standard_error":0.007541973541803577},"median":{"confidence_interval":{"confidence_level":0.95,"lower_bound":0.00042791592906410436,"upper_bound":0.03705953388448502},"point_estimate":0.019722755783033508,"standard_error":0.009439366696123653}}