{"mean":{"confidence_interval":{"confidence_level":0.95,"lower_bound":0.05957875859035287,"upper_bound":0.0745006925360584},"point_estimate":0.06727209231779985,"standard_error":0.003783142088204593},"median":{"confidence_interval":{"confidence_level":0.95,"lower_bound":0.05917443938675793,"upper_bound":0.07505874526445955},"point_estimate":0.06895845825521141,"standard_error":0.004154092175606235}}