{"mean":{"confidence_interval":{"confidence_level":0.95,"lower_bound":0.04723194619775952,"upper_bound":0.05754932191588087},"point_estimate":0.05214392922935995,"standard_error":0.0026178745698483834},"median":{"confidence_interval":{"confidence_level":0.95,"lower_bound":0.045711199196925234,"upper_bound":0.05834537856347333},"point_estimate":0.05180613436314663,"standard_error":0.00318695020177081}}