{"mean":{"confidence_interval":{"confidence_level":0.95,"lower_bound":-0.06594647648116116,"upper_bound":-0.05223884961355662},"point_estimate":-0.05948407424045088,"standard_error":0.003519411704596507},"median":{"confidence_interval":{"confidence_level":0.95,"lower_bound":-0.0674700179569161,"upper_bound":-0.05169467631573876},"point_estimate":-0.06210340247083701,"standard_error":0.004014550505865181}}