{"mean":{"confidence_interval":{"confidence_level":0.95,"lower_bound":-0.006192338938473045,"upper_bound":0.007709989729577187},"point_estimate":0.0009119815776303941,"standard_error":0.0035359816967650655},"median":{"confidence_interval":{"confidence_level":0.95,"lower_bound":-0.001969040579106296,"upper_bound":0.012510550386387018},"point_estimate":0.00624285309560535,"standard_error":0.003611178126997394}}