{"mean":{"confidence_interval":{"confidence_level":0.95,"lower_bound":-0.0007952886611449878,"upper_bound":0.010207812559585971},"point_estimate":0.0047463129432805395,"standard_error":0.0028142811951579003},"median":{"confidence_interval":{"confidence_level":0.95,"lower_bound":-0.002039778266269665,"upper_bound":0.012200619470731366},"point_estimate":0.0062663715465589576,"standard_error":0.0037211117527880537}}