{"mean":{"confidence_interval":{"confidence_level":0.95,"lower_bound":-0.0012780106143907848,"upper_bound":0.013862911981040667},"point_estimate":0.006365224392342217,"standard_error":0.0038568025794991716},"median":{"confidence_interval":{"confidence_level":0.95,"lower_bound":-0.003738806309899423,"upper_bound":0.010207658289263177},"point_estimate":0.004133612495515138,"standard_error":0.003578898292679884}}