{"mean":{"confidence_interval":{"confidence_level":0.95,"lower_bound":-0.001559126932053875,"upper_bound":0.012776895225771398},"point_estimate":0.004837811468398012,"standard_error":0.0036734009155213096},"median":{"confidence_interval":{"confidence_level":0.95,"lower_bound":-0.004578430033666758,"upper_bound":0.009282230092280797},"point_estimate":0.0014520167117531013,"standard_error":0.00360919820273727}}