{"mean":{"confidence_interval":{"confidence_level":0.95,"lower_bound":0.005135258199865068,"upper_bound":0.023742855669810523},"point_estimate":0.014513980257532033,"standard_error":0.0047527446299491585},"median":{"confidence_interval":{"confidence_level":0.95,"lower_bound":-0.001631244808408483,"upper_bound":0.02636321273014719},"point_estimate":0.009532217022638179,"standard_error":0.007255848563241468}}