{"mean":{"confidence_interval":{"confidence_level":0.95,"lower_bound":0.024974059904602518,"upper_bound":0.05388127539152513},"point_estimate":0.03951913118435879,"standard_error":0.007379280166893108},"median":{"confidence_interval":{"confidence_level":0.95,"lower_bound":0.023283839157466124,"upper_bound":0.056620596986215466},"point_estimate":0.04300692897760561,"standard_error":0.009526612008399112}}