{"mean":{"confidence_interval":{"confidence_level":0.95,"lower_bound":0.002285445351534073,"upper_bound":0.023148578436325267},"point_estimate":0.012476940631288125,"standard_error":0.005326347068212768},"median":{"confidence_interval":{"confidence_level":0.95,"lower_bound":-0.003699819078380573,"upper_bound":0.02594889649588339},"point_estimate":0.014052571385541945,"standard_error":0.008092935648142136}}