{"mean":{"confidence_interval":{"confidence_level":0.95,"lower_bound":-0.01400989759983229,"upper_bound":0.01922565834439403},"point_estimate":0.0018767787884146347,"standard_error":0.008488082510785335},"median":{"confidence_interval":{"confidence_level":0.95,"lower_bound":-0.014246001251482454,"upper_bound":0.023739715548804163},"point_estimate":-0.0006615805554835985,"standard_error":0.008960379836772805}}