{"mean":{"confidence_interval":{"confidence_level":0.95,"lower_bound":-0.0036080730863182623,"upper_bound":0.032929105567699214},"point_estimate":0.014377923039245566,"standard_error":0.009309924347076665},"median":{"confidence_interval":{"confidence_level":0.95,"lower_bound":-0.0065155422066217605,"upper_bound":0.03512894268921962},"point_estimate":0.012900760432606129,"standard_error":0.010663401045119253}}