{"mean":{"confidence_interval":{"confidence_level":0.95,"lower_bound":-0.04933248600661646,"upper_bound":-0.023370415038216144},"point_estimate":-0.0375165757491146,"standard_error":0.006587634156905231},"median":{"confidence_interval":{"confidence_level":0.95,"lower_bound":-0.051820804279529065,"upper_bound":-0.024795993764239688},"point_estimate":-0.04147764779378038,"standard_error":0.007603064581718754}}