{"mean":{"confidence_interval":{"confidence_level":0.95,"lower_bound":-0.04302207015021842,"upper_bound":-0.025596305345386178},"point_estimate":-0.03401240333564137,"standard_error":0.004452353436690867},"median":{"confidence_interval":{"confidence_level":0.95,"lower_bound":-0.043847653000689046,"upper_bound":-0.022605542220271224},"point_estimate":-0.0326912837781862,"standard_error":0.005637104951667559}}