{"mean":{"confidence_interval":{"confidence_level":0.95,"lower_bound":-0.039371315389384105,"upper_bound":-0.022101344618599625},"point_estimate":-0.030381305369174383,"standard_error":0.00439749504214105},"median":{"confidence_interval":{"confidence_level":0.95,"lower_bound":-0.04127186973556163,"upper_bound":-0.01809242838680828},"point_estimate":-0.026886373101704275,"standard_error":0.0059775771413323195}}