{"mean":{"confidence_interval":{"confidence_level":0.95,"lower_bound":2053354.7983799996,"upper_bound":2086937.5798599997},"point_estimate":2065101.3095999998,"standard_error":10304.776724153122},"median":{"confidence_interval":{"confidence_level":0.95,"lower_bound":2051906.96,"upper_bound":2053902.28},"point_estimate":2052944.6800000002,"standard_error":506.88050473890223},"median_abs_dev":{"confidence_interval":{"confidence_level":0.95,"lower_bound":3655.024063110393,"upper_bound":6211.085721731282},"point_estimate":5308.834681749185,"standard_error":658.8173734596929},"slope":null,"std_dev":{"confidence_interval":{"confidence_level":0.95,"lower_bound":7204.238992361115,"upper_bound":178074.04297184353},"point_estimate":104091.3376140835,"standard_error":60887.105680924295}}