{"mean":{"confidence_interval":{"confidence_level":0.95,"lower_bound":2067778.7824400004,"upper_bound":2071015.0446000008},"point_estimate":2069344.2148000004,"standard_error":825.548886858416},"median":{"confidence_interval":{"confidence_level":0.95,"lower_bound":2066194.4,"upper_bound":2070368.42},"point_estimate":2067554.4,"standard_error":1089.575128214621},"median_abs_dev":{"confidence_interval":{"confidence_level":0.95,"lower_bound":5847.6115121840185,"upper_bound":9360.513541817776},"point_estimate":7528.939186334368,"standard_error":932.186934087121},"slope":null,"std_dev":{"confidence_interval":{"confidence_level":0.95,"lower_bound":6633.360044043443,"upper_bound":10010.34114541228},"point_estimate":8320.963222422144,"standard_error":873.1831979578101}}