{"mean":{"confidence_interval":{"confidence_level":0.95,"lower_bound":7699176.384428572,"upper_bound":7715924.283749999},"point_estimate":7706858.338571429,"standard_error":4281.279833462196},"median":{"confidence_interval":{"confidence_level":0.95,"lower_bound":7693265.857142856,"upper_bound":7709907.642857143},"point_estimate":7701227.214285715,"standard_error":4563.5739424295425},"median_abs_dev":{"confidence_interval":{"confidence_level":0.95,"lower_bound":26018.57053807764,"upper_bound":41059.33547105088},"point_estimate":33248.045709729195,"standard_error":3844.3586229226685},"slope":null,"std_dev":{"confidence_interval":{"confidence_level":0.95,"lower_bound":27506.181244634954,"upper_bound":60742.94394029251},"point_estimate":42944.01663400838,"standard_error":9895.925652038572}}