{"mean":{"confidence_interval":{"confidence_level":0.95,"lower_bound":7748957.266142855,"upper_bound":7770393.541964287},"point_estimate":7759012.101428568,"standard_error":5467.823884748489},"median":{"confidence_interval":{"confidence_level":0.95,"lower_bound":7745432.071428571,"upper_bound":7760033.857142857},"point_estimate":7752035.214285715,"standard_error":4089.4376418497727},"median_abs_dev":{"confidence_interval":{"confidence_level":0.95,"lower_bound":26000.567538397456,"upper_bound":46393.83607634516},"point_estimate":37879.58212750308,"standard_error":4913.302028582401},"slope":null,"std_dev":{"confidence_interval":{"confidence_level":0.95,"lower_bound":36270.47109504901,"upper_bound":72373.02905260159},"point_estimate":54872.76351422839,"standard_error":9354.275194384598}}