{"mean":{"confidence_interval":{"confidence_level":0.95,"lower_bound":155722766.67875,"upper_bound":157730062.05},"point_estimate":156564169.45,"standard_error":524750.6007008987},"median":{"confidence_interval":{"confidence_level":0.95,"lower_bound":155523987.0,"upper_bound":156868565.75},"point_estimate":156101544.0,"standard_error":305621.8348837861},"median_abs_dev":{"confidence_interval":{"confidence_level":0.95,"lower_bound":37856.70772790909,"upper_bound":1758916.5785729885},"point_estimate":817776.5706315637,"standard_error":504777.7105283453},"slope":null,"std_dev":{"confidence_interval":{"confidence_level":0.95,"lower_bound":465876.9017337702,"upper_bound":2582153.0108849816},"point_estimate":1744097.935810331,"standard_error":654281.2159367817}}