{"mean":{"confidence_interval":{"confidence_level":0.95,"lower_bound":111381683.24375,"upper_bound":111656222.34449999},"point_estimate":111517879.15,"standard_error":69700.47823654365},"median":{"confidence_interval":{"confidence_level":0.95,"lower_bound":111364129.5,"upper_bound":111625615.5},"point_estimate":111515354.5,"standard_error":68355.31622276639},"median_abs_dev":{"confidence_interval":{"confidence_level":0.95,"lower_bound":441997.8932529688,"upper_bound":761528.5808801651},"point_estimate":542639.7446662188,"standard_error":81072.7934648021},"slope":null,"std_dev":{"confidence_interval":{"confidence_level":0.95,"lower_bound":565022.5276837314,"upper_bound":834406.8046047208},"point_estimate":700192.4594157195,"standard_error":69034.86351837238}}