{"mean":{"confidence_interval":{"confidence_level":0.95,"lower_bound":124255108.4,"upper_bound":124710870.15},"point_estimate":124465810.95,"standard_error":117308.09930577356},"median":{"confidence_interval":{"confidence_level":0.95,"lower_bound":124138009.0,"upper_bound":124743136.25},"point_estimate":124361754.75,"standard_error":142902.6943039923},"median_abs_dev":{"confidence_interval":{"confidence_level":0.95,"lower_bound":65065.01179486513,"upper_bound":619418.7788531184},"point_estimate":336004.59723472595,"standard_error":144057.44384512072},"slope":null,"std_dev":{"confidence_interval":{"confidence_level":0.95,"lower_bound":163088.94536499912,"upper_bound":505980.56395236804},"point_estimate":389644.9972542278,"standard_error":90370.60743385646}}