{"mean":{"confidence_interval":{"confidence_level":0.95,"lower_bound":27915915.723500002,"upper_bound":28110554.638125002},"point_estimate":28012454.435,"standard_error":49864.402324421},"median":{"confidence_interval":{"confidence_level":0.95,"lower_bound":27896947.0,"upper_bound":28051319.0},"point_estimate":28011043.5,"standard_error":42068.57246592174},"median_abs_dev":{"confidence_interval":{"confidence_level":0.95,"lower_bound":338401.9057946654,"upper_bound":574595.3338488936},"point_estimate":420378.991086781,"standard_error":65591.48443360275},"slope":null,"std_dev":{"confidence_interval":{"confidence_level":0.95,"lower_bound":415529.82577036635,"upper_bound":576566.8501807234},"point_estimate":498757.8281968512,"standard_error":41085.03658570909}}