{"mean":{"confidence_interval":{"confidence_level":0.95,"lower_bound":27897379.533,"upper_bound":28100217.975},"point_estimate":27997689.78,"standard_error":51789.76814143904},"median":{"confidence_interval":{"confidence_level":0.95,"lower_bound":27890999.75,"upper_bound":28024182.5},"point_estimate":27964370.0,"standard_error":30717.547919246612},"median_abs_dev":{"confidence_interval":{"confidence_level":0.95,"lower_bound":279479.7319382429,"upper_bound":491442.86183014506},"point_estimate":392559.11453068256,"standard_error":53395.233322654436},"slope":null,"std_dev":{"confidence_interval":{"confidence_level":0.95,"lower_bound":408583.0600806138,"upper_bound":620587.2259342367},"point_estimate":518463.01049174985,"standard_error":54135.57335526891}}