{"mean":{"confidence_interval":{"confidence_level":0.95,"lower_bound":16563848.579249999,"upper_bound":16708261.5755},"point_estimate":16632497.44,"standard_error":36751.51472447544},"median":{"confidence_interval":{"confidence_level":0.95,"lower_bound":16541439.0,"upper_bound":16662141.0},"point_estimate":16622336.5,"standard_error":32639.551871889515},"median_abs_dev":{"confidence_interval":{"confidence_level":0.95,"lower_bound":202327.1381554753,"upper_bound":336941.6004180908},"point_estimate":282161.7552906275,"standard_error":32363.5566550505},"slope":null,"std_dev":{"confidence_interval":{"confidence_level":0.95,"lower_bound":258939.17172297768,"upper_bound":497029.5752490862},"point_estimate":369083.7769189455,"standard_error":65764.88554967531}}