{"mean":{"confidence_interval":{"confidence_level":0.95,"lower_bound":16204116.3535,"upper_bound":16298486.38225},"point_estimate":16250027.61,"standard_error":24140.524329567288},"median":{"confidence_interval":{"confidence_level":0.95,"lower_bound":16134723.0,"upper_bound":16253142.0},"point_estimate":16201929.5,"standard_error":26951.539087798716},"median_abs_dev":{"confidence_interval":{"confidence_level":0.95,"lower_bound":171753.18388827145,"upper_bound":282877.85107791424},"point_estimate":226080.92868626118,"standard_error":27154.595951239415},"slope":null,"std_dev":{"confidence_interval":{"confidence_level":0.95,"lower_bound":200687.17880274705,"upper_bound":280430.9787283111},"point_estimate":242321.84365308922,"standard_error":20368.67538324523}}