{"mean":{"confidence_interval":{"confidence_level":0.95,"lower_bound":28321833.784027774,"upper_bound":29098785.44375},"point_estimate":28711347.127777778,"standard_error":197400.86121322445},"median":{"confidence_interval":{"confidence_level":0.95,"lower_bound":28379133.666666664,"upper_bound":29178905.416666664},"point_estimate":28697534.25,"standard_error":218332.89925032234},"median_abs_dev":{"confidence_interval":{"confidence_level":0.95,"lower_bound":565685.4022070747,"upper_bound":1523804.7627970576},"point_estimate":978169.4248840213,"standard_error":254717.50706244708},"slope":null,"std_dev":{"confidence_interval":{"confidence_level":0.95,"lower_bound":792620.6310657944,"upper_bound":1347240.8960987374},"point_estimate":1099395.9685670054,"standard_error":141007.41287639737}}