{"mean":{"confidence_interval":{"confidence_level":0.95,"lower_bound":27004606.743375,"upper_bound":27712806.264},"point_estimate":27358899.535,"standard_error":180823.84313338427},"median":{"confidence_interval":{"confidence_level":0.95,"lower_bound":27091785.25,"upper_bound":27887822.75},"point_estimate":27586483.25,"standard_error":214857.72270722804},"median_abs_dev":{"confidence_interval":{"confidence_level":0.95,"lower_bound":1243543.1446976962,"upper_bound":2130625.889673829},"point_estimate":1557449.7746497393,"standard_error":222508.66095282423},"slope":null,"std_dev":{"confidence_interval":{"confidence_level":0.95,"lower_bound":1558626.0733810845,"upper_bound":2043899.212903491},"point_estimate":1814550.5122130297,"standard_error":123820.87162119617}}