{"mean":{"confidence_interval":{"confidence_level":0.95,"lower_bound":27680675.51472222,"upper_bound":28550236.730555557},"point_estimate":28112840.84444445,"standard_error":221938.81407239466},"median":{"confidence_interval":{"confidence_level":0.95,"lower_bound":27460016.666666664,"upper_bound":28610808.25},"point_estimate":28268823.916666664,"standard_error":299587.9407229628},"median_abs_dev":{"confidence_interval":{"confidence_level":0.95,"lower_bound":721763.2727861395,"upper_bound":1812377.2803738713},"point_estimate":1325123.8877743436,"standard_error":275216.7998083916},"slope":null,"std_dev":{"confidence_interval":{"confidence_level":0.95,"lower_bound":929091.5567686186,"upper_bound":1474389.3493789923},"point_estimate":1230349.3093973303,"standard_error":139794.2488537075}}