{"mean":{"confidence_interval":{"confidence_level":0.95,"lower_bound":95449284.99916665,"upper_bound":96917716.20000002},"point_estimate":96134658.96666667,"standard_error":376953.640729966},"median":{"confidence_interval":{"confidence_level":0.95,"lower_bound":95264879.33333333,"upper_bound":97074653.66666666},"point_estimate":95640414.5,"standard_error":460232.1030555654},"median_abs_dev":{"confidence_interval":{"confidence_level":0.95,"lower_bound":93019.0636485815,"upper_bound":2056898.9110827483},"point_estimate":949400.6843447685,"standard_error":490320.81394631224},"slope":null,"std_dev":{"confidence_interval":{"confidence_level":0.95,"lower_bound":542827.0121848377,"upper_bound":1599516.6019405175},"point_estimate":1258993.3860259652,"standard_error":268104.87795411603}}