{"mean":{"confidence_interval":{"confidence_level":0.95,"lower_bound":60271714.70275,"upper_bound":60431900.67775},"point_estimate":60348004.33,"standard_error":40936.42489731729},"median":{"confidence_interval":{"confidence_level":0.95,"lower_bound":60192319.0,"upper_bound":60295546.5},"point_estimate":60225208.5,"standard_error":27534.612989248813},"median_abs_dev":{"confidence_interval":{"confidence_level":0.95,"lower_bound":189001.10334455967,"upper_bound":399688.19650411606},"point_estimate":304480.0739943981,"standard_error":58608.13672311797},"slope":null,"std_dev":{"confidence_interval":{"confidence_level":0.95,"lower_bound":301184.7457872195,"upper_bound":528401.2576268567},"point_estimate":411900.87115916354,"standard_error":59480.66430934518}}