{"mean":{"confidence_interval":{"confidence_level":0.95,"lower_bound":62955711.226500005,"upper_bound":63118316.1715},"point_estimate":63035081.31,"standard_error":41509.86923615955},"median":{"confidence_interval":{"confidence_level":0.95,"lower_bound":62959358.5,"upper_bound":63082198.0},"point_estimate":63033955.0,"standard_error":29274.591998117514},"median_abs_dev":{"confidence_interval":{"confidence_level":0.95,"lower_bound":202448.28510582447,"upper_bound":382202.4124145508},"point_estimate":273703.52244079113,"standard_error":49068.805483989265},"slope":null,"std_dev":{"confidence_interval":{"confidence_level":0.95,"lower_bound":318810.5959211346,"upper_bound":511281.889615942},"point_estimate":417350.2674799063,"standard_error":49548.802296125934}}