{"mean":{"confidence_interval":{"confidence_level":0.95,"lower_bound":89840664.70000002,"upper_bound":90236498.76583333},"point_estimate":90046966.4,"standard_error":101087.47830607151},"median":{"confidence_interval":{"confidence_level":0.95,"lower_bound":89859297.66666667,"upper_bound":90375801.33333333},"point_estimate":90031768.83333333,"standard_error":141573.8359077276},"median_abs_dev":{"confidence_interval":{"confidence_level":0.95,"lower_bound":44911.165502663745,"upper_bound":627305.0987631083},"point_estimate":268745.70812879887,"standard_error":141977.82291822592},"slope":null,"std_dev":{"confidence_interval":{"confidence_level":0.95,"lower_bound":182244.364515627,"upper_bound":445618.60412553506},"point_estimate":337521.4162697462,"standard_error":72365.66673927284}}