{"mean":{"confidence_interval":{"confidence_level":0.95,"lower_bound":60871010.3565,"upper_bound":61264978.394499995},"point_estimate":61031257.83,"standard_error":102791.33230267534},"median":{"confidence_interval":{"confidence_level":0.95,"lower_bound":60792655.0,"upper_bound":61024582.0},"point_estimate":60903075.0,"standard_error":55672.76979182533},"median_abs_dev":{"confidence_interval":{"confidence_level":0.95,"lower_bound":310420.1107889414,"upper_bound":525512.7497702837},"point_estimate":412658.7223738432,"standard_error":56417.77243899832},"slope":null,"std_dev":{"confidence_interval":{"confidence_level":0.95,"lower_bound":387370.4909166581,"upper_bound":1662037.1378318225},"point_estimate":1032866.2408949992,"standard_error":412722.7121583072}}