{"mean":{"confidence_interval":{"confidence_level":0.95,"lower_bound":94625405.06833331,"upper_bound":95060654.81583333},"point_estimate":94828926.63333336,"standard_error":111558.16013343562},"median":{"confidence_interval":{"confidence_level":0.95,"lower_bound":94455806.0,"upper_bound":95010289.0},"point_estimate":94827867.0,"standard_error":120560.85820251358},"median_abs_dev":{"confidence_interval":{"confidence_level":0.95,"lower_bound":45192.36529766777,"upper_bound":617349.9341398515},"point_estimate":297044.09382641315,"standard_error":154372.60549286348},"slope":null,"std_dev":{"confidence_interval":{"confidence_level":0.95,"lower_bound":178389.49612043184,"upper_bound":509023.7731719763},"point_estimate":371754.49610599776,"standard_error":94425.87263586701}}