{"mean":{"confidence_interval":{"confidence_level":0.95,"lower_bound":90098914.66666667,"upper_bound":90446438.33333333},"point_estimate":90267262.26666668,"standard_error":89085.33988543958},"median":{"confidence_interval":{"confidence_level":0.95,"lower_bound":90110495.16666666,"upper_bound":90518088.66666666},"point_estimate":90194429.16666666,"standard_error":88848.25489138551},"median_abs_dev":{"confidence_interval":{"confidence_level":0.95,"lower_bound":35097.09497689833,"upper_bound":520104.96636629105},"point_estimate":185637.8253042698,"standard_error":129744.76301040174},"slope":null,"std_dev":{"confidence_interval":{"confidence_level":0.95,"lower_bound":108281.6343244355,"upper_bound":389254.30800838576},"point_estimate":296187.4805366711,"standard_error":65955.34473092221}}