{"mean":{"confidence_interval":{"confidence_level":0.95,"lower_bound":-0.020218845314630585,"upper_bound":-0.005779314815825052},"point_estimate":-0.012934460325312092,"standard_error":0.0037092384020686784},"median":{"confidence_interval":{"confidence_level":0.95,"lower_bound":-0.02025214874857728,"upper_bound":-0.00047978449156005354},"point_estimate":-0.009959978070281261,"standard_error":0.005110718580293759}}