{"mean":{"confidence_interval":{"confidence_level":0.95,"lower_bound":0.022055540772509444,"upper_bound":0.03596140916701128},"point_estimate":0.02898640950814646,"standard_error":0.003551392115343517},"median":{"confidence_interval":{"confidence_level":0.95,"lower_bound":0.020105372991087986,"upper_bound":0.03749333016534509},"point_estimate":0.02742678554253919,"standard_error":0.004392778273731851}}