{"mean":{"confidence_interval":{"confidence_level":0.95,"lower_bound":-0.01291277226839028,"upper_bound":0.016478473381742825},"point_estimate":0.0024548758212095123,"standard_error":0.007471593197247975},"median":{"confidence_interval":{"confidence_level":0.95,"lower_bound":-0.010802713146169762,"upper_bound":0.02659671966728272},"point_estimate":0.009575439403922248,"standard_error":0.00912161479419512}}