{"mean":{"confidence_interval":{"confidence_level":0.95,"lower_bound":-0.041744688428637294,"upper_bound":-0.025657183645399647},"point_estimate":-0.03408614419254985,"standard_error":0.0041201904722719005},"median":{"confidence_interval":{"confidence_level":0.95,"lower_bound":-0.046658132689145426,"upper_bound":-0.022743846686548386},"point_estimate":-0.03703463212613323,"standard_error":0.006199916736546706}}