{"mean":{"confidence_interval":{"confidence_level":0.95,"lower_bound":-0.030267967090762717,"upper_bound":-0.01851888107728349},"point_estimate":-0.0243194604898761,"standard_error":0.00299513754169937},"median":{"confidence_interval":{"confidence_level":0.95,"lower_bound":-0.03251367729090182,"upper_bound":-0.015281864901554032},"point_estimate":-0.02160652857828227,"standard_error":0.004306902965332857}}