{"mean":{"confidence_interval":{"confidence_level":0.95,"lower_bound":0.07509175912785483,"upper_bound":0.10450271803142044},"point_estimate":0.08876179863924638,"standard_error":0.007520852760223403},"median":{"confidence_interval":{"confidence_level":0.95,"lower_bound":0.06958141114528571,"upper_bound":0.10463975314018148},"point_estimate":0.08149987437118988,"standard_error":0.009013942527122192}}