{"mean":{"confidence_interval":{"confidence_level":0.95,"lower_bound":-0.0224929132520112,"upper_bound":-0.0012150218844981001},"point_estimate":-0.011334369546775802,"standard_error":0.005430790503576405},"median":{"confidence_interval":{"confidence_level":0.95,"lower_bound":-0.027576863712070798,"upper_bound":0.0035739212362655426},"point_estimate":-0.008185137660053465,"standard_error":0.007771100803061202}}