{"mean":{"confidence_interval":{"confidence_level":0.95,"lower_bound":30046174.405666668,"upper_bound":31082808.661743056},"point_estimate":30594312.466944445,"standard_error":266703.03065312124},"median":{"confidence_interval":{"confidence_level":0.95,"lower_bound":30108276.53333333,"upper_bound":31300596.666666668},"point_estimate":30730948.333333336,"standard_error":297106.2215163719},"median_abs_dev":{"confidence_interval":{"confidence_level":0.95,"lower_bound":181868.06777119453,"upper_bound":1434351.765977666},"point_estimate":876867.4211224929,"standard_error":335800.6645169195},"slope":{"confidence_interval":{"confidence_level":0.95,"lower_bound":30273314.104052745,"upper_bound":31214383.891219385},"point_estimate":30679250.023376625,"standard_error":243589.37292141913},"std_dev":{"confidence_interval":{"confidence_level":0.95,"lower_bound":427935.20745541056,"upper_bound":1178372.6381717918},"point_estimate":889358.1777537322,"standard_error":202202.1658857674}}