{"mean":{"confidence_interval":{"confidence_level":0.95,"lower_bound":29795166.433125,"upper_bound":30551298.236625},"point_estimate":30174860.675,"standard_error":193311.88369618478},"median":{"confidence_interval":{"confidence_level":0.95,"lower_bound":29699176.25,"upper_bound":31002467.75},"point_estimate":30492427.25,"standard_error":342628.3566588285},"median_abs_dev":{"confidence_interval":{"confidence_level":0.95,"lower_bound":1764984.4896152616,"upper_bound":2663559.793612361},"point_estimate":2430523.61779958,"standard_error":230501.71115968088},"slope":null,"std_dev":{"confidence_interval":{"confidence_level":0.95,"lower_bound":1707897.1229867248,"upper_bound":2151007.4547561104},"point_estimate":1940575.0887953248,"standard_error":113250.41789490831}}