{"mean":{"confidence_interval":{"confidence_level":0.95,"lower_bound":-0.013206843408878023,"upper_bound":0.02286683463079555},"point_estimate":0.00512761943562734,"standard_error":0.009237032898274412},"median":{"confidence_interval":{"confidence_level":0.95,"lower_bound":-0.015940343629388898,"upper_bound":0.03462515132154387},"point_estimate":0.0050404273594235605,"standard_error":0.013758100440653837}}