{"mean":{"confidence_interval":{"confidence_level":0.95,"lower_bound":0.01991465160786453,"upper_bound":0.057842134368498846},"point_estimate":0.038671708462400645,"standard_error":0.009764202990230935},"median":{"confidence_interval":{"confidence_level":0.95,"lower_bound":0.029597855825296726,"upper_bound":0.0720715474815199},"point_estimate":0.05248391603074953,"standard_error":0.010946785577904688}}