{"mean":{"confidence_interval":{"confidence_level":0.95,"lower_bound":0.02278158816629229,"upper_bound":0.05166188176727632},"point_estimate":0.036956782869002947,"standard_error":0.007415048110295035},"median":{"confidence_interval":{"confidence_level":0.95,"lower_bound":0.03495333294616754,"upper_bound":0.07290787431939982},"point_estimate":0.05237541023634229,"standard_error":0.01017745674828474}}