{"mean":{"confidence_interval":{"confidence_level":0.95,"lower_bound":-0.011452965066275541,"upper_bound":0.027903470908086172},"point_estimate":0.00737232658231779,"standard_error":0.0100247520375918},"median":{"confidence_interval":{"confidence_level":0.95,"lower_bound":-0.021558456340067145,"upper_bound":0.026544510961829637},"point_estimate":0.005510782612689447,"standard_error":0.012004232920072412}}