{"mean":{"confidence_interval":{"confidence_level":0.95,"lower_bound":-0.06672937846821549,"upper_bound":-0.028997593304716237},"point_estimate":-0.04822750815331456,"standard_error":0.009638330957574666},"median":{"confidence_interval":{"confidence_level":0.95,"lower_bound":-0.07439130985318443,"upper_bound":-0.02426024836137819},"point_estimate":-0.04996245350929762,"standard_error":0.012351466829399232}}