{"mean":{"confidence_interval":{"confidence_level":0.95,"lower_bound":-0.05571995145415652,"upper_bound":-0.02522501516497632},"point_estimate":-0.040382240663472735,"standard_error":0.007767444023035692},"median":{"confidence_interval":{"confidence_level":0.95,"lower_bound":-0.062332824071231085,"upper_bound":-0.024232473314162895},"point_estimate":-0.04705182346109393,"standard_error":0.009816775099027354}}