{"mean":{"confidence_interval":{"confidence_level":0.95,"lower_bound":-0.01333203467082445,"upper_bound":0.02930739813743984},"point_estimate":0.007590776267524024,"standard_error":0.010824987652428354},"median":{"confidence_interval":{"confidence_level":0.95,"lower_bound":-0.023546779482222835,"upper_bound":0.02762232598096781},"point_estimate":0.0011379312226931226,"standard_error":0.012381280843073392}}