{"mean":{"confidence_interval":{"confidence_level":0.95,"lower_bound":0.011017349508549998,"upper_bound":0.04195423641751337},"point_estimate":0.025772242988682192,"standard_error":0.007900515521960428},"median":{"confidence_interval":{"confidence_level":0.95,"lower_bound":0.0019121516043931752,"upper_bound":0.043450788892514636},"point_estimate":0.019926010707397968,"standard_error":0.011632121862614945}}