{"mean":{"confidence_interval":{"confidence_level":0.95,"lower_bound":-0.03658134287946821,"upper_bound":-0.014076135692005286},"point_estimate":-0.024857921725239485,"standard_error":0.005765031068873728},"median":{"confidence_interval":{"confidence_level":0.95,"lower_bound":-0.03599546792219854,"upper_bound":-0.009359343241168383},"point_estimate":-0.01621891214611282,"standard_error":0.007137893131107247}}