{"mean":{"confidence_interval":{"confidence_level":0.95,"lower_bound":-0.004687214704790706,"upper_bound":0.011432125130526504},"point_estimate":0.0038114387062913035,"standard_error":0.004125934041950036},"median":{"confidence_interval":{"confidence_level":0.95,"lower_bound":-0.003455132529844529,"upper_bound":0.017045021582364095},"point_estimate":0.007571714899515802,"standard_error":0.005492724635107674}}