{"mean":{"confidence_interval":{"confidence_level":0.95,"lower_bound":-0.00649396988111155,"upper_bound":0.0052308832088903325},"point_estimate":-0.000621823961066581,"standard_error":0.0029931606862525465},"median":{"confidence_interval":{"confidence_level":0.95,"lower_bound":-0.009156411725824265,"upper_bound":0.0049379634739594724},"point_estimate":-0.0017031214844895892,"standard_error":0.0035760412385125516}}