{"mean":{"confidence_interval":{"confidence_level":0.95,"lower_bound":-0.0019528994142237988,"upper_bound":0.0038838210403739095},"point_estimate":0.0009721412670395946,"standard_error":0.0015028811836264643},"median":{"confidence_interval":{"confidence_level":0.95,"lower_bound":-0.006449879336060782,"upper_bound":0.006244295715616577},"point_estimate":-0.001710101636508643,"standard_error":0.003406405826057687}}