{"mean":{"confidence_interval":{"confidence_level":0.95,"lower_bound":-0.006089631321279755,"upper_bound":0.0017040023490915818},"point_estimate":-0.002097977555958974,"standard_error":0.001996778996659137},"median":{"confidence_interval":{"confidence_level":0.95,"lower_bound":-0.008069209468648864,"upper_bound":0.008292072576238319},"point_estimate":0.0007057280601781013,"standard_error":0.004226683394243811}}