{"mean":{"confidence_interval":{"confidence_level":0.95,"lower_bound":-0.003778747394195894,"upper_bound":0.006228725386012324},"point_estimate":0.0010126155621326127,"standard_error":0.0025471362199630467},"median":{"confidence_interval":{"confidence_level":0.95,"lower_bound":-0.008352811222445022,"upper_bound":0.005939437595299468},"point_estimate":-0.000671390065956845,"standard_error":0.003957380327307994}}