{"mean":{"confidence_interval":{"confidence_level":0.95,"lower_bound":-0.009159224698941471,"upper_bound":0.005122708845457568},"point_estimate":-0.0013469312631568808,"standard_error":0.003638943660428696},"median":{"confidence_interval":{"confidence_level":0.95,"lower_bound":-0.008402141171637734,"upper_bound":0.008550172698719383},"point_estimate":0.0019931996005653208,"standard_error":0.00450835017321801}}