{"mean":{"confidence_interval":{"confidence_level":0.95,"lower_bound":-0.0013026003092702825,"upper_bound":0.0143066134099861},"point_estimate":0.006045481812700038,"standard_error":0.004025457049673634},"median":{"confidence_interval":{"confidence_level":0.95,"lower_bound":-0.003932088240886977,"upper_bound":0.0140238189383608},"point_estimate":0.002078048682716327,"standard_error":0.0047337903448728584}}