{"mean":{"confidence_interval":{"confidence_level":0.95,"lower_bound":-0.008422048977435584,"upper_bound":-0.001919667973235956},"point_estimate":-0.0051103188851007175,"standard_error":0.0016634910210967869},"median":{"confidence_interval":{"confidence_level":0.95,"lower_bound":-0.01318839364511204,"upper_bound":0.0015398315779158178},"point_estimate":-0.0051867365171571755,"standard_error":0.0037727373496610314}}