{"mean":{"confidence_interval":{"confidence_level":0.95,"lower_bound":-0.008812542104460445,"upper_bound":0.005502761644725377},"point_estimate":-0.002049476355546309,"standard_error":0.003669919890302856},"median":{"confidence_interval":{"confidence_level":0.95,"lower_bound":-0.012505564233197597,"upper_bound":0.006067321557284844},"point_estimate":-0.004438424946059505,"standard_error":0.0047107595061446385}}