{"mean":{"confidence_interval":{"confidence_level":0.95,"lower_bound":85886497.88833334,"upper_bound":86479910.41083333},"point_estimate":86187527.13333333,"standard_error":151846.88712318067},"median":{"confidence_interval":{"confidence_level":0.95,"lower_bound":85893177.66666667,"upper_bound":86622497.66666667},"point_estimate":86091820.0,"standard_error":191606.24097703845},"median_abs_dev":{"confidence_interval":{"confidence_level":0.95,"lower_bound":89686.92020773888,"upper_bound":945627.4674117565},"point_estimate":362762.80865966907,"standard_error":214697.09986538038},"slope":null,"std_dev":{"confidence_interval":{"confidence_level":0.95,"lower_bound":265835.0484647509,"upper_bound":662281.8171923249},"point_estimate":504622.4219849241,"standard_error":102851.49126570023}}