{"mean":{"confidence_interval":{"confidence_level":0.95,"lower_bound":86004347.8,"upper_bound":86524231.56583333},"point_estimate":86269694.13333334,"standard_error":133127.751930938},"median":{"confidence_interval":{"confidence_level":0.95,"lower_bound":85909735.33333334,"upper_bound":86670094.33333334},"point_estimate":86250331.33333333,"standard_error":192385.05267775076},"median_abs_dev":{"confidence_interval":{"confidence_level":0.95,"lower_bound":93155.21574615696,"upper_bound":798389.969825752},"point_estimate":507895.26138306403,"standard_error":177607.2195575157},"slope":null,"std_dev":{"confidence_interval":{"confidence_level":0.95,"lower_bound":256967.12241256147,"upper_bound":541216.7946944305},"point_estimate":442263.88434553513,"standard_error":72600.30719938417}}