{"mean":{"confidence_interval":{"confidence_level":0.95,"lower_bound":90225693.63916667,"upper_bound":90720241.90583333},"point_estimate":90466504.73333333,"standard_error":126496.92226383957},"median":{"confidence_interval":{"confidence_level":0.95,"lower_bound":90224841.0,"upper_bound":90862199.66666667},"point_estimate":90313827.0,"standard_error":172348.44062719413},"median_abs_dev":{"confidence_interval":{"confidence_level":0.95,"lower_bound":34095.84579469246,"upper_bound":739413.6254728024},"point_estimate":233339.24395739663,"standard_error":205549.05026814906},"slope":null,"std_dev":{"confidence_interval":{"confidence_level":0.95,"lower_bound":213086.34862448604,"upper_bound":531875.5180896982},"point_estimate":419708.8093692077,"standard_error":78606.32160976161}}