{"mean":{"confidence_interval":{"confidence_level":0.95,"lower_bound":-0.009648717330586946,"upper_bound":-0.00024255717284490092},"point_estimate":-0.004754712722365717,"standard_error":0.0024063909693472834},"median":{"confidence_interval":{"confidence_level":0.95,"lower_bound":-0.011114893554817762,"upper_bound":0.0012649140860252484},"point_estimate":-0.004348349764613735,"standard_error":0.003165085158135874}}