{"mean":{"confidence_interval":{"confidence_level":0.95,"lower_bound":-0.07591949183276148,"upper_bound":-0.06880508340450785},"point_estimate":-0.0721977882878776,"standard_error":0.0018203886690233513},"median":{"confidence_interval":{"confidence_level":0.95,"lower_bound":-0.07601171914143634,"upper_bound":-0.06765594395060004},"point_estimate":-0.07168015991240984,"standard_error":0.0022018986097564384}}