{"mean":{"confidence_interval":{"confidence_level":0.95,"lower_bound":-0.022346823789204714,"upper_bound":-0.015672884703335468},"point_estimate":-0.018904763767916832,"standard_error":0.001709595907965743},"median":{"confidence_interval":{"confidence_level":0.95,"lower_bound":-0.020945398012683802,"upper_bound":-0.015463696806673033},"point_estimate":-0.017693633060787195,"standard_error":0.0014611122479643152}}