{"mean":{"confidence_interval":{"confidence_level":0.95,"lower_bound":0.009941403709304748,"upper_bound":0.015692844961595544},"point_estimate":0.012792244969251021,"standard_error":0.0014650346196201389},"median":{"confidence_interval":{"confidence_level":0.95,"lower_bound":0.009339933840274428,"upper_bound":0.016127606265352146},"point_estimate":0.013756348073606262,"standard_error":0.00170246798403628}}