{"mean":{"confidence_interval":{"confidence_level":0.95,"lower_bound":-0.008257917793671115,"upper_bound":-0.0024274552520564376},"point_estimate":-0.00532575388550971,"standard_error":0.0014899934225813664},"median":{"confidence_interval":{"confidence_level":0.95,"lower_bound":-0.006808692102216352,"upper_bound":-0.0017186136930823492},"point_estimate":-0.0037889925481412456,"standard_error":0.0013236644113565161}}