{"mean":{"confidence_interval":{"confidence_level":0.95,"lower_bound":-0.014967775402855895,"upper_bound":-0.01016909141408345},"point_estimate":-0.012575491765749014,"standard_error":0.0012156869675016722},"median":{"confidence_interval":{"confidence_level":0.95,"lower_bound":-0.016359822129822676,"upper_bound":-0.010057659013633757},"point_estimate":-0.01192888826464078,"standard_error":0.0016230550170311456}}