{"mean":{"confidence_interval":{"confidence_level":0.95,"lower_bound":-0.002725223054567983,"upper_bound":0.001424598747039384},"point_estimate":-0.0006600371220560897,"standard_error":0.0010655946954683368},"median":{"confidence_interval":{"confidence_level":0.95,"lower_bound":-0.0027297792413522037,"upper_bound":0.002242732047799567},"point_estimate":-0.001378709303986314,"standard_error":0.0012812940918370034}}