{"mean":{"confidence_interval":{"confidence_level":0.95,"lower_bound":0.07489318259802048,"upper_bound":0.08196669292336714},"point_estimate":0.07826558593583344,"standard_error":0.0018039940436548206},"median":{"confidence_interval":{"confidence_level":0.95,"lower_bound":0.07488932520254976,"upper_bound":0.08079636168990434},"point_estimate":0.07717970831034227,"standard_error":0.0014983561962859948}}