{"mean":{"confidence_interval":{"confidence_level":0.95,"lower_bound":-0.0014468323875939464,"upper_bound":0.004955450763045132},"point_estimate":0.0018193689814052227,"standard_error":0.0016389437916253012},"median":{"confidence_interval":{"confidence_level":0.95,"lower_bound":-0.0006448039251532034,"upper_bound":0.0053859179048350025},"point_estimate":0.0022441417074654524,"standard_error":0.0016258047085685426}}