{"mean":{"confidence_interval":{"confidence_level":0.95,"lower_bound":-0.03122592570205514,"upper_bound":-0.021130847227449623},"point_estimate":-0.026063288685325148,"standard_error":0.002572874201295809},"median":{"confidence_interval":{"confidence_level":0.95,"lower_bound":-0.029827230798899373,"upper_bound":-0.019022411417101148},"point_estimate":-0.02258518675997101,"standard_error":0.0026183150744172995}}