{"mean":{"confidence_interval":{"confidence_level":0.95,"lower_bound":-0.030553910048714418,"upper_bound":-0.024946617183047293},"point_estimate":-0.02783431619311605,"standard_error":0.0014424593407586454},"median":{"confidence_interval":{"confidence_level":0.95,"lower_bound":-0.03103754789552325,"upper_bound":-0.0266518633383116},"point_estimate":-0.02884521150357988,"standard_error":0.0010963673751816065}}