{"mean":{"confidence_interval":{"confidence_level":0.95,"lower_bound":0.006825011250561216,"upper_bound":0.019765068197817863},"point_estimate":0.013316772532790067,"standard_error":0.003287693635469734},"median":{"confidence_interval":{"confidence_level":0.95,"lower_bound":0.005169697760319281,"upper_bound":0.016369114092489312},"point_estimate":0.008659887486411,"standard_error":0.0025018061356686327}}