{"mean":{"confidence_interval":{"confidence_level":0.95,"lower_bound":-0.02493545976363541,"upper_bound":0.0010408290429832652},"point_estimate":-0.009574959462053556,"standard_error":0.006937973965680899},"median":{"confidence_interval":{"confidence_level":0.95,"lower_bound":-0.011563431587180983,"upper_bound":0.0035287561311294624},"point_estimate":-0.003928255124978519,"standard_error":0.0038706527224032323}}