{"mean":{"confidence_interval":{"confidence_level":0.95,"lower_bound":0.025320981249223485,"upper_bound":0.034785820242529124},"point_estimate":0.030073668931189124,"standard_error":0.0024157608362901863},"median":{"confidence_interval":{"confidence_level":0.95,"lower_bound":0.025062796310647784,"upper_bound":0.034062464049938956},"point_estimate":0.02911935151099243,"standard_error":0.00220891197921454}}