{"mean":{"confidence_interval":{"confidence_level":0.95,"lower_bound":0.0005749096959195844,"upper_bound":0.012624807353947418},"point_estimate":0.006511082215679531,"standard_error":0.0030661635535640546},"median":{"confidence_interval":{"confidence_level":0.95,"lower_bound":0.005206543659053597,"upper_bound":0.013141011276729841},"point_estimate":0.009784527943803356,"standard_error":0.0019034346629464714}}