{"mean":{"confidence_interval":{"confidence_level":0.95,"lower_bound":-0.0189557200826714,"upper_bound":-0.012475943889257943},"point_estimate":-0.01576764420820631,"standard_error":0.0016352084794931919},"median":{"confidence_interval":{"confidence_level":0.95,"lower_bound":-0.019446675729140606,"upper_bound":-0.012613286233018606},"point_estimate":-0.01563477428995541,"standard_error":0.001785448716391713}}