{"mean":{"confidence_interval":{"confidence_level":0.95,"lower_bound":-0.02962951313331917,"upper_bound":-0.021377454506198545},"point_estimate":-0.025526428820216163,"standard_error":0.0021114957722913603},"median":{"confidence_interval":{"confidence_level":0.95,"lower_bound":-0.032558701590035266,"upper_bound":-0.022317452627378498},"point_estimate":-0.026800964167252417,"standard_error":0.0025518825999234734}}