{"mean":{"confidence_interval":{"confidence_level":0.95,"lower_bound":-0.0023213609760893423,"upper_bound":0.0050287284967581655},"point_estimate":0.001499970216528812,"standard_error":0.0018837001668585173},"median":{"confidence_interval":{"confidence_level":0.95,"lower_bound":-0.0015775597781361173,"upper_bound":0.005465396719507076},"point_estimate":0.0017608002476270368,"standard_error":0.001801425344157748}}