{"mean":{"confidence_interval":{"confidence_level":0.95,"lower_bound":0.03012833697043346,"upper_bound":0.03973130672355178},"point_estimate":0.03488345831509765,"standard_error":0.0024308482838881597},"median":{"confidence_interval":{"confidence_level":0.95,"lower_bound":0.030051306932640243,"upper_bound":0.03916289204879786},"point_estimate":0.03484867158607741,"standard_error":0.0021500573299156}}