{"mean":{"confidence_interval":{"confidence_level":0.95,"lower_bound":-0.07238587937821638,"upper_bound":-0.05610962106436515},"point_estimate":-0.06268360345263935,"standard_error":0.004257430094954732},"median":{"confidence_interval":{"confidence_level":0.95,"lower_bound":-0.06483162141048814,"upper_bound":-0.05894833455046078},"point_estimate":-0.062307976903580475,"standard_error":0.0014658125594347229}}