{"mean":{"confidence_interval":{"confidence_level":0.95,"lower_bound":0.0402355483024235,"upper_bound":0.060367765683231205},"point_estimate":0.048956312302150806,"standard_error":0.005059575115813882},"median":{"confidence_interval":{"confidence_level":0.95,"lower_bound":0.046400086185486765,"upper_bound":0.05849005197987794},"point_estimate":0.05143078997848738,"standard_error":0.003161815429295774}}