{"mean":{"confidence_interval":{"confidence_level":0.95,"lower_bound":-0.1950847547998179,"upper_bound":-0.1889683195265673},"point_estimate":-0.19185651878672605,"standard_error":0.0015569057450497577},"median":{"confidence_interval":{"confidence_level":0.95,"lower_bound":-0.19480769731851755,"upper_bound":-0.18903473410967908},"point_estimate":-0.19222460658451757,"standard_error":0.0015030754405410778}}