{"mean":{"confidence_interval":{"confidence_level":0.95,"lower_bound":-0.07653413423962058,"upper_bound":-0.06792896941322896},"point_estimate":-0.07212616064239608,"standard_error":0.0021762282727894964},"median":{"confidence_interval":{"confidence_level":0.95,"lower_bound":-0.076041099094733,"upper_bound":-0.06890442757967674},"point_estimate":-0.07204320254643937,"standard_error":0.0018159979072790826}}