{"mean":{"confidence_interval":{"confidence_level":0.95,"lower_bound":-0.018976136705527204,"upper_bound":-0.011664593924342404},"point_estimate":-0.01517475831037951,"standard_error":0.0018648029523966254},"median":{"confidence_interval":{"confidence_level":0.95,"lower_bound":-0.018554778458391707,"upper_bound":-0.010910354535079936},"point_estimate":-0.015430886647988085,"standard_error":0.001958544658718525}}