{"mean":{"confidence_interval":{"confidence_level":0.95,"lower_bound":-0.01717325997368831,"upper_bound":-0.009957880658819394},"point_estimate":-0.01368848349328633,"standard_error":0.001836331692217437},"median":{"confidence_interval":{"confidence_level":0.95,"lower_bound":-0.017319366181598128,"upper_bound":-0.00951959028882332},"point_estimate":-0.013482901875809583,"standard_error":0.002107845534549918}}