{"mean":{"confidence_interval":{"confidence_level":0.95,"lower_bound":-0.022886765460983106,"upper_bound":0.03240493034235148},"point_estimate":0.003990982628038875,"standard_error":0.013856884971605695},"median":{"confidence_interval":{"confidence_level":0.95,"lower_bound":-0.0005667536237926596,"upper_bound":0.00938450121007195},"point_estimate":0.0030572451476718054,"standard_error":0.0027044818745622706}}