{"mean":{"confidence_interval":{"confidence_level":0.95,"lower_bound":-0.023010900406843,"upper_bound":0.009266599952756905},"point_estimate":-0.00910686372509073,"standard_error":0.008281226500954352},"median":{"confidence_interval":{"confidence_level":0.95,"lower_bound":-0.03251501929637113,"upper_bound":-0.02508458990148743},"point_estimate":-0.029277923152430274,"standard_error":0.0019313228524081498}}