{"mean":{"confidence_interval":{"confidence_level":0.95,"lower_bound":-0.04379225971427653,"upper_bound":0.06219490774461929},"point_estimate":0.0016149201299182625,"standard_error":0.02653279915613116},"median":{"confidence_interval":{"confidence_level":0.95,"lower_bound":-0.041005311138022416,"upper_bound":0.00421607750760603},"point_estimate":-0.0009248217623987198,"standard_error":0.011829744024395746}}