{"mean":{"confidence_interval":{"confidence_level":0.95,"lower_bound":-0.025091366951054496,"upper_bound":0.020377627147159533},"point_estimate":-0.0032981628201645963,"standard_error":0.011566347115264953},"median":{"confidence_interval":{"confidence_level":0.95,"lower_bound":-0.007981627809252644,"upper_bound":0.00034120817814620175},"point_estimate":-0.004238139536518304,"standard_error":0.002159898698355767}}