{"mean":{"confidence_interval":{"confidence_level":0.95,"lower_bound":-0.0029333323780587612,"upper_bound":0.03379237592661327},"point_estimate":0.018260957992208615,"standard_error":0.009592252723137917},"median":{"confidence_interval":{"confidence_level":0.95,"lower_bound":0.024086979032936773,"upper_bound":0.03442474499395831},"point_estimate":0.03120914577972478,"standard_error":0.0025908359247593152}}