{"mean":{"confidence_interval":{"confidence_level":0.95,"lower_bound":-0.02991242027324097,"upper_bound":0.0009922443796826332},"point_estimate":-0.013451439679607269,"standard_error":0.007901149262889547},"median":{"confidence_interval":{"confidence_level":0.95,"lower_bound":0.004145864551319017,"upper_bound":0.01280747391906023},"point_estimate":0.00841839346835016,"standard_error":0.002257627479911732}}