{"mean":{"confidence_interval":{"confidence_level":0.95,"lower_bound":-0.0543961711349763,"upper_bound":-0.003939685887148685},"point_estimate":-0.029172268921643818,"standard_error":0.01271240573006284},"median":{"confidence_interval":{"confidence_level":0.95,"lower_bound":-0.03453890664280479,"upper_bound":-0.023016015359574205},"point_estimate":-0.029456873882481305,"standard_error":0.0028721230446284835}}