{"mean":{"confidence_interval":{"confidence_level":0.95,"lower_bound":0.020219364203187963,"upper_bound":0.05443755564746503},"point_estimate":0.035629039253607386,"standard_error":0.00914367662326501},"median":{"confidence_interval":{"confidence_level":0.95,"lower_bound":0.008216321632370294,"upper_bound":0.017167126364039165},"point_estimate":0.012922795802263076,"standard_error":0.0023274866232312094}}