{"mean":{"confidence_interval":{"confidence_level":0.95,"lower_bound":-0.03945759207916876,"upper_bound":0.05583617164776444},"point_estimate":0.01322201762488251,"standard_error":0.02455376345388027},"median":{"confidence_interval":{"confidence_level":0.95,"lower_bound":0.017605837368175337,"upper_bound":0.02805605606110828},"point_estimate":0.024669697019031878,"standard_error":0.0056358852791202315}}