{"mean":{"confidence_interval":{"confidence_level":0.95,"lower_bound":4002645.1937307706,"upper_bound":4021775.0708461544},"point_estimate":4011964.760769231,"standard_error":4875.118744761479},"median":{"confidence_interval":{"confidence_level":0.95,"lower_bound":3994745.730769231,"upper_bound":4016062.3076923075},"point_estimate":4003036.076923077,"standard_error":5894.044380719098},"median_abs_dev":{"confidence_interval":{"confidence_level":0.95,"lower_bound":30939.352435332505,"upper_bound":53448.58867398225},"point_estimate":41205.90106844936,"standard_error":5383.535450391654},"slope":null,"std_dev":{"confidence_interval":{"confidence_level":0.95,"lower_bound":39007.44595451506,"upper_bound":59614.56360625537},"point_estimate":49102.51305592956,"standard_error":5332.647050713496}}