{"mean":{"confidence_interval":{"confidence_level":0.95,"lower_bound":4007275.4239038466,"upper_bound":4025651.4238653863},"point_estimate":4016229.2000000007,"standard_error":4677.686323380889},"median":{"confidence_interval":{"confidence_level":0.95,"lower_bound":4001927.3846153845,"upper_bound":4024925.923076923},"point_estimate":4014103.923076923,"standard_error":6105.221405193016},"median_abs_dev":{"confidence_interval":{"confidence_level":0.95,"lower_bound":34265.451430128145,"upper_bound":53785.47672973203},"point_estimate":44546.82606298214,"standard_error":5280.035485618162},"slope":null,"std_dev":{"confidence_interval":{"confidence_level":0.95,"lower_bound":37884.91154115554,"upper_bound":55814.7546491992},"point_estimate":47071.21517155781,"standard_error":4602.858610917754}}