{"mean":{"confidence_interval":{"confidence_level":0.95,"lower_bound":29334919.336,"upper_bound":29630739.217125},"point_estimate":29478365.22,"standard_error":75300.47637088137},"median":{"confidence_interval":{"confidence_level":0.95,"lower_bound":29290548.0,"upper_bound":29548000.75},"point_estimate":29379886.0,"standard_error":79627.4185687334},"median_abs_dev":{"confidence_interval":{"confidence_level":0.95,"lower_bound":446930.8740153909,"upper_bound":674484.3951255083},"point_estimate":578573.1495782733,"standard_error":57181.746234322825},"slope":null,"std_dev":{"confidence_interval":{"confidence_level":0.95,"lower_bound":531975.0287782169,"upper_bound":967326.6969400072},"point_estimate":757090.6868944798,"standard_error":111787.4767343135}}