{"mean":{"confidence_interval":{"confidence_level":0.95,"lower_bound":28176013.477375,"upper_bound":28392060.865624998},"point_estimate":28283682.915,"standard_error":55312.28828118499},"median":{"confidence_interval":{"confidence_level":0.95,"lower_bound":28156722.0,"upper_bound":28353183.5},"point_estimate":28245550.0,"standard_error":56319.64055188603},"median_abs_dev":{"confidence_interval":{"confidence_level":0.95,"lower_bound":299483.34143310785,"upper_bound":527789.6526798606},"point_estimate":401755.68216741085,"standard_error":57282.90884902771},"slope":null,"std_dev":{"confidence_interval":{"confidence_level":0.95,"lower_bound":441281.2007370361,"upper_bound":660907.2442942195},"point_estimate":555068.219216132,"standard_error":56202.98545032469}}