{"mean":{"confidence_interval":{"confidence_level":0.95,"lower_bound":27180244.00725,"upper_bound":27399347.289874997},"point_estimate":27289369.505,"standard_error":55822.7303187807},"median":{"confidence_interval":{"confidence_level":0.95,"lower_bound":27108902.5,"upper_bound":27365327.25},"point_estimate":27252119.75,"standard_error":63761.18576626178},"median_abs_dev":{"confidence_interval":{"confidence_level":0.95,"lower_bound":396894.23685371876,"upper_bound":671119.2638352513},"point_estimate":535153.7267491221,"standard_error":64084.433567016196},"slope":null,"std_dev":{"confidence_interval":{"confidence_level":0.95,"lower_bound":477426.17100955284,"upper_bound":639021.6798863448},"point_estimate":561194.4733908081,"standard_error":41341.96365572828}}