{"mean":{"confidence_interval":{"confidence_level":0.95,"lower_bound":-0.000011001698102707874,"upper_bound":0.016216415763470014},"point_estimate":0.0075341564667150696,"standard_error":0.004295649281630231},"median":{"confidence_interval":{"confidence_level":0.95,"lower_bound":-0.00416899764424572,"upper_bound":0.01002005702518094},"point_estimate":0.003632247628612806,"standard_error":0.0033376908339176276}}