{"mean":{"confidence_interval":{"confidence_level":0.95,"lower_bound":0.009951500330363267,"upper_bound":0.019843688765722726},"point_estimate":0.013666401457187671,"standard_error":0.002520043306332977},"median":{"confidence_interval":{"confidence_level":0.95,"lower_bound":0.009227012773174836,"upper_bound":0.013732945159723897},"point_estimate":0.01171928750032647,"standard_error":0.0011747591767662631}}