{"mean":{"confidence_interval":{"confidence_level":0.95,"lower_bound":-0.050342661182079,"upper_bound":-0.04743551621485629},"point_estimate":-0.04891146782533651,"standard_error":0.0007433774981574966},"median":{"confidence_interval":{"confidence_level":0.95,"lower_bound":-0.05249198457886062,"upper_bound":-0.04879959936406675},"point_estimate":-0.05045559975208447,"standard_error":0.001119710984582824}}