{"mean":{"confidence_interval":{"confidence_level":0.95,"lower_bound":-0.012987734633192794,"upper_bound":0.00015916824839995355},"point_estimate":-0.005672865203946831,"standard_error":0.003387517043822369},"median":{"confidence_interval":{"confidence_level":0.95,"lower_bound":-0.009151093061350868,"upper_bound":0.0017840413183833892},"point_estimate":-0.0036715450186883825,"standard_error":0.0027381768601796265}}