{"mean":{"confidence_interval":{"confidence_level":0.95,"lower_bound":0.01982773729180526,"upper_bound":0.027549144480130565},"point_estimate":0.023871002750990522,"standard_error":0.001972553721012362},"median":{"confidence_interval":{"confidence_level":0.95,"lower_bound":0.01959130820295285,"upper_bound":0.030003927157243204},"point_estimate":0.02543783522863108,"standard_error":0.002534916921068291}}