{"mean":{"confidence_interval":{"confidence_level":0.95,"lower_bound":0.09210440161401784,"upper_bound":0.09614994174538607},"point_estimate":0.09411033820922676,"standard_error":0.0010274859540205135},"median":{"confidence_interval":{"confidence_level":0.95,"lower_bound":0.09262963569748095,"upper_bound":0.09689239146769446},"point_estimate":0.0944145495111115,"standard_error":0.0011356531629445306}}