{"mean":{"confidence_interval":{"confidence_level":0.95,"lower_bound":-0.012374071106405508,"upper_bound":-0.003013576474161974},"point_estimate":-0.006747159394226876,"standard_error":0.002458725459172016},"median":{"confidence_interval":{"confidence_level":0.95,"lower_bound":-0.005882434412558535,"upper_bound":-0.0021901212866621833},"point_estimate":-0.004058981788943705,"standard_error":0.0009268235736884632}}