{"mean":{"confidence_interval":{"confidence_level":0.95,"lower_bound":-0.2662210067157213,"upper_bound":-0.26258460289811225},"point_estimate":-0.2644793488596454,"standard_error":0.0009328375604545394},"median":{"confidence_interval":{"confidence_level":0.95,"lower_bound":-0.26717751197057127,"upper_bound":-0.26193612356350493},"point_estimate":-0.2655010581344983,"standard_error":0.0013062177721540388}}