{"mean":{"confidence_interval":{"confidence_level":0.95,"lower_bound":13407406.854937501,"upper_bound":13593256.2309375},"point_estimate":13500279.8075,"standard_error":47065.4215721912},"median":{"confidence_interval":{"confidence_level":0.95,"lower_bound":13353039.0,"upper_bound":13650453.75},"point_estimate":13476390.5,"standard_error":85858.13953071102},"median_abs_dev":{"confidence_interval":{"confidence_level":0.95,"lower_bound":386605.36368638277,"upper_bound":589732.1236051619},"point_estimate":490027.2753752768,"standard_error":50850.203801193304},"slope":null,"std_dev":{"confidence_interval":{"confidence_level":0.95,"lower_bound":409550.86003740114,"upper_bound":531558.4596634002},"point_estimate":473585.1601495858,"standard_error":31057.376503216936}}