{"mean":{"confidence_interval":{"confidence_level":0.95,"lower_bound":13814220.4575625,"upper_bound":14005434.781375},"point_estimate":13911284.1075,"standard_error":48731.77664708243},"median":{"confidence_interval":{"confidence_level":0.95,"lower_bound":13850636.5,"upper_bound":14059970.625},"point_estimate":13972602.375,"standard_error":59714.96646268293},"median_abs_dev":{"confidence_interval":{"confidence_level":0.95,"lower_bound":397334.3837209046,"upper_bound":652605.8526389301},"point_estimate":549590.7293178141,"standard_error":63331.59000052239},"slope":null,"std_dev":{"confidence_interval":{"confidence_level":0.95,"lower_bound":419387.698786439,"upper_bound":550754.5285541215},"point_estimate":488823.6549492397,"standard_error":33496.8514241616}}