{"mean":{"confidence_interval":{"confidence_level":0.95,"lower_bound":0.006891303707021918,"upper_bound":0.017641562341088813},"point_estimate":0.012111819635364007,"standard_error":0.0027401999161282345},"median":{"confidence_interval":{"confidence_level":0.95,"lower_bound":0.0036916193519191953,"upper_bound":0.018866186834888627},"point_estimate":0.011490751768749474,"standard_error":0.003928452310047114}}