{"mean":{"confidence_interval":{"confidence_level":0.95,"lower_bound":-0.04428395536478798,"upper_bound":-0.034137807895234476},"point_estimate":-0.03899257461994343,"standard_error":0.002629180826837813},"median":{"confidence_interval":{"confidence_level":0.95,"lower_bound":-0.04414381776797671,"upper_bound":-0.03128357954455552},"point_estimate":-0.039878294208971043,"standard_error":0.0029506623409384218}}