{"mean":{"confidence_interval":{"confidence_level":0.95,"lower_bound":0.03970621973735312,"upper_bound":0.05267126399096198},"point_estimate":0.04611224835827499,"standard_error":0.0033174565270268227},"median":{"confidence_interval":{"confidence_level":0.95,"lower_bound":0.03731747446580935,"upper_bound":0.05367645157580525},"point_estimate":0.04609234950904373,"standard_error":0.004652278128577896}}