{"mean":{"confidence_interval":{"confidence_level":0.95,"lower_bound":-0.026562751803384313,"upper_bound":-0.014279382800117164},"point_estimate":-0.020575052397495575,"standard_error":0.0031494475341607093},"median":{"confidence_interval":{"confidence_level":0.95,"lower_bound":-0.02937896893425118,"upper_bound":-0.012547449008338707},"point_estimate":-0.023192177223607224,"standard_error":0.00408916866555492}}