{"mean":{"confidence_interval":{"confidence_level":0.95,"lower_bound":-0.015561718724338825,"upper_bound":-0.004967499867940462},"point_estimate":-0.010250184264666728,"standard_error":0.0027153678822967983},"median":{"confidence_interval":{"confidence_level":0.95,"lower_bound":-0.014304590130914563,"upper_bound":-0.0011562015576936447},"point_estimate":-0.007460792386212445,"standard_error":0.003356817552354395}}