{"mean":{"confidence_interval":{"confidence_level":0.95,"lower_bound":-0.0016450962642658488,"upper_bound":0.011943723602377453},"point_estimate":0.005023533573647265,"standard_error":0.0034962508360282976},"median":{"confidence_interval":{"confidence_level":0.95,"lower_bound":-0.005410375995241856,"upper_bound":0.014177564157112466},"point_estimate":0.0050401530165238295,"standard_error":0.004859945139683219}}