{"mean":{"confidence_interval":{"confidence_level":0.95,"lower_bound":-0.010859604420565832,"upper_bound":0.005800314731977986},"point_estimate":-0.0021899225984621795,"standard_error":0.004252734199068713},"median":{"confidence_interval":{"confidence_level":0.95,"lower_bound":-0.00970982970077483,"upper_bound":0.011055711791203127},"point_estimate":-0.0011121450229639729,"standard_error":0.005071207562750133}}