{"mean":{"confidence_interval":{"confidence_level":0.95,"lower_bound":915261.411286564,"upper_bound":917062.7548054986},"point_estimate":916066.9285591299,"standard_error":462.67755931560447},"median":{"confidence_interval":{"confidence_level":0.95,"lower_bound":914838.4202481841,"upper_bound":915842.8571428572},"point_estimate":915285.5549999999,"standard_error":249.43446638679694},"median_abs_dev":{"confidence_interval":{"confidence_level":0.95,"lower_bound":1763.8033681047473,"upper_bound":3089.746730010337},"point_estimate":2466.8232422042374,"standard_error":356.279083651926},"slope":{"confidence_interval":{"confidence_level":0.95,"lower_bound":915133.8745555575,"upper_bound":916648.4747006423},"point_estimate":915838.1931195507,"standard_error":388.0183035717061},"std_dev":{"confidence_interval":{"confidence_level":0.95,"lower_bound":2276.7479982350624,"upper_bound":6858.930938070643},"point_estimate":4654.633955928607,"standard_error":1221.2450294909543}}