{"mean":{"confidence_interval":{"confidence_level":0.95,"lower_bound":129255909.49525,"upper_bound":129526621.28425},"point_estimate":129389704.49,"standard_error":68915.39504996887},"median":{"confidence_interval":{"confidence_level":0.95,"lower_bound":129168432.0,"upper_bound":129478709.0},"point_estimate":129301584.0,"standard_error":64799.58171041839},"median_abs_dev":{"confidence_interval":{"confidence_level":0.95,"lower_bound":507748.9781856537,"upper_bound":843132.013913914},"point_estimate":641425.3809124231,"standard_error":82051.11424950816},"slope":null,"std_dev":{"confidence_interval":{"confidence_level":0.95,"lower_bound":577080.7602699806,"upper_bound":801503.3147682262},"point_estimate":691980.733587703,"standard_error":57327.90210339488}}