{"mean":{"confidence_interval":{"confidence_level":0.95,"lower_bound":166902204.15,"upper_bound":167475926.2},"point_estimate":167177808.6,"standard_error":148143.22932495663},"median":{"confidence_interval":{"confidence_level":0.95,"lower_bound":166740859.25,"upper_bound":167661350.5},"point_estimate":167038031.0,"standard_error":286261.3332250741},"median_abs_dev":{"confidence_interval":{"confidence_level":0.95,"lower_bound":34394.095489382744,"upper_bound":796472.7209597826},"point_estimate":469079.0643721819,"standard_error":254746.84722522154},"slope":null,"std_dev":{"confidence_interval":{"confidence_level":0.95,"lower_bound":293220.3716295987,"upper_bound":583389.0594192604},"point_estimate":494058.85614715307,"standard_error":72833.35531249408}}