{"mean":{"confidence_interval":{"confidence_level":0.95,"lower_bound":130028373.38575001,"upper_bound":130549704.33575},"point_estimate":130257702.35,"standard_error":134078.7841143414},"median":{"confidence_interval":{"confidence_level":0.95,"lower_bound":129941021.0,"upper_bound":130403866.0},"point_estimate":130127973.0,"standard_error":120580.71790082943},"median_abs_dev":{"confidence_interval":{"confidence_level":0.95,"lower_bound":603720.6396818161,"upper_bound":998363.5484755039},"point_estimate":800962.7749800682,"standard_error":99567.29477756328},"slope":null,"std_dev":{"confidence_interval":{"confidence_level":0.95,"lower_bound":707456.9070993381,"upper_bound":2055574.7398106353},"point_estimate":1351286.8089545136,"standard_error":421124.11687809334}}