{"mean":{"confidence_interval":{"confidence_level":0.95,"lower_bound":172378369.3,"upper_bound":174281548.7},"point_estimate":173296742.0,"standard_error":487328.840050568},"median":{"confidence_interval":{"confidence_level":0.95,"lower_bound":172052245.0,"upper_bound":174346945.5},"point_estimate":173162815.5,"standard_error":482756.67163822893},"median_abs_dev":{"confidence_interval":{"confidence_level":0.95,"lower_bound":200075.3838479519,"upper_bound":2717383.3617568016},"point_estimate":1389511.2278312445,"standard_error":749869.2575949677},"slope":null,"std_dev":{"confidence_interval":{"confidence_level":0.95,"lower_bound":799955.8709126542,"upper_bound":2148329.9564853623},"point_estimate":1625392.0042049515,"standard_error":356186.3837044969}}