{"mean":{"confidence_interval":{"confidence_level":0.95,"lower_bound":164230825.27625,"upper_bound":165685645.25},"point_estimate":164967931.9,"standard_error":373511.0923636798},"median":{"confidence_interval":{"confidence_level":0.95,"lower_bound":163921101.0,"upper_bound":166178606.5},"point_estimate":165026285.5,"standard_error":594760.8397193215},"median_abs_dev":{"confidence_interval":{"confidence_level":0.95,"lower_bound":291570.3347235918,"upper_bound":2038169.843365252},"point_estimate":1673488.7974396348,"standard_error":448038.59026556223},"slope":null,"std_dev":{"confidence_interval":{"confidence_level":0.95,"lower_bound":759312.6999299743,"upper_bound":1530531.6279850672},"point_estimate":1241626.4405085729,"standard_error":199656.9425230164}}