{"mean":{"confidence_interval":{"confidence_level":0.95,"lower_bound":118406514.72916667,"upper_bound":119643108.28916667},"point_estimate":118986334.36666666,"standard_error":315367.39999835007},"median":{"confidence_interval":{"confidence_level":0.95,"lower_bound":117870153.5,"upper_bound":119224940.5},"point_estimate":118546018.5,"standard_error":395902.5044639769},"median_abs_dev":{"confidence_interval":{"confidence_level":0.95,"lower_bound":684378.5260498524,"upper_bound":2120164.664259553},"point_estimate":1259813.3821338415,"standard_error":353976.7191685731},"slope":null,"std_dev":{"confidence_interval":{"confidence_level":0.95,"lower_bound":1115579.4654462447,"upper_bound":2255292.0238426495},"point_estimate":1751358.8434314313,"standard_error":294520.57881705096}}