{"mean":{"confidence_interval":{"confidence_level":0.95,"lower_bound":117260918.98916668,"upper_bound":118641575.14333333},"point_estimate":117938574.93333334,"standard_error":353533.0245538938},"median":{"confidence_interval":{"confidence_level":0.95,"lower_bound":116829581.0,"upper_bound":118969593.0},"point_estimate":117304780.0,"standard_error":486268.62753638666},"median_abs_dev":{"confidence_interval":{"confidence_level":0.95,"lower_bound":752938.3966326714,"upper_bound":3003290.164580941},"point_estimate":2143823.994639516,"standard_error":573021.1271293367},"slope":null,"std_dev":{"confidence_interval":{"confidence_level":0.95,"lower_bound":1565195.8307433862,"upper_bound":2216854.034465416},"point_estimate":1960323.7456480803,"standard_error":165767.37671166813}}