{"mean":{"confidence_interval":{"confidence_level":0.95,"lower_bound":170178304.45,"upper_bound":173019700.84875},"point_estimate":171464949.25,"standard_error":730374.210259028},"median":{"confidence_interval":{"confidence_level":0.95,"lower_bound":169675418.0,"upper_bound":173173320.75},"point_estimate":170976362.75,"standard_error":741495.2869020291},"median_abs_dev":{"confidence_interval":{"confidence_level":0.95,"lower_bound":351755.36870509386,"upper_bound":3382974.7515901923},"point_estimate":1624049.6480673552,"standard_error":815537.7024818144},"slope":null,"std_dev":{"confidence_interval":{"confidence_level":0.95,"lower_bound":804129.3805152875,"upper_bound":3144791.7026369083},"point_estimate":2430299.861411336,"standard_error":621686.5982584299}}