{"mean":{"confidence_interval":{"confidence_level":0.95,"lower_bound":118589520.79916666,"upper_bound":120247828.49416667},"point_estimate":119385443.26666667,"standard_error":424384.38395345403},"median":{"confidence_interval":{"confidence_level":0.95,"lower_bound":117777401.5,"upper_bound":121097719.5},"point_estimate":118490720.0,"standard_error":721471.6433781736},"median_abs_dev":{"confidence_interval":{"confidence_level":0.95,"lower_bound":869010.4072719812,"upper_bound":3654965.5004113913},"point_estimate":2062031.9192916155,"standard_error":692551.6192917111},"slope":null,"std_dev":{"confidence_interval":{"confidence_level":0.95,"lower_bound":1742527.382365442,"upper_bound":2814009.0956249717},"point_estimate":2357377.747621664,"standard_error":274526.75976343174}}