{"mean":{"confidence_interval":{"confidence_level":0.95,"lower_bound":42244.59343563064,"upper_bound":42352.99787869134},"point_estimate":42286.45971916922,"standard_error":29.116917508123763},"median":{"confidence_interval":{"confidence_level":0.95,"lower_bound":42208.11196741855,"upper_bound":42255.2756737013},"point_estimate":42232.00145746273,"standard_error":12.550558250366894},"median_abs_dev":{"confidence_interval":{"confidence_level":0.95,"lower_bound":56.63092655142127,"upper_bound":116.93102928666863},"point_estimate":82.39236965703246,"standard_error":14.813009969714495},"slope":{"confidence_interval":{"confidence_level":0.95,"lower_bound":42237.02262172531,"upper_bound":42276.34758182277},"point_estimate":42255.606778483816,"standard_error":10.049783484126028},"std_dev":{"confidence_interval":{"confidence_level":0.95,"lower_bound":87.55778855850514,"upper_bound":481.1802969265034},"point_estimate":291.0071079040828,"standard_error":134.66620565777856}}