{"mean":{"confidence_interval":{"confidence_level":0.95,"lower_bound":59022041.8625,"upper_bound":59180913.24625},"point_estimate":59099307.48,"standard_error":40605.40790198408},"median":{"confidence_interval":{"confidence_level":0.95,"lower_bound":58956339.0,"upper_bound":59112806.0},"point_estimate":59031831.5,"standard_error":36676.25565570298},"median_abs_dev":{"confidence_interval":{"confidence_level":0.95,"lower_bound":251796.6252297163,"upper_bound":409199.0753352642},"point_estimate":363099.853053689,"standard_error":42116.59085453319},"slope":null,"std_dev":{"confidence_interval":{"confidence_level":0.95,"lower_bound":312391.7764199249,"upper_bound":497601.6683823654},"point_estimate":407721.139763305,"standard_error":47637.216518018264}}