{"mean":{"confidence_interval":{"confidence_level":0.95,"lower_bound":86351907.70000002,"upper_bound":86981061.96666667},"point_estimate":86641294.8,"standard_error":161691.69497020094},"median":{"confidence_interval":{"confidence_level":0.95,"lower_bound":86249041.33333333,"upper_bound":86964443.5},"point_estimate":86493035.16666667,"standard_error":185954.7058255582},"median_abs_dev":{"confidence_interval":{"confidence_level":0.95,"lower_bound":89228.79681587219,"upper_bound":848340.7397389412},"point_estimate":473117.1725004875,"standard_error":183824.8865251568},"slope":null,"std_dev":{"confidence_interval":{"confidence_level":0.95,"lower_bound":244074.83408605773,"upper_bound":722952.729217071},"point_estimate":538613.9206875836,"standard_error":131944.3483202224}}