{"mean":{"confidence_interval":{"confidence_level":0.95,"lower_bound":91215534.27166666,"upper_bound":91541436.76666667},"point_estimate":91386986.83333333,"standard_error":83245.71663739436},"median":{"confidence_interval":{"confidence_level":0.95,"lower_bound":91274985.66666666,"upper_bound":91633607.66666667},"point_estimate":91352581.83333334,"standard_error":98523.99020232157},"median_abs_dev":{"confidence_interval":{"confidence_level":0.95,"lower_bound":18721.284067645494,"upper_bound":495518.763902776},"point_estimate":161035.5613410473,"standard_error":117895.18346038101},"slope":null,"std_dev":{"confidence_interval":{"confidence_level":0.95,"lower_bound":124377.7073012683,"upper_bound":377064.3773098353},"point_estimate":275695.7596001656,"standard_error":68421.63783168551}}