{"mean":{"confidence_interval":{"confidence_level":0.95,"lower_bound":92073309.6025,"upper_bound":92516803.77916665},"point_estimate":92278764.06666666,"standard_error":113972.0910425977},"median":{"confidence_interval":{"confidence_level":0.95,"lower_bound":92030492.83333333,"upper_bound":92608835.66666666},"point_estimate":92127739.5,"standard_error":125431.77049215673},"median_abs_dev":{"confidence_interval":{"confidence_level":0.95,"lower_bound":30868.225651994173,"upper_bound":601291.3996249437},"point_estimate":256159.66985226047,"standard_error":142310.63458630917},"slope":null,"std_dev":{"confidence_interval":{"confidence_level":0.95,"lower_bound":133786.96634302734,"upper_bound":479787.3123699417},"point_estimate":380946.7519349621,"standard_error":87808.35276769847}}