{"mean":{"confidence_interval":{"confidence_level":0.95,"lower_bound":8912242.374166671,"upper_bound":9042341.015333336},"point_estimate":8977765.456666667,"standard_error":33074.40730784612},"median":{"confidence_interval":{"confidence_level":0.95,"lower_bound":8915903.166666666,"upper_bound":9049536.833333334},"point_estimate":8983550.5,"standard_error":36278.8261798342},"median_abs_dev":{"confidence_interval":{"confidence_level":0.95,"lower_bound":249530.47116995134,"upper_bound":427299.64421391394},"point_estimate":349261.88264936255,"standard_error":45942.86561976273},"slope":null,"std_dev":{"confidence_interval":{"confidence_level":0.95,"lower_bound":282850.7268449339,"upper_bound":379653.6734204073},"point_estimate":332655.52699022373,"standard_error":24741.03372918532}}