{"mean":{"confidence_interval":{"confidence_level":0.95,"lower_bound":9864550.285916673,"upper_bound":10005771.519375002},"point_estimate":9935557.788333336,"standard_error":36096.72993976281},"median":{"confidence_interval":{"confidence_level":0.95,"lower_bound":9839447.166666666,"upper_bound":10101911.166666666},"point_estimate":9972975.75,"standard_error":66671.227232467},"median_abs_dev":{"confidence_interval":{"confidence_level":0.95,"lower_bound":303458.9332625256,"upper_bound":470044.85470503476},"point_estimate":396159.97921675444,"standard_error":42994.46597101668},"slope":null,"std_dev":{"confidence_interval":{"confidence_level":0.95,"lower_bound":312862.9230009941,"upper_bound":415910.86249325355},"point_estimate":364561.7494050723,"standard_error":26385.469115873937}}