{"mean":{"confidence_interval":{"confidence_level":0.95,"lower_bound":4019091.1326346146,"upper_bound":4037800.3595769214},"point_estimate":4028061.356153846,"standard_error":4755.625866499553},"median":{"confidence_interval":{"confidence_level":0.95,"lower_bound":4012062.9615384615,"upper_bound":4035587.3846153845},"point_estimate":4025520.384615385,"standard_error":5497.213169500098},"median_abs_dev":{"confidence_interval":{"confidence_level":0.95,"lower_bound":32390.186278997553,"upper_bound":48478.45310087356},"point_estimate":42108.462313964534,"standard_error":4232.7266400401595},"slope":null,"std_dev":{"confidence_interval":{"confidence_level":0.95,"lower_bound":35994.28090802359,"upper_bound":59599.21932160057},"point_estimate":47637.83973132083,"standard_error":6112.27437579881}}