{"mean":{"confidence_interval":{"confidence_level":0.95,"lower_bound":375238.4016539813,"upper_bound":376347.8327644906},"point_estimate":375843.8961241218,"standard_error":287.11903389927386},"median":{"confidence_interval":{"confidence_level":0.95,"lower_bound":375365.40573770495,"upper_bound":376465.5891393443},"point_estimate":376087.5731557377,"standard_error":287.2808115260699},"median_abs_dev":{"confidence_interval":{"confidence_level":0.95,"lower_bound":143.94678592803615,"upper_bound":1377.865222751093},"point_estimate":577.7599434927192,"standard_error":330.62064281165095},"slope":{"confidence_interval":{"confidence_level":0.95,"lower_bound":375663.133294072,"upper_bound":376336.3004893296},"point_estimate":375974.99718969554,"standard_error":170.8586453219227},"std_dev":{"confidence_interval":{"confidence_level":0.95,"lower_bound":369.3233001599212,"upper_bound":1324.3196743937624},"point_estimate":958.7144807454127,"standard_error":268.57503765457443}}