{"mean":{"confidence_interval":{"confidence_level":0.95,"lower_bound":356805.38039803924,"upper_bound":357868.731503268},"point_estimate":357327.3858431372,"standard_error":270.6651741964347},"median":{"confidence_interval":{"confidence_level":0.95,"lower_bound":356498.72647058824,"upper_bound":358007.5901960784},"point_estimate":357216.51666666666,"standard_error":573.9783465642215},"median_abs_dev":{"confidence_interval":{"confidence_level":0.95,"lower_bound":39.745501333612246,"upper_bound":1549.0427399500095},"point_estimate":1135.3018988639556,"standard_error":476.08391918326015},"slope":{"confidence_interval":{"confidence_level":0.95,"lower_bound":356991.54023073683,"upper_bound":357903.2791712057},"point_estimate":357616.6651795264,"standard_error":236.7212172185016},"std_dev":{"confidence_interval":{"confidence_level":0.95,"lower_bound":594.5427511471123,"upper_bound":1089.1897805323076},"point_estimate":904.4740051127512,"standard_error":133.9250955109043}}