{"mean":{"confidence_interval":{"confidence_level":0.95,"lower_bound":107047403.20574999,"upper_bound":108043122.308},"point_estimate":107535621.76,"standard_error":255165.1073368876},"median":{"confidence_interval":{"confidence_level":0.95,"lower_bound":106330650.5,"upper_bound":107822791.0},"point_estimate":106988131.5,"standard_error":378849.50179894664},"median_abs_dev":{"confidence_interval":{"confidence_level":0.95,"lower_bound":1662649.1383820772,"upper_bound":2936048.3253747225},"point_estimate":2162111.1240148544,"standard_error":317805.04970447125},"slope":null,"std_dev":{"confidence_interval":{"confidence_level":0.95,"lower_bound":2155899.4852399915,"upper_bound":2934537.351009897},"point_estimate":2567004.0885416446,"standard_error":198913.5103604263}}