{"mean":{"confidence_interval":{"confidence_level":0.95,"lower_bound":105780264.90349999,"upper_bound":106630490.19524999},"point_estimate":106194207.9,"standard_error":216325.35999053917},"median":{"confidence_interval":{"confidence_level":0.95,"lower_bound":105492393.5,"upper_bound":106371148.0},"point_estimate":105961012.0,"standard_error":228647.47770692882},"median_abs_dev":{"confidence_interval":{"confidence_level":0.95,"lower_bound":1451442.3939317465,"upper_bound":2506835.632994771},"point_estimate":1961932.6994687319,"standard_error":262067.1554551439},"slope":null,"std_dev":{"confidence_interval":{"confidence_level":0.95,"lower_bound":1722604.413420384,"upper_bound":2644378.6998359053},"point_estimate":2164796.4517674358,"standard_error":240004.69295596765}}