{"mean":{"confidence_interval":{"confidence_level":0.95,"lower_bound":27341556.17559524,"upper_bound":27467572.05452381},"point_estimate":27403653.323809538,"standard_error":32169.778283120002},"median":{"confidence_interval":{"confidence_level":0.95,"lower_bound":27306742.35714286,"upper_bound":27484317.07142857},"point_estimate":27410613.92857143,"standard_error":45090.74885154995},"median_abs_dev":{"confidence_interval":{"confidence_level":0.95,"lower_bound":111617.11541839772,"upper_bound":259793.87538773593},"point_estimate":185988.14249805003,"standard_error":37241.329772676705},"slope":null,"std_dev":{"confidence_interval":{"confidence_level":0.95,"lower_bound":134400.1908708572,"upper_bound":212880.74067986754},"point_estimate":178865.06513660983,"standard_error":20020.976595744305}}