{"mean":{"confidence_interval":{"confidence_level":0.95,"lower_bound":25791008.916,"upper_bound":25938212.422125},"point_estimate":25864763.9,"standard_error":37607.9914521392},"median":{"confidence_interval":{"confidence_level":0.95,"lower_bound":25804476.0,"upper_bound":25963896.0},"point_estimate":25914778.75,"standard_error":41856.20163832078},"median_abs_dev":{"confidence_interval":{"confidence_level":0.95,"lower_bound":245919.22828406096,"upper_bound":423599.1982296109},"point_estimate":342175.17832517624,"standard_error":46899.92335411529},"slope":null,"std_dev":{"confidence_interval":{"confidence_level":0.95,"lower_bound":306710.8159528257,"upper_bound":449566.1704347826},"point_estimate":379110.9066048982,"standard_error":36727.14048325893}}