{"mean":{"confidence_interval":{"confidence_level":0.95,"lower_bound":38063869.767625004,"upper_bound":38340457.01512501},"point_estimate":38200860.68,"standard_error":70543.73652601348},"median":{"confidence_interval":{"confidence_level":0.95,"lower_bound":37982553.0,"upper_bound":38314711.75},"point_estimate":38137382.5,"standard_error":99015.87882982258},"median_abs_dev":{"confidence_interval":{"confidence_level":0.95,"lower_bound":528366.0134196281,"upper_bound":859998.7939819694},"point_estimate":682732.4694290757,"standard_error":84025.11786217752},"slope":null,"std_dev":{"confidence_interval":{"confidence_level":0.95,"lower_bound":601550.9508679394,"upper_bound":806115.323566297},"point_estimate":707765.954327901,"standard_error":52311.05624956135}}