{"mean":{"confidence_interval":{"confidence_level":0.95,"lower_bound":-0.17649959577234534,"upper_bound":-0.16286546502789453},"point_estimate":-0.16981915831302907,"standard_error":0.003435512952271799},"median":{"confidence_interval":{"confidence_level":0.95,"lower_bound":-0.18060137734904003,"upper_bound":-0.16102934808289426},"point_estimate":-0.17379472456034395,"standard_error":0.004637467507614622}}