{"mean":{"confidence_interval":{"confidence_level":0.95,"lower_bound":0.03227138588124217,"upper_bound":0.0661511147487691},"point_estimate":0.052929597019715,"standard_error":0.009046868309825772},"median":{"confidence_interval":{"confidence_level":0.95,"lower_bound":0.053401950439196724,"upper_bound":0.06660835764968653},"point_estimate":0.059231628104814193,"standard_error":0.0035900336241305}}