{"mean":{"confidence_interval":{"confidence_level":0.95,"lower_bound":-0.024544005729933698,"upper_bound":-0.010889569810997484},"point_estimate":-0.017647273883140024,"standard_error":0.0034869265646468505},"median":{"confidence_interval":{"confidence_level":0.95,"lower_bound":-0.025110918565099283,"upper_bound":-0.010394610427541084},"point_estimate":-0.016941471196148195,"standard_error":0.003823333807400982}}