{"mean":{"confidence_interval":{"confidence_level":0.95,"lower_bound":-0.07757301500894566,"upper_bound":-0.05728060914569594},"point_estimate":-0.06564723523473459,"standard_error":0.005413517369739431},"median":{"confidence_interval":{"confidence_level":0.95,"lower_bound":-0.06635516495389082,"upper_bound":-0.055053901218229395},"point_estimate":-0.060712782116645214,"standard_error":0.003072631051261452}}