{"mean":{"confidence_interval":{"confidence_level":0.95,"lower_bound":-0.009559358111126962,"upper_bound":0.012577021602276323},"point_estimate":0.0013716904370877359,"standard_error":0.005671106293638075},"median":{"confidence_interval":{"confidence_level":0.95,"lower_bound":-0.015333614964500253,"upper_bound":0.018004503620949075},"point_estimate":-0.007635320947750213,"standard_error":0.010160827251464258}}