{"mean":{"confidence_interval":{"confidence_level":0.95,"lower_bound":0.03043786231055173,"upper_bound":0.053076182072228646},"point_estimate":0.03889012458013341,"standard_error":0.005985711585719474},"median":{"confidence_interval":{"confidence_level":0.95,"lower_bound":0.028214669070080634,"upper_bound":0.040016160118747424},"point_estimate":0.03587920612047446,"standard_error":0.0029898434645237}}