{"mean":{"confidence_interval":{"confidence_level":0.95,"lower_bound":-0.05817189253884199,"upper_bound":-0.042250163343862564},"point_estimate":-0.04993727139103732,"standard_error":0.004076159415743382},"median":{"confidence_interval":{"confidence_level":0.95,"lower_bound":-0.06184955478245446,"upper_bound":-0.039526950678981376},"point_estimate":-0.04730195598589926,"standard_error":0.0053812611496487925}}