{"mean":{"confidence_interval":{"confidence_level":0.95,"lower_bound":0.027869997924876416,"upper_bound":0.04964419181540715},"point_estimate":0.038969585939311324,"standard_error":0.005563128655148059},"median":{"confidence_interval":{"confidence_level":0.95,"lower_bound":0.019574857001437795,"upper_bound":0.055045934330129054},"point_estimate":0.0447266468310239,"standard_error":0.010411451048368927}}