{"mean":{"confidence_interval":{"confidence_level":0.95,"lower_bound":68511312.69211012,"upper_bound":69772862.28978175},"point_estimate":69177364.26700398,"standard_error":324808.37958531384},"median":{"confidence_interval":{"confidence_level":0.95,"lower_bound":68256694.5,"upper_bound":70030019.525},"point_estimate":69523867.80208334,"standard_error":387012.43518980785},"median_abs_dev":{"confidence_interval":{"confidence_level":0.95,"lower_bound":111097.24570887646,"upper_bound":1657461.2121991888},"point_estimate":764421.652338805,"standard_error":488240.9721651502},"slope":{"confidence_interval":{"confidence_level":0.95,"lower_bound":69322190.95,"upper_bound":70182592.93347609},"point_estimate":69876888.63116883,"standard_error":222193.0920462156},"std_dev":{"confidence_interval":{"confidence_level":0.95,"lower_bound":443407.6037749415,"upper_bound":1360464.6847420123},"point_estimate":1080955.3974029445,"standard_error":221791.5780394126}}