{"mean":{"confidence_interval":{"confidence_level":0.95,"lower_bound":69005528.824,"upper_bound":70094821.738},"point_estimate":69556104.81,"standard_error":278265.1355050542},"median":{"confidence_interval":{"confidence_level":0.95,"lower_bound":69421311.5,"upper_bound":70463135.0},"point_estimate":69746599.0,"standard_error":294076.65971716424},"median_abs_dev":{"confidence_interval":{"confidence_level":0.95,"lower_bound":1916900.9491682053,"upper_bound":3508666.612158713},"point_estimate":2670269.2997932434,"standard_error":407295.3379920437},"slope":null,"std_dev":{"confidence_interval":{"confidence_level":0.95,"lower_bound":2366174.6689665345,"upper_bound":3177304.0659453482},"point_estimate":2784074.433968257,"standard_error":207080.7707127366}}