{"mean":{"confidence_interval":{"confidence_level":0.95,"lower_bound":-0.08660165717233989,"upper_bound":-0.056227078461509095},"point_estimate":-0.07151373251379223,"standard_error":0.007762153864693232},"median":{"confidence_interval":{"confidence_level":0.95,"lower_bound":-0.08971187341189224,"upper_bound":-0.05285905536482627},"point_estimate":-0.07764360418064908,"standard_error":0.00919992369176229}}