{"mean":{"confidence_interval":{"confidence_level":0.95,"lower_bound":0.011904368751712196,"upper_bound":0.03120282181229218},"point_estimate":0.021676033848175846,"standard_error":0.0049284919781961214},"median":{"confidence_interval":{"confidence_level":0.95,"lower_bound":0.013384824115653272,"upper_bound":0.037420640081791356},"point_estimate":0.025197616751553076,"standard_error":0.006696191311414531}}