{"mean":{"confidence_interval":{"confidence_level":0.95,"lower_bound":-0.0006533613066360156,"upper_bound":0.03325182138320741},"point_estimate":0.015553917553922103,"standard_error":0.008635956248774682},"median":{"confidence_interval":{"confidence_level":0.95,"lower_bound":-0.0037815955344095986,"upper_bound":0.024658080524377235},"point_estimate":0.007797186549058921,"standard_error":0.0067697629175684565}}