{"mean":{"confidence_interval":{"confidence_level":0.95,"lower_bound":0.00658894913754922,"upper_bound":0.028785710339498647},"point_estimate":0.018102747640854622,"standard_error":0.0057108422576802355},"median":{"confidence_interval":{"confidence_level":0.95,"lower_bound":0.00318769785953954,"upper_bound":0.03322624627697124},"point_estimate":0.02291492989209787,"standard_error":0.007859147684580682}}