{"mean":{"confidence_interval":{"confidence_level":0.95,"lower_bound":0.07101123673331763,"upper_bound":0.09281749139441},"point_estimate":0.08229477738436763,"standard_error":0.005615304064761994},"median":{"confidence_interval":{"confidence_level":0.95,"lower_bound":0.06990101792334369,"upper_bound":0.09727817406188999},"point_estimate":0.08537540434105306,"standard_error":0.007019901402086857}}