{"mean":{"confidence_interval":{"confidence_level":0.95,"lower_bound":-0.023501325571621757,"upper_bound":-0.0006452452751010138},"point_estimate":-0.012350026471611208,"standard_error":0.005812547411306953},"median":{"confidence_interval":{"confidence_level":0.95,"lower_bound":-0.029822337992553405,"upper_bound":-0.002991084540002964},"point_estimate":-0.016147898130187577,"standard_error":0.006554913010801405}}