{"mean":{"confidence_interval":{"confidence_level":0.95,"lower_bound":-0.02805234365758836,"upper_bound":0.00471616335073887},"point_estimate":-0.00931845114038854,"standard_error":0.008464793102751115},"median":{"confidence_interval":{"confidence_level":0.95,"lower_bound":-0.014803195692559501,"upper_bound":0.006220180005840108},"point_estimate":-0.003573142848618094,"standard_error":0.006293709879666087}}