{"mean":{"confidence_interval":{"confidence_level":0.95,"lower_bound":-0.02037941496699422,"upper_bound":0.012965491889502578},"point_estimate":-0.0032448225899224248,"standard_error":0.008450312239616292},"median":{"confidence_interval":{"confidence_level":0.95,"lower_bound":-0.023649776799221756,"upper_bound":0.01605401263797357},"point_estimate":-0.0006672842121960842,"standard_error":0.009329684707844569}}