{"mean":{"confidence_interval":{"confidence_level":0.95,"lower_bound":60825847.691,"upper_bound":60960941.5505},"point_estimate":60891776.74,"standard_error":34359.64858463366},"median":{"confidence_interval":{"confidence_level":0.95,"lower_bound":60800284.0,"upper_bound":60954827.0},"point_estimate":60848030.0,"standard_error":40557.51354758249},"median_abs_dev":{"confidence_interval":{"confidence_level":0.95,"lower_bound":225242.33307614937,"upper_bound":379999.2688536644},"point_estimate":317998.4205543995,"standard_error":39306.14110375246},"slope":null,"std_dev":{"confidence_interval":{"confidence_level":0.95,"lower_bound":275257.9676809912,"upper_bound":417109.6282719544},"point_estimate":346110.13259218837,"standard_error":36469.83724439481}}