{"mean":{"confidence_interval":{"confidence_level":0.95,"lower_bound":92817356.13333334,"upper_bound":93841971.7},"point_estimate":93267097.96666668,"standard_error":265975.0996832066},"median":{"confidence_interval":{"confidence_level":0.95,"lower_bound":92878723.66666666,"upper_bound":93519431.66666666},"point_estimate":93054667.5,"standard_error":148851.09901395405},"median_abs_dev":{"confidence_interval":{"confidence_level":0.95,"lower_bound":23560.737481713295,"upper_bound":1264258.216854952},"point_estimate":320987.83630131936,"standard_error":300674.7385261174},"slope":null,"std_dev":{"confidence_interval":{"confidence_level":0.95,"lower_bound":215636.16030113096,"upper_bound":1270951.8733426072},"point_estimate":887659.9556450471,"standard_error":295390.9803981851}}