{"mean":{"confidence_interval":{"confidence_level":0.95,"lower_bound":92343011.36666667,"upper_bound":92864513.59916668},"point_estimate":92603087.56666666,"standard_error":133120.78693410184},"median":{"confidence_interval":{"confidence_level":0.95,"lower_bound":92373846.0,"upper_bound":92911701.33333333},"point_estimate":92508902.83333334,"standard_error":154818.34923392537},"median_abs_dev":{"confidence_interval":{"confidence_level":0.95,"lower_bound":63298.370376247694,"upper_bound":789146.4531898277},"point_estimate":334883.50455462193,"standard_error":185792.45111535775},"slope":null,"std_dev":{"confidence_interval":{"confidence_level":0.95,"lower_bound":219196.63353131223,"upper_bound":590147.2494393975},"point_estimate":442601.1862419859,"standard_error":95623.17952312772}}