{"mean":{"confidence_interval":{"confidence_level":0.95,"lower_bound":86142163.5,"upper_bound":86599841.74166666},"point_estimate":86384304.16666666,"standard_error":117399.01559597177},"median":{"confidence_interval":{"confidence_level":0.95,"lower_bound":86144770.83333334,"upper_bound":86724731.0},"point_estimate":86388905.66666666,"standard_error":157336.2074286446},"median_abs_dev":{"confidence_interval":{"confidence_level":0.95,"lower_bound":66679.43961621067,"upper_bound":640154.5456349776},"point_estimate":454372.16683329624,"standard_error":161185.55501100002},"slope":null,"std_dev":{"confidence_interval":{"confidence_level":0.95,"lower_bound":199955.53730484907,"upper_bound":510536.10965498956},"point_estimate":390580.1587571945,"standard_error":84562.39227987957}}