{"mean":{"confidence_interval":{"confidence_level":0.95,"lower_bound":63343574.86666666,"upper_bound":63582893.33333333},"point_estimate":63460769.20000001,"standard_error":61055.782925247986},"median":{"confidence_interval":{"confidence_level":0.95,"lower_bound":63297284.33333333,"upper_bound":63605140.33333333},"point_estimate":63439037.16666667,"standard_error":66163.1803803699},"median_abs_dev":{"confidence_interval":{"confidence_level":0.95,"lower_bound":33213.69881033713,"upper_bound":389750.3288805485},"point_estimate":153270.19687891376,"standard_error":97690.53959405351},"slope":null,"std_dev":{"confidence_interval":{"confidence_level":0.95,"lower_bound":108651.63733717831,"upper_bound":258148.82259266812},"point_estimate":203850.97683018938,"standard_error":38710.081627678795}}