{"mean":{"confidence_interval":{"confidence_level":0.95,"lower_bound":28289399.2095,"upper_bound":28487704.191999998},"point_estimate":28387312.505,"standard_error":50398.13437581233},"median":{"confidence_interval":{"confidence_level":0.95,"lower_bound":28283062.0,"upper_bound":28464908.5},"point_estimate":28371219.0,"standard_error":44090.019313292774},"median_abs_dev":{"confidence_interval":{"confidence_level":0.95,"lower_bound":310964.96627926826,"upper_bound":517117.15676933527},"point_estimate":421451.28151774406,"standard_error":51193.58853256224},"slope":null,"std_dev":{"confidence_interval":{"confidence_level":0.95,"lower_bound":410679.0595626661,"upper_bound":590094.3628646182},"point_estimate":504913.892019686,"standard_error":45844.31215049923}}