{"mean":{"confidence_interval":{"confidence_level":0.95,"lower_bound":28413590.19625,"upper_bound":28665310.0115},"point_estimate":28539829.185,"standard_error":64281.747104023845},"median":{"confidence_interval":{"confidence_level":0.95,"lower_bound":28461879.0,"upper_bound":28720041.5},"point_estimate":28544761.75,"standard_error":70629.81188859149},"median_abs_dev":{"confidence_interval":{"confidence_level":0.95,"lower_bound":457027.9358111327,"upper_bound":755898.4074801207},"point_estimate":597591.2007406354,"standard_error":73061.04360848771},"slope":null,"std_dev":{"confidence_interval":{"confidence_level":0.95,"lower_bound":550767.9638893215,"upper_bound":729729.4427876433},"point_estimate":644005.0461927926,"standard_error":45580.64249013967}}