{"mean":{"confidence_interval":{"confidence_level":0.95,"lower_bound":30046788.40275,"upper_bound":30261331.846874997},"point_estimate":30153663.915,"standard_error":54756.3191050047},"median":{"confidence_interval":{"confidence_level":0.95,"lower_bound":30074070.05625001,"upper_bound":30277326.5},"point_estimate":30169904.25,"standard_error":49341.202997705645},"median_abs_dev":{"confidence_interval":{"confidence_level":0.95,"lower_bound":368999.4889989495,"upper_bound":632400.7948726416},"point_estimate":487131.2016516924,"standard_error":67252.63378718827},"slope":null,"std_dev":{"confidence_interval":{"confidence_level":0.95,"lower_bound":466518.033120916,"upper_bound":627631.2629531699},"point_estimate":551170.5246364829,"standard_error":41283.27358152712}}