{"mean":{"confidence_interval":{"confidence_level":0.95,"lower_bound":29560322.7695,"upper_bound":29776480.826125},"point_estimate":29667899.0,"standard_error":55224.11076676227},"median":{"confidence_interval":{"confidence_level":0.95,"lower_bound":29519220.5,"upper_bound":29797486.0},"point_estimate":29623233.5,"standard_error":75310.92449344964},"median_abs_dev":{"confidence_interval":{"confidence_level":0.95,"lower_bound":386748.43458384275,"upper_bound":611863.8200372458},"point_estimate":504719.2851394415,"standard_error":58199.01030987846},"slope":null,"std_dev":{"confidence_interval":{"confidence_level":0.95,"lower_bound":471070.12038752914,"upper_bound":630087.9772048147},"point_estimate":555174.9949483669,"standard_error":40611.98318515583}}