{"mean":{"confidence_interval":{"confidence_level":0.95,"lower_bound":1789595.5950000004,"upper_bound":1824620.8548333335},"point_estimate":1806625.9400000004,"standard_error":8899.152845558368},"median":{"confidence_interval":{"confidence_level":0.95,"lower_bound":1792060.6666666667,"upper_bound":1816700.0},"point_estimate":1802436.6666666665,"standard_error":5448.065060209338},"median_abs_dev":{"confidence_interval":{"confidence_level":0.95,"lower_bound":25420.41204869753,"upper_bound":80127.36267745506},"point_estimate":51672.56268262875,"standard_error":14801.483273665342},"slope":null,"std_dev":{"confidence_interval":{"confidence_level":0.95,"lower_bound":47079.94599969254,"upper_bound":78256.5599556631},"point_estimate":63648.86821300737,"standard_error":8028.107842698673}}