{"mean":{"confidence_interval":{"confidence_level":0.95,"lower_bound":1628804.162,"upper_bound":1657782.6653749999},"point_estimate":1642461.205,"standard_error":7401.931640172949},"median":{"confidence_interval":{"confidence_level":0.95,"lower_bound":1621052.5,"upper_bound":1652831.5},"point_estimate":1642365.0,"standard_error":9342.881524876911},"median_abs_dev":{"confidence_interval":{"confidence_level":0.95,"lower_bound":48342.39604175091,"upper_bound":77737.53506988287},"point_estimate":59144.61944997311,"standard_error":7473.3855169619155},"slope":null,"std_dev":{"confidence_interval":{"confidence_level":0.95,"lower_bound":52496.53301135584,"upper_bound":100195.26477717842},"point_estimate":74302.53245599517,"standard_error":13463.581263896647}}