{"mean":{"confidence_interval":{"confidence_level":0.95,"lower_bound":1697643.043166667,"upper_bound":1731802.8913333334},"point_estimate":1713994.506666666,"standard_error":8704.463155277404},"median":{"confidence_interval":{"confidence_level":0.95,"lower_bound":1693392.6666666665,"upper_bound":1724760.0},"point_estimate":1711901.8333333333,"standard_error":6892.2816416359465},"median_abs_dev":{"confidence_interval":{"confidence_level":0.95,"lower_bound":25639.095544814947,"upper_bound":74404.77387905109},"point_estimate":40946.94027304638,"standard_error":11910.947800401636},"slope":null,"std_dev":{"confidence_interval":{"confidence_level":0.95,"lower_bound":42765.5515988752,"upper_bound":78767.79459314143},"point_estimate":62202.712487108794,"standard_error":9259.80846779285}}