{"mean":{"confidence_interval":{"confidence_level":0.95,"lower_bound":1711249.4519999996,"upper_bound":1742150.2365},"point_estimate":1726363.0933333326,"standard_error":7874.806272242865},"median":{"confidence_interval":{"confidence_level":0.95,"lower_bound":1701615.6666666667,"upper_bound":1741779.3333333333},"point_estimate":1720762.8333333335,"standard_error":8757.125802700566},"median_abs_dev":{"confidence_interval":{"confidence_level":0.95,"lower_bound":36159.87205803394,"upper_bound":69198.37697148335},"point_estimate":54110.69833934301,"standard_error":8498.873161052179},"slope":null,"std_dev":{"confidence_interval":{"confidence_level":0.95,"lower_bound":42932.30045559818,"upper_bound":68395.1413023425},"point_estimate":56264.843166603954,"standard_error":6547.189906516934}}