{"mean":{"confidence_interval":{"confidence_level":0.95,"lower_bound":1623166.6666666663,"upper_bound":1655499.1806666662},"point_estimate":1639033.0066666668,"standard_error":8299.657031942483},"median":{"confidence_interval":{"confidence_level":0.95,"lower_bound":1614671.6666666667,"upper_bound":1654082.0},"point_estimate":1639310.0,"standard_error":11524.416356908581},"median_abs_dev":{"confidence_interval":{"confidence_level":0.95,"lower_bound":35747.462165355566,"upper_bound":67129.16160821915},"point_estimate":51142.78029203421,"standard_error":8012.855999129264},"slope":null,"std_dev":{"confidence_interval":{"confidence_level":0.95,"lower_bound":45836.40252455631,"upper_bound":70672.81912664852},"point_estimate":59469.05816930493,"standard_error":6324.818136703279}}