{"mean":{"confidence_interval":{"confidence_level":0.95,"lower_bound":1692457.095,"upper_bound":1719307.6641250001},"point_estimate":1705189.11,"standard_error":6859.142303571542},"median":{"confidence_interval":{"confidence_level":0.95,"lower_bound":1691505.5,"upper_bound":1718551.0},"point_estimate":1703410.5,"standard_error":6041.555645750207},"median_abs_dev":{"confidence_interval":{"confidence_level":0.95,"lower_bound":37567.97138303518,"upper_bound":73503.60019505024},"point_estimate":54112.304489314556,"standard_error":9549.653169393538},"slope":null,"std_dev":{"confidence_interval":{"confidence_level":0.95,"lower_bound":48537.40721474003,"upper_bound":91974.46927897152},"point_estimate":68949.21841975329,"standard_error":11852.51376363182}}