{"mean":{"confidence_interval":{"confidence_level":0.95,"lower_bound":18941758.77130903,"upper_bound":19085725.580694444},"point_estimate":19011720.63259921,"standard_error":36896.94002167456},"median":{"confidence_interval":{"confidence_level":0.95,"lower_bound":18938486.28174603,"upper_bound":19093277.40833333},"point_estimate":18985002.61875,"standard_error":41988.8401953251},"median_abs_dev":{"confidence_interval":{"confidence_level":0.95,"lower_bound":16463.735265209165,"upper_bound":203622.81315997336},"point_estimate":110752.71786207966,"standard_error":47227.69720453832},"slope":{"confidence_interval":{"confidence_level":0.95,"lower_bound":18909955.307377048,"upper_bound":19027083.31318248},"point_estimate":18972398.86753247,"standard_error":30404.56078383057},"std_dev":{"confidence_interval":{"confidence_level":0.95,"lower_bound":60875.44565734125,"upper_bound":162103.99463481258},"point_estimate":122995.06309121943,"standard_error":26328.98392834528}}