{"mean":{"confidence_interval":{"confidence_level":0.95,"lower_bound":15355733.49325,"upper_bound":15622596.889},"point_estimate":15465915.36,"standard_error":69652.6245481656},"median":{"confidence_interval":{"confidence_level":0.95,"lower_bound":15273532.5,"upper_bound":15414465.0},"point_estimate":15344569.5,"standard_error":33495.65591340206},"median_abs_dev":{"confidence_interval":{"confidence_level":0.95,"lower_bound":158035.52029430866,"upper_bound":270367.6725000143},"point_estimate":213585.57610809803,"standard_error":29599.40566615107},"slope":null,"std_dev":{"confidence_interval":{"confidence_level":0.95,"lower_bound":193486.97705284334,"upper_bound":1126827.655465896},"point_estimate":701715.7623361618,"standard_error":270608.0913239613}}