{"mean":{"confidence_interval":{"confidence_level":0.95,"lower_bound":79455640.72999999,"upper_bound":79998560.1},"point_estimate":79734923.16666666,"standard_error":139161.33535995867},"median":{"confidence_interval":{"confidence_level":0.95,"lower_bound":79235955.16666667,"upper_bound":80130100.0},"point_estimate":79946202.33333334,"standard_error":275727.3851971096},"median_abs_dev":{"confidence_interval":{"confidence_level":0.95,"lower_bound":57503.13417911898,"upper_bound":745223.1934696399},"point_estimate":366749.2728888878,"standard_error":191269.5468514397},"slope":null,"std_dev":{"confidence_interval":{"confidence_level":0.95,"lower_bound":271234.02132693987,"upper_bound":526927.3382409868},"point_estimate":463459.4363062589,"standard_error":61916.13520086061}}