{"mean":{"confidence_interval":{"confidence_level":0.95,"lower_bound":79484497.83333334,"upper_bound":80140137.63333334},"point_estimate":79882672.5,"standard_error":178961.46120619294},"median":{"confidence_interval":{"confidence_level":0.95,"lower_bound":79874541.66666666,"upper_bound":80217562.83333334},"point_estimate":80026245.16666667,"standard_error":102774.4923251993},"median_abs_dev":{"confidence_interval":{"confidence_level":0.95,"lower_bound":41075.679370757236,"upper_bound":436964.7134423219},"point_estimate":196027.39171982548,"standard_error":102824.08488280165},"slope":null,"std_dev":{"confidence_interval":{"confidence_level":0.95,"lower_bound":123350.38094355982,"upper_bound":909569.7059959115},"point_estimate":596981.1641560545,"standard_error":264623.8681621326}}