{"mean":{"confidence_interval":{"confidence_level":0.95,"lower_bound":91850980.01833335,"upper_bound":92445763.93583333},"point_estimate":92127268.03333333,"standard_error":153345.86865056335},"median":{"confidence_interval":{"confidence_level":0.95,"lower_bound":91787390.83333333,"upper_bound":92538523.5},"point_estimate":91984966.16666667,"standard_error":170303.740480554},"median_abs_dev":{"confidence_interval":{"confidence_level":0.95,"lower_bound":71676.54282749436,"upper_bound":834315.0968879499},"point_estimate":335190.4027491734,"standard_error":188859.79144182522},"slope":null,"std_dev":{"confidence_interval":{"confidence_level":0.95,"lower_bound":188605.80310072756,"upper_bound":658895.2709940186},"point_estimate":511584.88797718385,"standard_error":120226.56294371845}}