{"mean":{"confidence_interval":{"confidence_level":0.95,"lower_bound":91500917.42166665,"upper_bound":91858288.46749999},"point_estimate":91697690.96666667,"standard_error":91712.61170241148},"median":{"confidence_interval":{"confidence_level":0.95,"lower_bound":91591178.33333333,"upper_bound":91942543.66666667},"point_estimate":91728568.33333334,"standard_error":93757.97498739114},"median_abs_dev":{"confidence_interval":{"confidence_level":0.95,"lower_bound":23776.45577788353,"upper_bound":443878.5713195801},"point_estimate":215472.18457462612,"standard_error":98382.75906230348},"slope":null,"std_dev":{"confidence_interval":{"confidence_level":0.95,"lower_bound":123955.66260512448,"upper_bound":431546.2219368976},"point_estimate":305445.221191343,"standard_error":90782.77205555327}}