{"mean":{"confidence_interval":{"confidence_level":0.95,"lower_bound":60778798.74312501,"upper_bound":62102607.144687496},"point_estimate":61450453.8125,"standard_error":338039.4556960182},"median":{"confidence_interval":{"confidence_level":0.95,"lower_bound":60728723.25,"upper_bound":62151051.75},"point_estimate":61596274.25,"standard_error":328150.6796319774},"median_abs_dev":{"confidence_interval":{"confidence_level":0.95,"lower_bound":1372146.6462895274,"upper_bound":3012095.3258246183},"point_estimate":2229076.8289759755,"standard_error":408561.32251548907},"slope":null,"std_dev":{"confidence_interval":{"confidence_level":0.95,"lower_bound":1651553.6829430799,"upper_bound":2585232.0255597914},"point_estimate":2161869.9328668127,"standard_error":239352.90257610523}}