{"mean":{"confidence_interval":{"confidence_level":0.95,"lower_bound":59734761.18225,"upper_bound":60815988.547},"point_estimate":60286174.39,"standard_error":276102.97406294727},"median":{"confidence_interval":{"confidence_level":0.95,"lower_bound":60064559.0,"upper_bound":61064814.0},"point_estimate":60620584.5,"standard_error":261997.8374175361},"median_abs_dev":{"confidence_interval":{"confidence_level":0.95,"lower_bound":1905238.8177752495,"upper_bound":3331590.4310524464},"point_estimate":2591948.7322837114,"standard_error":364526.5206374901},"slope":null,"std_dev":{"confidence_interval":{"confidence_level":0.95,"lower_bound":2304911.0664029517,"upper_bound":3193475.636299004},"point_estimate":2777518.231220661,"standard_error":227086.42637901095}}