{"mean":{"confidence_interval":{"confidence_level":0.95,"lower_bound":61330980.24925893,"upper_bound":62633034.30305357},"point_estimate":61946961.25369047,"standard_error":333413.1384139333},"median":{"confidence_interval":{"confidence_level":0.95,"lower_bound":60925274.625,"upper_bound":62855181.075},"point_estimate":61750755.08333333,"standard_error":494708.8103694005},"median_abs_dev":{"confidence_interval":{"confidence_level":0.95,"lower_bound":192610.98718047512,"upper_bound":1918557.9276087943},"point_estimate":1211276.9905330325,"standard_error":462526.5973234999},"slope":{"confidence_interval":{"confidence_level":0.95,"lower_bound":61213701.403755866,"upper_bound":62745533.9506579},"point_estimate":62000017.81558441,"standard_error":390332.73421681137},"std_dev":{"confidence_interval":{"confidence_level":0.95,"lower_bound":569482.1257318901,"upper_bound":1378104.7983172438},"point_estimate":1114017.533361037,"standard_error":206703.4809623796}}