{"mean":{"confidence_interval":{"confidence_level":0.95,"lower_bound":-0.26800822689962067,"upper_bound":-0.25081569154793165},"point_estimate":-0.2595647633116842,"standard_error":0.004301077588376312},"median":{"confidence_interval":{"confidence_level":0.95,"lower_bound":-0.28134618770439435,"upper_bound":-0.23482077376600374},"point_estimate":-0.27155409851370904,"standard_error":0.011524925779167626}}