{"mean":{"confidence_interval":{"confidence_level":0.95,"lower_bound":-0.0706631438308626,"upper_bound":-0.05450003317615877},"point_estimate":-0.06274595962945195,"standard_error":0.004130936934488314},"median":{"confidence_interval":{"confidence_level":0.95,"lower_bound":-0.0741958234407104,"upper_bound":-0.04952593788951132},"point_estimate":-0.06382390666021975,"standard_error":0.006115954866933365}}