{"mean":{"confidence_interval":{"confidence_level":0.95,"lower_bound":-0.03945403293834197,"upper_bound":-0.023842740366185684},"point_estimate":-0.031367539077401974,"standard_error":0.003963220312146986},"median":{"confidence_interval":{"confidence_level":0.95,"lower_bound":-0.03255061269617565,"upper_bound":-0.015240858116032764},"point_estimate":-0.024069157067287184,"standard_error":0.0045858481206940424}}