{"mean":{"confidence_interval":{"confidence_level":0.95,"lower_bound":-0.011686045833405172,"upper_bound":0.010509822781281845},"point_estimate":-0.0008467242510993289,"standard_error":0.005675808798514461},"median":{"confidence_interval":{"confidence_level":0.95,"lower_bound":-0.019275164210096896,"upper_bound":0.01889518892630404},"point_estimate":0.0023825178572707273,"standard_error":0.009891800974730018}}