{"mean":{"confidence_interval":{"confidence_level":0.95,"lower_bound":-0.018339039932773908,"upper_bound":-0.001752410561428596},"point_estimate":-0.009692220950344277,"standard_error":0.004253707145677333},"median":{"confidence_interval":{"confidence_level":0.95,"lower_bound":-0.025786391290905077,"upper_bound":-0.007339793495211633},"point_estimate":-0.01467480182002534,"standard_error":0.004895123950231606}}