{"mean":{"confidence_interval":{"confidence_level":0.95,"lower_bound":0.03451658033629462,"upper_bound":0.06068009681994208},"point_estimate":0.04632225499927234,"standard_error":0.006713854296513028},"median":{"confidence_interval":{"confidence_level":0.95,"lower_bound":0.026245623670369422,"upper_bound":0.0583358772470457},"point_estimate":0.03974358605105266,"standard_error":0.008623591894502985}}