{"mean":{"confidence_interval":{"confidence_level":0.95,"lower_bound":-0.06194256084242198,"upper_bound":-0.04138905066874921},"point_estimate":-0.05181818737196553,"standard_error":0.0052515060651936755},"median":{"confidence_interval":{"confidence_level":0.95,"lower_bound":-0.09450908796711077,"upper_bound":-0.04404071781454272},"point_estimate":-0.05000009665152272,"standard_error":0.014053830504755374}}