{"mean":{"confidence_interval":{"confidence_level":0.95,"lower_bound":-0.0003238515712806789,"upper_bound":0.023135803540518994},"point_estimate":0.012206927386816835,"standard_error":0.006009891554490284},"median":{"confidence_interval":{"confidence_level":0.95,"lower_bound":0.003061919927767498,"upper_bound":0.027266841765576588},"point_estimate":0.015128802242243333,"standard_error":0.006291043573041615}}