{"mean":{"confidence_interval":{"confidence_level":0.95,"lower_bound":-0.031808766946335665,"upper_bound":-0.014887497424350377},"point_estimate":-0.02327812978591659,"standard_error":0.004313932287112192},"median":{"confidence_interval":{"confidence_level":0.95,"lower_bound":-0.028137136935360907,"upper_bound":-0.02047117924056019},"point_estimate":-0.02463567226215546,"standard_error":0.0019817622456605303}}