{"mean":{"confidence_interval":{"confidence_level":0.95,"lower_bound":-0.017117651011608233,"upper_bound":-0.012806849273454692},"point_estimate":-0.014871748598139889,"standard_error":0.0010940485746432655},"median":{"confidence_interval":{"confidence_level":0.95,"lower_bound":-0.016161547436432944,"upper_bound":-0.012748126740459553},"point_estimate":-0.01478606679786032,"standard_error":0.0009719054771474452}}