{"mean":{"confidence_interval":{"confidence_level":0.95,"lower_bound":-0.2810017075434056,"upper_bound":-0.2745037726384961},"point_estimate":-0.27773778799375315,"standard_error":0.0016598888427869418},"median":{"confidence_interval":{"confidence_level":0.95,"lower_bound":-0.28186881337784075,"upper_bound":-0.27318784676521546},"point_estimate":-0.2784490098375185,"standard_error":0.0021351457966441415}}