{"mean":{"confidence_interval":{"confidence_level":0.95,"lower_bound":0.026479033167473083,"upper_bound":0.030716922876365467},"point_estimate":0.028337880801570625,"standard_error":0.001074498226893089},"median":{"confidence_interval":{"confidence_level":0.95,"lower_bound":0.02514705336506906,"upper_bound":0.028827701312363008},"point_estimate":0.027228955056544768,"standard_error":0.0009804761438026563}}