{"mean":{"confidence_interval":{"confidence_level":0.95,"lower_bound":0.03598732106818236,"upper_bound":0.039348876299791016},"point_estimate":0.03770998773131495,"standard_error":0.0008565935375675387},"median":{"confidence_interval":{"confidence_level":0.95,"lower_bound":0.036762250072620795,"upper_bound":0.04036626924856135},"point_estimate":0.03856686201579218,"standard_error":0.0008972557765723872}}