{"mean":{"confidence_interval":{"confidence_level":0.95,"lower_bound":-0.0649520693525086,"upper_bound":-0.057084767422974574},"point_estimate":-0.061091729215119184,"standard_error":0.002011066642988572},"median":{"confidence_interval":{"confidence_level":0.95,"lower_bound":-0.06564154687092194,"upper_bound":-0.056420324864225546},"point_estimate":-0.061161864644831865,"standard_error":0.0022945543403586313}}