{"mean":{"confidence_interval":{"confidence_level":0.95,"lower_bound":-0.006036278156482527,"upper_bound":0.001469747950589299},"point_estimate":-0.0023295752940168946,"standard_error":0.0019165118160093713},"median":{"confidence_interval":{"confidence_level":0.95,"lower_bound":-0.00660237457970847,"upper_bound":0.0012815897143214627},"point_estimate":-0.002566776982425023,"standard_error":0.0021286676133735615}}