{"mean":{"confidence_interval":{"confidence_level":0.95,"lower_bound":0.006786451586370329,"upper_bound":0.012985578523072656},"point_estimate":0.009758251850011224,"standard_error":0.0016002946733545513},"median":{"confidence_interval":{"confidence_level":0.95,"lower_bound":0.005392473852288138,"upper_bound":0.012247442366033034},"point_estimate":0.008485339451936635,"standard_error":0.001737115894592754}}