{"mean":{"confidence_interval":{"confidence_level":0.95,"lower_bound":0.02016269155147335,"upper_bound":0.02484389661115567},"point_estimate":0.02254843469284573,"standard_error":0.0011915334087096525},"median":{"confidence_interval":{"confidence_level":0.95,"lower_bound":0.020048918235476387,"upper_bound":0.025605914932418816},"point_estimate":0.022361083446651664,"standard_error":0.001351568240712692}}