{"mean":{"confidence_interval":{"confidence_level":0.95,"lower_bound":3610766.3364107125,"upper_bound":3627183.721553572},"point_estimate":3618466.5199999996,"standard_error":4184.273355028205},"median":{"confidence_interval":{"confidence_level":0.95,"lower_bound":3603209.9285714286,"upper_bound":3622199.0714285714},"point_estimate":3611915.1785714286,"standard_error":5203.691010075398},"median_abs_dev":{"confidence_interval":{"confidence_level":0.95,"lower_bound":22581.691999094975,"upper_bound":33873.75584862092},"point_estimate":28017.485952590145,"standard_error":2853.6702345754165},"slope":null,"std_dev":{"confidence_interval":{"confidence_level":0.95,"lower_bound":27449.046395587313,"upper_bound":56974.8855272828},"point_estimate":42271.905025131404,"standard_error":7804.956702550653}}