{"mean":{"confidence_interval":{"confidence_level":0.95,"lower_bound":-0.062038844242904886,"upper_bound":-0.02759607627088134},"point_estimate":-0.04427070983284542,"standard_error":0.00874460969166819},"median":{"confidence_interval":{"confidence_level":0.95,"lower_bound":-0.07114521756523366,"upper_bound":-0.019181379313557456},"point_estimate":-0.04032125403315656,"standard_error":0.013377927877212642}}