{"mean":{"confidence_interval":{"confidence_level":0.95,"lower_bound":-0.05796152218580889,"upper_bound":-0.01266316215194991},"point_estimate":-0.03382027210258454,"standard_error":0.011546094400525638},"median":{"confidence_interval":{"confidence_level":0.95,"lower_bound":-0.05572143045439992,"upper_bound":-0.0033967552124505307},"point_estimate":-0.02295760172329875,"standard_error":0.013154106290404559}}