{"mean":{"confidence_interval":{"confidence_level":0.95,"lower_bound":-0.04158286212153182,"upper_bound":-0.006104103694993155},"point_estimate":-0.02407627556967673,"standard_error":0.00905246806090398},"median":{"confidence_interval":{"confidence_level":0.95,"lower_bound":-0.054123641681007584,"upper_bound":-0.00665669548838721},"point_estimate":-0.030500168611137024,"standard_error":0.01240386914933912}}