{"mean":{"confidence_interval":{"confidence_level":0.95,"lower_bound":0.017671989402786657,"upper_bound":0.05087594435393512},"point_estimate":0.033943727231520615,"standard_error":0.008585614375707635},"median":{"confidence_interval":{"confidence_level":0.95,"lower_bound":0.01927753014929534,"upper_bound":0.06824418806154253},"point_estimate":0.044873471084987404,"standard_error":0.012173202707443464}}