{"mean":{"confidence_interval":{"confidence_level":0.95,"lower_bound":-0.01569298054525586,"upper_bound":0.02430812204884},"point_estimate":0.00458095586347862,"standard_error":0.010260592499095639},"median":{"confidence_interval":{"confidence_level":0.95,"lower_bound":-0.024178983285699895,"upper_bound":0.03216009074003212},"point_estimate":-0.009591682174038496,"standard_error":0.01535197240423721}}