{"mean":{"confidence_interval":{"confidence_level":0.95,"lower_bound":0.0022422836249726343,"upper_bound":0.049618694281538624},"point_estimate":0.024971259482181374,"standard_error":0.012124561626349105},"median":{"confidence_interval":{"confidence_level":0.95,"lower_bound":-0.00294387853191147,"upper_bound":0.04951695088055308},"point_estimate":0.022809259824398964,"standard_error":0.012534513349701687}}