{"mean":{"confidence_interval":{"confidence_level":0.95,"lower_bound":0.04477156305482,"upper_bound":0.08259437056705986},"point_estimate":0.06312915196252189,"standard_error":0.009600832613633493},"median":{"confidence_interval":{"confidence_level":0.95,"lower_bound":0.028004883204060554,"upper_bound":0.08950682914590646},"point_estimate":0.05555670383701572,"standard_error":0.01579828526452417}}