{"mean":{"confidence_interval":{"confidence_level":0.95,"lower_bound":0.0462728075677572,"upper_bound":0.05418799381324783},"point_estimate":0.050364727577041135,"standard_error":0.0020068821222896816},"median":{"confidence_interval":{"confidence_level":0.95,"lower_bound":0.04602811455256939,"upper_bound":0.055113116323981304},"point_estimate":0.05132589774866991,"standard_error":0.0023004222229962615}}