{"mean":{"confidence_interval":{"confidence_level":0.95,"lower_bound":-0.02303527918340997,"upper_bound":-0.011255934953463668},"point_estimate":-0.017170376831454393,"standard_error":0.0030011056544493207},"median":{"confidence_interval":{"confidence_level":0.95,"lower_bound":-0.026001507160928417,"upper_bound":-0.012697519719689465},"point_estimate":-0.019313323378864378,"standard_error":0.0034127348940273215}}