{"mean":{"confidence_interval":{"confidence_level":0.95,"lower_bound":-0.0022748245398241406,"upper_bound":0.0043974189715705325},"point_estimate":0.0008583912280200057,"standard_error":0.0017148266230716954},"median":{"confidence_interval":{"confidence_level":0.95,"lower_bound":-0.00432356692955882,"upper_bound":0.004269091995988683},"point_estimate":-0.00036203241766918914,"standard_error":0.0021207422269508024}}