{"mean":{"confidence_interval":{"confidence_level":0.95,"lower_bound":-0.0006874713278533986,"upper_bound":0.008887481114714602},"point_estimate":0.0040989023096016375,"standard_error":0.0024627320569420848},"median":{"confidence_interval":{"confidence_level":0.95,"lower_bound":0.000029782662652744207,"upper_bound":0.011349757538958949},"point_estimate":0.005127484633668189,"standard_error":0.002849147868126173}}