{"mean":{"confidence_interval":{"confidence_level":0.95,"lower_bound":0.05657047548995074,"upper_bound":0.06870546903776642},"point_estimate":0.06263278676620398,"standard_error":0.0031120087772219447},"median":{"confidence_interval":{"confidence_level":0.95,"lower_bound":0.05433395422702298,"upper_bound":0.0673352959477167},"point_estimate":0.061170055457204775,"standard_error":0.0033138330118949676}}