{"mean":{"confidence_interval":{"confidence_level":0.95,"lower_bound":-0.9225599122236654,"upper_bound":-0.9210290104666633},"point_estimate":-0.9216999228953541,"standard_error":0.00039381887978478836},"median":{"confidence_interval":{"confidence_level":0.95,"lower_bound":-0.9216112922350275,"upper_bound":-0.920576079860105},"point_estimate":-0.9211730235087103,"standard_error":0.0002646850147208654}}