{"mean":{"confidence_interval":{"confidence_level":0.95,"lower_bound":-0.016898075022621015,"upper_bound":-0.0056376851430863005},"point_estimate":-0.011396117906930181,"standard_error":0.0028725425651338664},"median":{"confidence_interval":{"confidence_level":0.95,"lower_bound":-0.01809709126055381,"upper_bound":-0.006961257587725145},"point_estimate":-0.012349502592904904,"standard_error":0.002921511407950459}}