{"mean":{"confidence_interval":{"confidence_level":0.95,"lower_bound":-0.05056953695159,"upper_bound":-0.03269647956053619},"point_estimate":-0.042923681836581684,"standard_error":0.004671330167008119},"median":{"confidence_interval":{"confidence_level":0.95,"lower_bound":-0.055892399797272674,"upper_bound":-0.04300090408096202},"point_estimate":-0.04828838056444018,"standard_error":0.0032058519058494475}}