{"mean":{"confidence_interval":{"confidence_level":0.95,"lower_bound":9176629.40120833,"upper_bound":9308214.595625002},"point_estimate":9243204.271666666,"standard_error":33519.43155835715},"median":{"confidence_interval":{"confidence_level":0.95,"lower_bound":9215319.416666668,"upper_bound":9363077.666666666},"point_estimate":9261176.25,"standard_error":42744.83649290335},"median_abs_dev":{"confidence_interval":{"confidence_level":0.95,"lower_bound":235889.93366211746,"upper_bound":384716.1606699228},"point_estimate":321576.05784088327,"standard_error":38805.83104931206},"slope":null,"std_dev":{"confidence_interval":{"confidence_level":0.95,"lower_bound":285340.88550683577,"upper_bound":382835.1911334094},"point_estimate":337204.5157535417,"standard_error":24915.01678912263}}