{"mean":{"confidence_interval":{"confidence_level":0.95,"lower_bound":78367384.3585,"upper_bound":79932304.3285},"point_estimate":79163804.8,"standard_error":398983.7218105032},"median":{"confidence_interval":{"confidence_level":0.95,"lower_bound":79429108.5,"upper_bound":81209369.0},"point_estimate":80075694.0,"standard_error":484413.3628360132},"median_abs_dev":{"confidence_interval":{"confidence_level":0.95,"lower_bound":2472631.310302019,"upper_bound":5170372.44630754},"point_estimate":3932583.8280826807,"standard_error":718531.3991039367},"slope":null,"std_dev":{"confidence_interval":{"confidence_level":0.95,"lower_bound":3492434.773590621,"upper_bound":4465825.810441974},"point_estimate":4015974.5958787072,"standard_error":248001.54930742778}}