{"mean":{"confidence_interval":{"confidence_level":0.95,"lower_bound":81445909.843,"upper_bound":83501246.19825},"point_estimate":82495143.54,"standard_error":523944.2838348581},"median":{"confidence_interval":{"confidence_level":0.95,"lower_bound":82639109.5,"upper_bound":85246833.0},"point_estimate":84029432.0,"standard_error":694847.1391465978},"median_abs_dev":{"confidence_interval":{"confidence_level":0.95,"lower_bound":3189738.2307708263,"upper_bound":6009515.135809779},"point_estimate":4989333.646121621,"standard_error":730200.1405420098},"slope":null,"std_dev":{"confidence_interval":{"confidence_level":0.95,"lower_bound":4468069.575708074,"upper_bound":5949745.225194781},"point_estimate":5262079.785209872,"standard_error":378027.2673897562}}