{"mean":{"confidence_interval":{"confidence_level":0.95,"lower_bound":80900984.02725,"upper_bound":83484661.43125},"point_estimate":82225204.38,"standard_error":659342.199508566},"median":{"confidence_interval":{"confidence_level":0.95,"lower_bound":82410758.5,"upper_bound":85664644.0},"point_estimate":84278380.0,"standard_error":813225.402169664},"median_abs_dev":{"confidence_interval":{"confidence_level":0.95,"lower_bound":3956017.8032666445,"upper_bound":7631404.635715485},"point_estimate":5773489.667800069,"standard_error":926161.8135787019},"slope":null,"std_dev":{"confidence_interval":{"confidence_level":0.95,"lower_bound":5549201.507641026,"upper_bound":7658219.133162744},"point_estimate":6644427.282362102,"standard_error":537684.9054650959}}