{"mean":{"confidence_interval":{"confidence_level":0.95,"lower_bound":61322782.365,"upper_bound":62477357.533611104},"point_estimate":61935854.42222223,"standard_error":294088.69202551484},"median":{"confidence_interval":{"confidence_level":0.95,"lower_bound":61629663.33333333,"upper_bound":62466318.5},"point_estimate":62154480.83333333,"standard_error":212722.39885597158},"median_abs_dev":{"confidence_interval":{"confidence_level":0.95,"lower_bound":559959.477558732,"upper_bound":1825148.0258971453},"point_estimate":915017.7083551884,"standard_error":324289.6583652828},"slope":null,"std_dev":{"confidence_interval":{"confidence_level":0.95,"lower_bound":950651.4097676355,"upper_bound":2176599.1699566008},"point_estimate":1640585.536427454,"standard_error":316077.93617816875}}