{"mean":{"confidence_interval":{"confidence_level":0.95,"lower_bound":61651846.506111115,"upper_bound":62850934.96416664},"point_estimate":62263667.45555556,"standard_error":306738.6667425068},"median":{"confidence_interval":{"confidence_level":0.95,"lower_bound":61644028.16666667,"upper_bound":63229393.833333336},"point_estimate":62538029.5,"standard_error":371566.524865021},"median_abs_dev":{"confidence_interval":{"confidence_level":0.95,"lower_bound":983383.4262939587,"upper_bound":2496649.1827756204},"point_estimate":1766560.1227372885,"standard_error":398269.20081621135},"slope":null,"std_dev":{"confidence_interval":{"confidence_level":0.95,"lower_bound":1257438.4811355008,"upper_bound":2047641.784874552},"point_estimate":1703875.4501313833,"standard_error":201729.74165591932}}