{"mean":{"confidence_interval":{"confidence_level":0.95,"lower_bound":61120244.16925,"upper_bound":62541760.839},"point_estimate":61841375.39,"standard_error":363184.4616592248},"median":{"confidence_interval":{"confidence_level":0.95,"lower_bound":61108844.0,"upper_bound":62745009.5},"point_estimate":61892686.0,"standard_error":504535.30533081945},"median_abs_dev":{"confidence_interval":{"confidence_level":0.95,"lower_bound":2904035.2854430676,"upper_bound":4561660.874736829},"point_estimate":3610322.1913039684,"standard_error":422975.3656269984},"slope":null,"std_dev":{"confidence_interval":{"confidence_level":0.95,"lower_bound":3107028.6434275107,"upper_bound":4153895.488279541},"point_estimate":3653873.472598388,"standard_error":266889.35508255387}}