{"mean":{"confidence_interval":{"confidence_level":0.95,"lower_bound":65681411.65514286,"upper_bound":67036592.660000004},"point_estimate":66391117.97488095,"standard_error":347821.5413771522},"median":{"confidence_interval":{"confidence_level":0.95,"lower_bound":65474769.36607143,"upper_bound":67310356.8},"point_estimate":66619787.91666667,"standard_error":454795.368671631},"median_abs_dev":{"confidence_interval":{"confidence_level":0.95,"lower_bound":171171.38077109904,"upper_bound":1964020.6503066698},"point_estimate":1050310.7380932437,"standard_error":444310.3042512005},"slope":{"confidence_interval":{"confidence_level":0.95,"lower_bound":65988254.66755944,"upper_bound":66969567.54276316},"point_estimate":66551503.442857146,"standard_error":253355.32754963927},"std_dev":{"confidence_interval":{"confidence_level":0.95,"lower_bound":536044.6330089897,"upper_bound":1454291.6725347904},"point_estimate":1166571.1800577873,"standard_error":229321.0233295005}}