{"mean":{"confidence_interval":{"confidence_level":0.95,"lower_bound":68238087.3495,"upper_bound":69578484.3105},"point_estimate":68908895.54,"standard_error":342395.9343720162},"median":{"confidence_interval":{"confidence_level":0.95,"lower_bound":67942509.5,"upper_bound":70313845.5},"point_estimate":68981447.5,"standard_error":711862.9611228113},"median_abs_dev":{"confidence_interval":{"confidence_level":0.95,"lower_bound":2908285.158267617,"upper_bound":4493747.918120027},"point_estimate":3867450.98733902,"standard_error":411738.3486143496},"slope":null,"std_dev":{"confidence_interval":{"confidence_level":0.95,"lower_bound":2955788.7210992863,"upper_bound":3919600.8587737577},"point_estimate":3435392.4798342925,"standard_error":245920.15957517718}}