{"mean":{"confidence_interval":{"confidence_level":0.95,"lower_bound":67486283.740625,"upper_bound":68718873.41375001},"point_estimate":68112264.3625,"standard_error":314245.2850435767},"median":{"confidence_interval":{"confidence_level":0.95,"lower_bound":67703464.75,"upper_bound":68970974.5},"point_estimate":68543262.25,"standard_error":309632.4583757614},"median_abs_dev":{"confidence_interval":{"confidence_level":0.95,"lower_bound":980778.4301877022,"upper_bound":2795348.8465726376},"point_estimate":1992827.4883702397,"standard_error":469185.2673698747},"slope":null,"std_dev":{"confidence_interval":{"confidence_level":0.95,"lower_bound":1555472.2000580525,"upper_bound":2399327.5875955},"point_estimate":2018430.0355315919,"standard_error":215226.22778161956}}