{"mean":{"confidence_interval":{"confidence_level":0.95,"lower_bound":15262197.048875,"upper_bound":15432630.3963125},"point_estimate":15349132.715,"standard_error":43302.373243838265},"median":{"confidence_interval":{"confidence_level":0.95,"lower_bound":15294019.5,"upper_bound":15473649.25},"point_estimate":15390102.25,"standard_error":43115.17107576301},"median_abs_dev":{"confidence_interval":{"confidence_level":0.95,"lower_bound":324788.7284338474,"upper_bound":514676.2412376702},"point_estimate":407636.6002880037,"standard_error":46230.95840124966},"slope":null,"std_dev":{"confidence_interval":{"confidence_level":0.95,"lower_bound":366339.985599446,"upper_bound":505067.6233138757},"point_estimate":436717.1139585793,"standard_error":35491.426710649655}}