{"mean":{"confidence_interval":{"confidence_level":0.95,"lower_bound":25993919.76875,"upper_bound":26185511.73275},"point_estimate":26089829.36,"standard_error":48887.82467100344},"median":{"confidence_interval":{"confidence_level":0.95,"lower_bound":25977328.5,"upper_bound":26198179.0},"point_estimate":26094786.5,"standard_error":50441.3192609154},"median_abs_dev":{"confidence_interval":{"confidence_level":0.95,"lower_bound":377047.78295606375,"upper_bound":568988.8357171788},"point_estimate":484445.84244936705,"standard_error":48802.22809899251},"slope":null,"std_dev":{"confidence_interval":{"confidence_level":0.95,"lower_bound":407712.35885255976,"upper_bound":568098.514894499},"point_estimate":490627.62131376733,"standard_error":41157.81363286023}}