{"mean":{"confidence_interval":{"confidence_level":0.95,"lower_bound":26433754.865875002,"upper_bound":26671351.211374998},"point_estimate":26552467.49,"standard_error":60526.493463940635},"median":{"confidence_interval":{"confidence_level":0.95,"lower_bound":26391896.5,"upper_bound":26658561.75},"point_estimate":26481050.5,"standard_error":70849.31606827673},"median_abs_dev":{"confidence_interval":{"confidence_level":0.95,"lower_bound":423510.2422311902,"upper_bound":747338.9871820807},"point_estimate":590606.6722646356,"standard_error":80363.73072356112},"slope":null,"std_dev":{"confidence_interval":{"confidence_level":0.95,"lower_bound":511665.9979047872,"upper_bound":697299.2554452224},"point_estimate":608706.345647551,"standard_error":47387.420704399876}}