{"mean":{"confidence_interval":{"confidence_level":0.95,"lower_bound":27378094.989523806,"upper_bound":27639183.982261907},"point_estimate":27510006.657142855,"standard_error":66505.57352834762},"median":{"confidence_interval":{"confidence_level":0.95,"lower_bound":27387942.714285713,"upper_bound":27688499.42857143},"point_estimate":27501265.57142857,"standard_error":77442.96682634646},"median_abs_dev":{"confidence_interval":{"confidence_level":0.95,"lower_bound":203053.29179508265,"upper_bound":483887.6567967797},"point_estimate":352581.2298404315,"standard_error":76090.32945456916},"slope":null,"std_dev":{"confidence_interval":{"confidence_level":0.95,"lower_bound":267679.11544586543,"upper_bound":449149.76821706194},"point_estimate":369163.50204545964,"standard_error":46498.798487551394}}