{"mean":{"confidence_interval":{"confidence_level":0.95,"lower_bound":55134094.42270833,"upper_bound":55509679.895625},"point_estimate":55318771.358333334,"standard_error":96052.43236186652},"median":{"confidence_interval":{"confidence_level":0.95,"lower_bound":55106173.25,"upper_bound":55456660.125},"point_estimate":55256553.625,"standard_error":89655.95968209769},"median_abs_dev":{"confidence_interval":{"confidence_level":0.95,"lower_bound":222953.94001677632,"upper_bound":658270.867138356},"point_estimate":458612.09388300776,"standard_error":113999.5247003334},"slope":null,"std_dev":{"confidence_interval":{"confidence_level":0.95,"lower_bound":368401.1823163461,"upper_bound":662176.4599875747},"point_estimate":532958.7568092188,"standard_error":74845.53475357746}}