{"mean":{"confidence_interval":{"confidence_level":0.95,"lower_bound":55389380.605000004,"upper_bound":55863594.715833336},"point_estimate":55614684.9,"standard_error":121242.59942596423},"median":{"confidence_interval":{"confidence_level":0.95,"lower_bound":55210580.166666664,"upper_bound":55677320.0},"point_estimate":55583221.0,"standard_error":158068.81269487654},"median_abs_dev":{"confidence_interval":{"confidence_level":0.95,"lower_bound":317122.2039699499,"upper_bound":971714.5552486071},"point_estimate":618369.7158217449,"standard_error":163115.3878316154},"slope":null,"std_dev":{"confidence_interval":{"confidence_level":0.95,"lower_bound":449271.7985012995,"upper_bound":879998.2555244106},"point_estimate":673606.2974191677,"standard_error":114723.27244580492}}