{"mean":{"confidence_interval":{"confidence_level":0.95,"lower_bound":53079983.359,"upper_bound":53455865.8},"point_estimate":53263727.7,"standard_error":95819.89414103258},"median":{"confidence_interval":{"confidence_level":0.95,"lower_bound":53001034.0,"upper_bound":53591919.0},"point_estimate":53295939.5,"standard_error":152340.43667887177},"median_abs_dev":{"confidence_interval":{"confidence_level":0.95,"lower_bound":655200.2172678709,"upper_bound":1107011.606539115},"point_estimate":890894.324183464,"standard_error":116019.9016717035},"slope":null,"std_dev":{"confidence_interval":{"confidence_level":0.95,"lower_bound":743803.4681302897,"upper_bound":1172793.4576516708},"point_estimate":958841.765288352,"standard_error":111060.80170045153}}