{"mean":{"confidence_interval":{"confidence_level":0.95,"lower_bound":1754233.5693333333,"upper_bound":1783915.2313333333},"point_estimate":1768963.8066666662,"standard_error":7586.020316221444},"median":{"confidence_interval":{"confidence_level":0.95,"lower_bound":1751715.3333333333,"upper_bound":1793080.8333333335},"point_estimate":1769368.5,"standard_error":11223.49592812569},"median_abs_dev":{"confidence_interval":{"confidence_level":0.95,"lower_bound":33754.84780073154,"upper_bound":69241.86657071114},"point_estimate":52736.081063747406,"standard_error":8974.90698430254},"slope":null,"std_dev":{"confidence_interval":{"confidence_level":0.95,"lower_bound":42004.29098006386,"upper_bound":65251.151224826055},"point_estimate":54083.766079716464,"standard_error":5959.1323635464905}}