{"mean":{"confidence_interval":{"confidence_level":0.95,"lower_bound":1729732.282375,"upper_bound":1757002.501125},"point_estimate":1743495.785,"standard_error":6932.099411639186},"median":{"confidence_interval":{"confidence_level":0.95,"lower_bound":1724147.0,"upper_bound":1757386.5},"point_estimate":1738989.0,"standard_error":7143.510429583803},"median_abs_dev":{"confidence_interval":{"confidence_level":0.95,"lower_bound":47194.12236213684,"upper_bound":84203.89485508204},"point_estimate":71131.06958717108,"standard_error":9537.671342379426},"slope":null,"std_dev":{"confidence_interval":{"confidence_level":0.95,"lower_bound":59220.2672586932,"upper_bound":79169.56724239243},"point_estimate":69688.37340017993,"standard_error":5099.989884942502}}