{"mean":{"confidence_interval":{"confidence_level":0.95,"lower_bound":1944751.5806666664,"upper_bound":1975778.240833334},"point_estimate":1960131.2466666666,"standard_error":7898.526332015338},"median":{"confidence_interval":{"confidence_level":0.95,"lower_bound":1949912.8333333333,"upper_bound":1975757.0},"point_estimate":1957847.3333333335,"standard_error":7258.592151242194},"median_abs_dev":{"confidence_interval":{"confidence_level":0.95,"lower_bound":29643.59807372116,"upper_bound":69435.80300226796},"point_estimate":51604.61018383474,"standard_error":10110.436001609716},"slope":null,"std_dev":{"confidence_interval":{"confidence_level":0.95,"lower_bound":43073.31323598281,"upper_bound":68283.51103146108},"point_estimate":56540.179258668024,"standard_error":6460.947962142979}}