{"mean":{"confidence_interval":{"confidence_level":0.95,"lower_bound":4002977.932096156,"upper_bound":4019252.535788461},"point_estimate":4010795.9615384624,"standard_error":4146.987926871676},"median":{"confidence_interval":{"confidence_level":0.95,"lower_bound":4005401.8846153845,"upper_bound":4016660.8846153845},"point_estimate":4012153.1153846155,"standard_error":2936.1571763542797},"median_abs_dev":{"confidence_interval":{"confidence_level":0.95,"lower_bound":23824.526230876156,"upper_bound":39001.160861437034},"point_estimate":31234.7889916256,"standard_error":3794.415848688441},"slope":null,"std_dev":{"confidence_interval":{"confidence_level":0.95,"lower_bound":30811.113576806703,"upper_bound":54260.725500721666},"point_estimate":41696.93420806689,"standard_error":6339.814687904904}}