{"mean":{"confidence_interval":{"confidence_level":0.95,"lower_bound":4011625.594442307,"upper_bound":4031694.522980768},"point_estimate":4021441.9823076916,"standard_error":5120.562315616128},"median":{"confidence_interval":{"confidence_level":0.95,"lower_bound":4005453.230769231,"upper_bound":4026145.076923077},"point_estimate":4018431.5,"standard_error":5181.1568616864915},"median_abs_dev":{"confidence_interval":{"confidence_level":0.95,"lower_bound":33284.7115475401,"upper_bound":54187.63767489992},"point_estimate":42909.80759973712,"standard_error":5353.623619626874},"slope":null,"std_dev":{"confidence_interval":{"confidence_level":0.95,"lower_bound":41054.336241423734,"upper_bound":61081.508185329025},"point_estimate":51409.177198153295,"standard_error":5124.07153656065}}