{"mean":{"confidence_interval":{"confidence_level":0.95,"lower_bound":0.036064777497528976,"upper_bound":0.04567052200249781},"point_estimate":0.041044273474486026,"standard_error":0.0024524218828399676},"median":{"confidence_interval":{"confidence_level":0.95,"lower_bound":0.03760226662213184,"upper_bound":0.05120483436144552},"point_estimate":0.048706775259633295,"standard_error":0.003708596503250248}}