{"mean":{"confidence_interval":{"confidence_level":0.95,"lower_bound":-0.010681334514009891,"upper_bound":-0.002973872558923863},"point_estimate":-0.006469457541409707,"standard_error":0.0019743616364004757},"median":{"confidence_interval":{"confidence_level":0.95,"lower_bound":-0.007779472555642819,"upper_bound":0.0004006220334207278},"point_estimate":-0.0027742241517008104,"standard_error":0.0021296159947592924}}