{"mean":{"confidence_interval":{"confidence_level":0.95,"lower_bound":0.055450192559240066,"upper_bound":0.060620001735800885},"point_estimate":0.057959088135441705,"standard_error":0.0013095835849052729},"median":{"confidence_interval":{"confidence_level":0.95,"lower_bound":0.05462161304538715,"upper_bound":0.06104187295537278},"point_estimate":0.057225081374306264,"standard_error":0.0015930695087170658}}