{"mean":{"confidence_interval":{"confidence_level":0.95,"lower_bound":-0.048195494693720156,"upper_bound":-0.043836477629879016},"point_estimate":-0.04599231678615656,"standard_error":0.001115790247477232},"median":{"confidence_interval":{"confidence_level":0.95,"lower_bound":-0.045885972865979174,"upper_bound":-0.04270280503243973},"point_estimate":-0.04419313832396876,"standard_error":0.0007875297271412841}}