{"mean":{"confidence_interval":{"confidence_level":0.95,"lower_bound":-0.04956036483628111,"upper_bound":-0.045095033921389416},"point_estimate":-0.0473352175289411,"standard_error":0.0011404368340619097},"median":{"confidence_interval":{"confidence_level":0.95,"lower_bound":-0.05190267686240657,"upper_bound":-0.04628988330501682},"point_estimate":-0.04879886979083237,"standard_error":0.0013758031301680362}}