{"mean":{"confidence_interval":{"confidence_level":0.95,"lower_bound":-0.012228988791926474,"upper_bound":-0.004764025481155839},"point_estimate":-0.008589722817972434,"standard_error":0.0019120819474004209},"median":{"confidence_interval":{"confidence_level":0.95,"lower_bound":-0.016669528845065007,"upper_bound":-0.007366845775083286},"point_estimate":-0.0149136769862519,"standard_error":0.002491901721765263}}