{"mean":{"confidence_interval":{"confidence_level":0.95,"lower_bound":-0.0031414522667685294,"upper_bound":0.004688189196073133},"point_estimate":0.0007513679880573054,"standard_error":0.002006603721490739},"median":{"confidence_interval":{"confidence_level":0.95,"lower_bound":-0.005522692378570615,"upper_bound":0.006884580188939893},"point_estimate":-0.00074197923758057,"standard_error":0.002868399596979037}}