{"mean":{"confidence_interval":{"confidence_level":0.95,"lower_bound":0.0002079713739102984,"upper_bound":0.008536866322382267},"point_estimate":0.0037434176141544206,"standard_error":0.002120671030883608},"median":{"confidence_interval":{"confidence_level":0.95,"lower_bound":-0.0028193430655170104,"upper_bound":0.0036712261358700093},"point_estimate":-0.0006660431651420717,"standard_error":0.0017626188581500103}}