{"mean":{"confidence_interval":{"confidence_level":0.95,"lower_bound":117763756.56650001,"upper_bound":118243466.586},"point_estimate":117978482.51,"standard_error":123262.41282072247},"median":{"confidence_interval":{"confidence_level":0.95,"lower_bound":117622382.5,"upper_bound":117841092.0},"point_estimate":117724094.0,"standard_error":56430.135703989356},"median_abs_dev":{"confidence_interval":{"confidence_level":0.95,"lower_bound":443070.55433392525,"upper_bound":722115.8844798803},"point_estimate":596342.4809128046,"standard_error":70824.95602282268},"slope":null,"std_dev":{"confidence_interval":{"confidence_level":0.95,"lower_bound":614550.9421001989,"upper_bound":1753775.9865884571},"point_estimate":1234618.1875825766,"standard_error":298886.52087601484}}