{"mean":{"confidence_interval":{"confidence_level":0.95,"lower_bound":116012978.721,"upper_bound":116259354.86050001},"point_estimate":116132281.06,"standard_error":63039.4627511329},"median":{"confidence_interval":{"confidence_level":0.95,"lower_bound":115916325.0,"upper_bound":116102878.5},"point_estimate":116035363.0,"standard_error":43623.7642700501},"median_abs_dev":{"confidence_interval":{"confidence_level":0.95,"lower_bound":329799.41596739,"upper_bound":549650.9599417448},"point_estimate":426892.4234211445,"standard_error":55284.26729600822},"slope":null,"std_dev":{"confidence_interval":{"confidence_level":0.95,"lower_bound":497052.40930871264,"upper_bound":752320.2647066386},"point_estimate":634026.8423350942,"standard_error":65160.33287459772}}