{"mean":{"confidence_interval":{"confidence_level":0.95,"lower_bound":2071522.5203899997,"upper_bound":2086565.6027800005},"point_estimate":2078039.946,"standard_error":3875.4712234076605},"median":{"confidence_interval":{"confidence_level":0.95,"lower_bound":2063091.72,"upper_bound":2077440.64},"point_estimate":2067496.96,"standard_error":3969.0963558835315},"median_abs_dev":{"confidence_interval":{"confidence_level":0.95,"lower_bound":9767.932014584721,"upper_bound":20993.259803295496},"point_estimate":16009.173819780231,"standard_error":2871.370754362347},"slope":null,"std_dev":{"confidence_interval":{"confidence_level":0.95,"lower_bound":14495.903671477317,"upper_bound":59709.47753087363},"point_estimate":38929.65099250737,"standard_error":11975.969938315007}}