{"mean":{"confidence_interval":{"confidence_level":0.95,"lower_bound":2061987.5401500005,"upper_bound":2067440.1951300006},"point_estimate":2064596.1547999997,"standard_error":1389.0598715999658},"median":{"confidence_interval":{"confidence_level":0.95,"lower_bound":2058465.1,"upper_bound":2066516.72},"point_estimate":2061761.26,"standard_error":1886.0307223725927},"median_abs_dev":{"confidence_interval":{"confidence_level":0.95,"lower_bound":9123.17893803137,"upper_bound":13995.44723153104},"point_estimate":11491.424831986407,"standard_error":1235.0804105561342},"slope":null,"std_dev":{"confidence_interval":{"confidence_level":0.95,"lower_bound":10380.915462521225,"upper_bound":17721.512649827455},"point_estimate":13956.100409573231,"standard_error":1917.8943096803384}}