{"mean":{"confidence_interval":{"confidence_level":0.95,"lower_bound":0.02088681201271576,"upper_bound":0.03871333095455917},"point_estimate":0.02924926705286479,"standard_error":0.004538624504139355},"median":{"confidence_interval":{"confidence_level":0.95,"lower_bound":0.01934124386798186,"upper_bound":0.03533141436573306},"point_estimate":0.027782694938068175,"standard_error":0.0036021203738167717}}