{"mean":{"confidence_interval":{"confidence_level":0.95,"lower_bound":0.02144054827541318,"upper_bound":0.044015340741098856},"point_estimate":0.03295654919684554,"standard_error":0.005586337475185752},"median":{"confidence_interval":{"confidence_level":0.95,"lower_bound":0.01983168563097637,"upper_bound":0.04690168626890623},"point_estimate":0.03469084355396079,"standard_error":0.007121592327003837}}