{"mean":{"confidence_interval":{"confidence_level":0.95,"lower_bound":-0.0017840595166601586,"upper_bound":0.014677354697730134},"point_estimate":0.006432963606117559,"standard_error":0.004204418452753333},"median":{"confidence_interval":{"confidence_level":0.95,"lower_bound":-0.004396855710358668,"upper_bound":0.02003227219527326},"point_estimate":0.01015756186673955,"standard_error":0.0064697494130655136}}