{"mean":{"confidence_interval":{"confidence_level":0.95,"lower_bound":-0.008251288037496246,"upper_bound":0.014618485904986083},"point_estimate":0.002867065290114379,"standard_error":0.0059269350761083596},"median":{"confidence_interval":{"confidence_level":0.95,"lower_bound":-0.008827790609375663,"upper_bound":0.01855824470293954},"point_estimate":0.00549248427678628,"standard_error":0.0071986118972210255}}