{"mean":{"confidence_interval":{"confidence_level":0.95,"lower_bound":-0.05199250322891702,"upper_bound":-0.030218806015854194},"point_estimate":-0.041222638774178755,"standard_error":0.005565706773461296},"median":{"confidence_interval":{"confidence_level":0.95,"lower_bound":-0.05512815056815834,"upper_bound":-0.02636436537798814},"point_estimate":-0.04408633108503923,"standard_error":0.007626083475617988}}