{"mean":{"confidence_interval":{"confidence_level":0.95,"lower_bound":-0.007587197344159741,"upper_bound":0.008901669509245872},"point_estimate":0.0007785172113101702,"standard_error":0.004215261344692041},"median":{"confidence_interval":{"confidence_level":0.95,"lower_bound":-0.007910269772204104,"upper_bound":0.009047574851928086},"point_estimate":-0.000643413094178813,"standard_error":0.004424555972578773}}