{"mean":{"confidence_interval":{"confidence_level":0.95,"lower_bound":0.010901831158941033,"upper_bound":0.026605990979631886},"point_estimate":0.019098211091320705,"standard_error":0.004016096877041083},"median":{"confidence_interval":{"confidence_level":0.95,"lower_bound":0.01033761743043006,"upper_bound":0.032116368198226164},"point_estimate":0.02043684267045265,"standard_error":0.005481269823148034}}