{"mean":{"confidence_interval":{"confidence_level":0.95,"lower_bound":-0.0008389891768363512,"upper_bound":0.01631959124621351},"point_estimate":0.007937417874585462,"standard_error":0.004346258305018844},"median":{"confidence_interval":{"confidence_level":0.95,"lower_bound":-0.005688918042524804,"upper_bound":0.0136193849826034},"point_estimate":0.0037989327701497544,"standard_error":0.004853031257452556}}