{"mean":{"confidence_interval":{"confidence_level":0.95,"lower_bound":0.01623309028957352,"upper_bound":0.04065206752806063},"point_estimate":0.02765949410159152,"standard_error":0.00623966923304538},"median":{"confidence_interval":{"confidence_level":0.95,"lower_bound":0.014837436578638563,"upper_bound":0.03656912756503283},"point_estimate":0.03141892895928522,"standard_error":0.005827777573377946}}