{"mean":{"confidence_interval":{"confidence_level":0.95,"lower_bound":-0.06125217304123864,"upper_bound":-0.04229132601379671},"point_estimate":-0.05190224473274774,"standard_error":0.004827646489268625},"median":{"confidence_interval":{"confidence_level":0.95,"lower_bound":-0.06278185095816204,"upper_bound":-0.038093542469127106},"point_estimate":-0.052817629691996215,"standard_error":0.006051648608340581}}