{"mean":{"confidence_interval":{"confidence_level":0.95,"lower_bound":0.03208650473701388,"upper_bound":0.0567754731442506},"point_estimate":0.04474232311647253,"standard_error":0.006277015336046761},"median":{"confidence_interval":{"confidence_level":0.95,"lower_bound":0.029379031530749167,"upper_bound":0.06405753878519183},"point_estimate":0.04701815315455127,"standard_error":0.008477948570343546}}