{"mean":{"confidence_interval":{"confidence_level":0.95,"lower_bound":0.09379402357684301,"upper_bound":0.11461140126646506},"point_estimate":0.10426476450414746,"standard_error":0.005321886234467053},"median":{"confidence_interval":{"confidence_level":0.95,"lower_bound":0.09212449542354584,"upper_bound":0.11359361924174131},"point_estimate":0.10442184326843051,"standard_error":0.005524841683987197}}