{"mean":{"confidence_interval":{"confidence_level":0.95,"lower_bound":-0.03888879019348691,"upper_bound":-0.018662742247599694},"point_estimate":-0.028817813249628288,"standard_error":0.005193430727203457},"median":{"confidence_interval":{"confidence_level":0.95,"lower_bound":-0.036768309479570105,"upper_bound":-0.018213836842646658},"point_estimate":-0.029974028282706677,"standard_error":0.004727723851165545}}