{"mean":{"confidence_interval":{"confidence_level":0.95,"lower_bound":-0.02015939299384874,"upper_bound":0.004359017095790591},"point_estimate":-0.0082733509516556,"standard_error":0.00623313487438937},"median":{"confidence_interval":{"confidence_level":0.95,"lower_bound":-0.024524103364069294,"upper_bound":0.010383297728867591},"point_estimate":-0.006223309473583738,"standard_error":0.008769790088088402}}