{"mean":{"confidence_interval":{"confidence_level":0.95,"lower_bound":-0.11707126151987987,"upper_bound":-0.08685345422077183},"point_estimate":-0.1024710465279981,"standard_error":0.007878999044577242},"median":{"confidence_interval":{"confidence_level":0.95,"lower_bound":-0.11161196724168676,"upper_bound":-0.09277491047142264},"point_estimate":-0.10319786792773877,"standard_error":0.005003744848317398}}