{"mean":{"confidence_interval":{"confidence_level":0.95,"lower_bound":0.009332672792066779,"upper_bound":0.04522293887708085},"point_estimate":0.026393101182213607,"standard_error":0.00912049754479147},"median":{"confidence_interval":{"confidence_level":0.95,"lower_bound":0.01009190486704048,"upper_bound":0.04143759895476107},"point_estimate":0.030181546088074107,"standard_error":0.008614087583173351}}