{"mean":{"confidence_interval":{"confidence_level":0.95,"lower_bound":63020940.163,"upper_bound":63266440.3895},"point_estimate":63141274.78,"standard_error":62640.926735062545},"median":{"confidence_interval":{"confidence_level":0.95,"lower_bound":62935482.0,"upper_bound":63155722.0},"point_estimate":63103732.5,"standard_error":57247.88849221485},"median_abs_dev":{"confidence_interval":{"confidence_level":0.95,"lower_bound":425319.9778890611,"upper_bound":721746.7170864344},"point_estimate":606843.73652637,"standard_error":79623.11112245316},"slope":null,"std_dev":{"confidence_interval":{"confidence_level":0.95,"lower_bound":526771.3698901308,"upper_bound":719856.3421925372},"point_estimate":629458.9235312361,"standard_error":49452.15452962588}}