{"mean":{"confidence_interval":{"confidence_level":0.95,"lower_bound":61934382.715500005,"upper_bound":62065723.91675},"point_estimate":61998825.57,"standard_error":33495.17983266519},"median":{"confidence_interval":{"confidence_level":0.95,"lower_bound":61867680.0,"upper_bound":62047034.0},"point_estimate":61920759.0,"standard_error":48167.48074678859},"median_abs_dev":{"confidence_interval":{"confidence_level":0.95,"lower_bound":225456.7540973425,"upper_bound":391317.43705272675},"point_estimate":307023.47424924374,"standard_error":42452.14645355494},"slope":null,"std_dev":{"confidence_interval":{"confidence_level":0.95,"lower_bound":283448.2952354694,"upper_bound":387395.7779620536},"point_estimate":338099.0610891111,"standard_error":26588.064219201475}}