{"mean":{"confidence_interval":{"confidence_level":0.95,"lower_bound":63401150.15625,"upper_bound":63637514.9305},"point_estimate":63510856.86,"standard_error":60534.56495419167},"median":{"confidence_interval":{"confidence_level":0.95,"lower_bound":63307386.5,"upper_bound":63459092.0},"point_estimate":63388893.0,"standard_error":41313.95657573631},"median_abs_dev":{"confidence_interval":{"confidence_level":0.95,"lower_bound":238671.16766273975,"upper_bound":382309.15961265564},"point_estimate":317469.8736637831,"standard_error":37228.97641761045},"slope":null,"std_dev":{"confidence_interval":{"confidence_level":0.95,"lower_bound":379951.5312131133,"upper_bound":816785.9363553666},"point_estimate":608477.248850163,"standard_error":112935.74524165224}}