{"mean":{"confidence_interval":{"confidence_level":0.95,"lower_bound":95249004.35083333,"upper_bound":95730366.75916666},"point_estimate":95468376.46666667,"standard_error":124035.51073164432},"median":{"confidence_interval":{"confidence_level":0.95,"lower_bound":95092929.66666667,"upper_bound":95657001.0},"point_estimate":95395818.5,"standard_error":140258.85981859546},"median_abs_dev":{"confidence_interval":{"confidence_level":0.95,"lower_bound":41080.3742706702,"upper_bound":641554.1200101523},"point_estimate":398019.28313374886,"standard_error":149198.63952126785},"slope":null,"std_dev":{"confidence_interval":{"confidence_level":0.95,"lower_bound":185221.5973100826,"upper_bound":578782.4468157315},"point_estimate":414226.57700361154,"standard_error":115778.15383144825}}