{"mean":{"confidence_interval":{"confidence_level":0.95,"lower_bound":110864334.42225,"upper_bound":113108830.515},"point_estimate":111952381.06,"standard_error":571043.5647169877},"median":{"confidence_interval":{"confidence_level":0.95,"lower_bound":112091548.0,"upper_bound":113476029.5},"point_estimate":112671000.0,"standard_error":354332.9080056795},"median_abs_dev":{"confidence_interval":{"confidence_level":0.95,"lower_bound":2260072.4346756935,"upper_bound":4389520.713722915},"point_estimate":3130483.898922801,"standard_error":551310.6543886263},"slope":null,"std_dev":{"confidence_interval":{"confidence_level":0.95,"lower_bound":4043876.1698676846,"upper_bound":7539208.016724503},"point_estimate":5771362.792030705,"standard_error":918130.3945433128}}