{"mean":{"confidence_interval":{"confidence_level":0.95,"lower_bound":112651200.29075001,"upper_bound":114846009.10675001},"point_estimate":113776745.87,"standard_error":558736.3437182789},"median":{"confidence_interval":{"confidence_level":0.95,"lower_bound":113962637.0,"upper_bound":116446518.5},"point_estimate":115078054.5,"standard_error":753022.6954491865},"median_abs_dev":{"confidence_interval":{"confidence_level":0.95,"lower_bound":3463307.5779139996,"upper_bound":6075221.742743254},"point_estimate":4774247.67884016,"standard_error":701551.4350730166},"slope":null,"std_dev":{"confidence_interval":{"confidence_level":0.95,"lower_bound":4711735.06458837,"upper_bound":6389400.496504632},"point_estimate":5609106.715225376,"standard_error":427717.4417356808}}