{"mean":{"confidence_interval":{"confidence_level":0.95,"lower_bound":109908413.80775,"upper_bound":111894129.15075},"point_estimate":110918487.83,"standard_error":504876.4341958785},"median":{"confidence_interval":{"confidence_level":0.95,"lower_bound":110341271.0,"upper_bound":113462229.5},"point_estimate":112018028.0,"standard_error":757308.3178031914},"median_abs_dev":{"confidence_interval":{"confidence_level":0.95,"lower_bound":3526725.0504881144,"upper_bound":6361557.758259773},"point_estimate":5129468.995633721,"standard_error":747934.4829027959},"slope":null,"std_dev":{"confidence_interval":{"confidence_level":0.95,"lower_bound":4407177.199671848,"upper_bound":5636598.641556718},"point_estimate":5064212.209665492,"standard_error":312898.335111374}}