{"mean":{"confidence_interval":{"confidence_level":0.95,"lower_bound":114702468.7975,"upper_bound":116575756.48041667},"point_estimate":115653186.03333333,"standard_error":476951.5318282512},"median":{"confidence_interval":{"confidence_level":0.95,"lower_bound":114973050.75,"upper_bound":116761345.0},"point_estimate":115809397.5,"standard_error":478960.5793969896},"median_abs_dev":{"confidence_interval":{"confidence_level":0.95,"lower_bound":1103743.0481046438,"upper_bound":3258400.7714018226},"point_estimate":1675471.4042544365,"standard_error":566480.5651259291},"slope":null,"std_dev":{"confidence_interval":{"confidence_level":0.95,"lower_bound":1823473.9122596167,"upper_bound":3333006.664216937},"point_estimate":2660997.391807887,"standard_error":386480.4746061218}}