{"mean":{"confidence_interval":{"confidence_level":0.95,"lower_bound":111912924.28875,"upper_bound":113976042.37791666},"point_estimate":112975578.31666666,"standard_error":527210.6632628448},"median":{"confidence_interval":{"confidence_level":0.95,"lower_bound":111873722.75,"upper_bound":114713737.5},"point_estimate":113647388.5,"standard_error":900994.9224080913},"median_abs_dev":{"confidence_interval":{"confidence_level":0.95,"lower_bound":1470788.470338285,"upper_bound":4214411.627729237},"point_estimate":2757689.695291221,"standard_error":647212.5921455413},"slope":null,"std_dev":{"confidence_interval":{"confidence_level":0.95,"lower_bound":2124126.093380425,"upper_bound":3576794.279547512},"point_estimate":2942112.8806934217,"standard_error":370644.384153092}}