{"mean":{"confidence_interval":{"confidence_level":0.95,"lower_bound":91012349.375,"upper_bound":91423508.86416666},"point_estimate":91224161.96666667,"standard_error":105687.83063498118},"median":{"confidence_interval":{"confidence_level":0.95,"lower_bound":90916418.33333333,"upper_bound":91481352.33333334},"point_estimate":91306319.5,"standard_error":150442.3614337121},"median_abs_dev":{"confidence_interval":{"confidence_level":0.95,"lower_bound":74551.55127643803,"upper_bound":593218.1485682578},"point_estimate":326246.1242079735,"standard_error":131774.76291011166},"slope":null,"std_dev":{"confidence_interval":{"confidence_level":0.95,"lower_bound":193831.64962067505,"upper_bound":442647.2477781903},"point_estimate":351411.8138213648,"standard_error":63161.461921443595}}