{"mean":{"confidence_interval":{"confidence_level":0.95,"lower_bound":67566189.73333333,"upper_bound":67789452.93333334},"point_estimate":67660123.93333334,"standard_error":58739.939318356446},"median":{"confidence_interval":{"confidence_level":0.95,"lower_bound":67559492.66666666,"upper_bound":67711337.83333333},"point_estimate":67601153.5,"standard_error":36539.806600380194},"median_abs_dev":{"confidence_interval":{"confidence_level":0.95,"lower_bound":19437.62695491314,"upper_bound":214848.5041856692},"point_estimate":75798.41785431276,"standard_error":52134.95421969563},"slope":null,"std_dev":{"confidence_interval":{"confidence_level":0.95,"lower_bound":44221.673110819545,"upper_bound":285597.66612386913},"point_estimate":195677.4976520101,"standard_error":71454.74563887842}}