{"mean":{"confidence_interval":{"confidence_level":0.95,"lower_bound":31577193.07425,"upper_bound":31898664.951},"point_estimate":31736460.81,"standard_error":81791.27335210324},"median":{"confidence_interval":{"confidence_level":0.95,"lower_bound":31559318.5,"upper_bound":31894707.5},"point_estimate":31739997.25,"standard_error":81616.1850422896},"median_abs_dev":{"confidence_interval":{"confidence_level":0.95,"lower_bound":501819.6902409196,"upper_bound":864499.2262020707},"point_estimate":594147.4916517735,"standard_error":95782.92867576428},"slope":null,"std_dev":{"confidence_interval":{"confidence_level":0.95,"lower_bound":647848.7066322576,"upper_bound":992335.164401652},"point_estimate":823903.8890106219,"standard_error":88192.19455298744}}