{"mean":{"confidence_interval":{"confidence_level":0.95,"lower_bound":31460751.105125003,"upper_bound":31725285.274875},"point_estimate":31592915.895,"standard_error":67482.96120852217},"median":{"confidence_interval":{"confidence_level":0.95,"lower_bound":31386075.5,"upper_bound":31736319.25},"point_estimate":31624712.0,"standard_error":86845.20870110129},"median_abs_dev":{"confidence_interval":{"confidence_level":0.95,"lower_bound":534271.8762847785,"upper_bound":844658.3135218164},"point_estimate":674706.0438215733,"standard_error":78762.64655308824},"slope":null,"std_dev":{"confidence_interval":{"confidence_level":0.95,"lower_bound":577751.9364135617,"upper_bound":763597.3885917474},"point_estimate":674683.587639321,"standard_error":47428.517191209445}}