{"mean":{"confidence_interval":{"confidence_level":0.95,"lower_bound":30866062.507804234,"upper_bound":31275737.527407408},"point_estimate":31065785.049550265,"standard_error":104973.68426231906},"median":{"confidence_interval":{"confidence_level":0.95,"lower_bound":30865212.333333332,"upper_bound":31357950.722222224},"point_estimate":31023405.611111112,"standard_error":111417.95253616423},"median_abs_dev":{"confidence_interval":{"confidence_level":0.95,"lower_bound":21503.657473789524,"upper_bound":623233.829815388},"point_estimate":299240.3597707562,"standard_error":157611.83784535076},"slope":{"confidence_interval":{"confidence_level":0.95,"lower_bound":30806354.2909374,"upper_bound":31483863.675017107},"point_estimate":31160659.75064935,"standard_error":176562.83219848722},"std_dev":{"confidence_interval":{"confidence_level":0.95,"lower_bound":172492.41588675798,"upper_bound":459555.6120101204},"point_estimate":350596.84023307497,"standard_error":73890.62234569566}}