{"mean":{"confidence_interval":{"confidence_level":0.95,"lower_bound":31258876.48625,"upper_bound":31540455.869125},"point_estimate":31398099.43,"standard_error":71858.33283700522},"median":{"confidence_interval":{"confidence_level":0.95,"lower_bound":31306733.0,"upper_bound":31535116.0},"point_estimate":31428394.25,"standard_error":60627.57859030493},"median_abs_dev":{"confidence_interval":{"confidence_level":0.95,"lower_bound":435424.78626966476,"upper_bound":795188.789382577},"point_estimate":628114.9689987302,"standard_error":96355.37315752468},"slope":null,"std_dev":{"confidence_interval":{"confidence_level":0.95,"lower_bound":575595.0035702853,"upper_bound":866158.7944209231},"point_estimate":721306.808446778,"standard_error":74574.87846047097}}