{"mean":{"confidence_interval":{"confidence_level":0.95,"lower_bound":29899925.16441799,"upper_bound":30175804.389986776},"point_estimate":30050832.67728836,"standard_error":70467.92662054118},"median":{"confidence_interval":{"confidence_level":0.95,"lower_bound":29975972.444444444,"upper_bound":30235678.666666668},"point_estimate":30027495.7125,"standard_error":84552.40765064354},"median_abs_dev":{"confidence_interval":{"confidence_level":0.95,"lower_bound":14685.358655948206,"upper_bound":371035.2955603088},"point_estimate":167473.93705174327,"standard_error":92950.0615802937},"slope":{"confidence_interval":{"confidence_level":0.95,"lower_bound":29889111.210540157,"upper_bound":30219442.24769662},"point_estimate":30078139.141991343,"standard_error":83240.58702140524},"std_dev":{"confidence_interval":{"confidence_level":0.95,"lower_bound":106578.75185250456,"upper_bound":330110.3667453178},"point_estimate":235840.88387277164,"standard_error":67254.83697784484}}