{"mean":{"confidence_interval":{"confidence_level":0.95,"lower_bound":30181370.600874998,"upper_bound":30508150.494374998},"point_estimate":30338664.155,"standard_error":83017.00657465405},"median":{"confidence_interval":{"confidence_level":0.95,"lower_bound":30051495.25,"upper_bound":30332083.0},"point_estimate":30195014.0,"standard_error":77556.77739125275},"median_abs_dev":{"confidence_interval":{"confidence_level":0.95,"lower_bound":487039.2804533243,"upper_bound":848736.22328192},"point_estimate":720613.2694065571,"standard_error":91903.34122125208},"slope":null,"std_dev":{"confidence_interval":{"confidence_level":0.95,"lower_bound":631870.4581545856,"upper_bound":1046043.1199971891},"point_estimate":833641.7468540957,"standard_error":108505.46716122379}}