{"mean":{"confidence_interval":{"confidence_level":0.95,"lower_bound":-0.004681039684519972,"upper_bound":0.0026726394586009915},"point_estimate":-0.0009020698485850964,"standard_error":0.0018782843243676122},"median":{"confidence_interval":{"confidence_level":0.95,"lower_bound":-0.004511858112279055,"upper_bound":0.004386342183610115},"point_estimate":-0.0015783200868689784,"standard_error":0.00232880889096635}}