{"mean":{"confidence_interval":{"confidence_level":0.95,"lower_bound":0.0406398605744147,"upper_bound":0.047599846714978016},"point_estimate":0.04407020028935427,"standard_error":0.0017764000901543248},"median":{"confidence_interval":{"confidence_level":0.95,"lower_bound":0.039266653397348694,"upper_bound":0.04735223506976394},"point_estimate":0.04401212400967891,"standard_error":0.002049532640803732}}