{"mean":{"confidence_interval":{"confidence_level":0.95,"lower_bound":-0.05588096575235341,"upper_bound":-0.04764167687794149},"point_estimate":-0.05176509907370275,"standard_error":0.0021227234565592986},"median":{"confidence_interval":{"confidence_level":0.95,"lower_bound":-0.05716193368387157,"upper_bound":-0.04445246967107386},"point_estimate":-0.0499169595133655,"standard_error":0.0029687348172260522}}