{"mean":{"confidence_interval":{"confidence_level":0.95,"lower_bound":-0.2585723589490893,"upper_bound":-0.2512872829314822},"point_estimate":-0.2551056647477241,"standard_error":0.001863926013315039},"median":{"confidence_interval":{"confidence_level":0.95,"lower_bound":-0.2610715921002086,"upper_bound":-0.2501154815691653},"point_estimate":-0.25671847699573436,"standard_error":0.0027040329279045074}}