{"mean":{"confidence_interval":{"confidence_level":0.95,"lower_bound":0.015000795119654227,"upper_bound":0.018257328713597587},"point_estimate":0.01658674342259392,"standard_error":0.0008276169507683278},"median":{"confidence_interval":{"confidence_level":0.95,"lower_bound":0.016026470354246536,"upper_bound":0.01908455695177059},"point_estimate":0.017638033970752254,"standard_error":0.0007298720016832954}}