{"mean":{"confidence_interval":{"confidence_level":0.95,"lower_bound":-0.004887511254205209,"upper_bound":0.0029794222263611722},"point_estimate":-0.0010008147483347996,"standard_error":0.002016820451254283},"median":{"confidence_interval":{"confidence_level":0.95,"lower_bound":-0.007042191720459723,"upper_bound":0.004133540573943106},"point_estimate":-0.002000816874568656,"standard_error":0.002711960864842594}}