{"mean":{"confidence_interval":{"confidence_level":0.95,"lower_bound":0.026792233980733455,"upper_bound":0.030276815970130277},"point_estimate":0.028514270985418033,"standard_error":0.0008894552903689443},"median":{"confidence_interval":{"confidence_level":0.95,"lower_bound":0.027175810825912267,"upper_bound":0.02986564224507382},"point_estimate":0.028375885505977916,"standard_error":0.000687635996286101}}