{"mean":{"confidence_interval":{"confidence_level":0.95,"lower_bound":-0.057092094834580956,"upper_bound":-0.05038140664512146},"point_estimate":-0.05362760179644532,"standard_error":0.0017236075010987253},"median":{"confidence_interval":{"confidence_level":0.95,"lower_bound":-0.0591920094738266,"upper_bound":-0.05014834804246193},"point_estimate":-0.053475643116920546,"standard_error":0.0024855470139102656}}