{"mean":{"confidence_interval":{"confidence_level":0.95,"lower_bound":-0.004198191292201161,"upper_bound":-0.0009857115940414699},"point_estimate":-0.002656567494964346,"standard_error":0.0008264026030263847},"median":{"confidence_interval":{"confidence_level":0.95,"lower_bound":-0.004041190520653104,"upper_bound":-0.0005182913249297538},"point_estimate":-0.002335965898651815,"standard_error":0.0008876732614935792}}