{"mean":{"confidence_interval":{"confidence_level":0.95,"lower_bound":-0.060352554670673894,"upper_bound":-0.058114799935655374},"point_estimate":-0.059250225094806486,"standard_error":0.0005703572601801093},"median":{"confidence_interval":{"confidence_level":0.95,"lower_bound":-0.060071388021799184,"upper_bound":-0.057394926923951095},"point_estimate":-0.0584359048822789,"standard_error":0.0007131857291178594}}