{"mean":{"confidence_interval":{"confidence_level":0.95,"lower_bound":-0.2534772952569861,"upper_bound":-0.248768320633881},"point_estimate":-0.2511946874335559,"standard_error":0.0012066811609495196},"median":{"confidence_interval":{"confidence_level":0.95,"lower_bound":-0.2553753699894259,"upper_bound":-0.2479583307150176},"point_estimate":-0.25117090919513363,"standard_error":0.0020417419345637243}}