{"mean":{"confidence_interval":{"confidence_level":0.95,"lower_bound":-0.015720494447276818,"upper_bound":-0.0014493300418435386},"point_estimate":-0.007835870776242926,"standard_error":0.003675693781509905},"median":{"confidence_interval":{"confidence_level":0.95,"lower_bound":-0.012007158449458877,"upper_bound":0.0008802281234914222},"point_estimate":-0.003963955026607513,"standard_error":0.0033191234831420817}}