{"mean":{"confidence_interval":{"confidence_level":0.95,"lower_bound":-0.05686481236660864,"upper_bound":-0.053081495306471736},"point_estimate":-0.054882809406545774,"standard_error":0.0009706640626664701},"median":{"confidence_interval":{"confidence_level":0.95,"lower_bound":-0.05747621657932167,"upper_bound":-0.0529024751242646},"point_estimate":-0.05481700353701391,"standard_error":0.0011620960168946398}}