{"mean":{"confidence_interval":{"confidence_level":0.95,"lower_bound":0.009002919227242546,"upper_bound":0.011709806394759848},"point_estimate":0.010392026907505736,"standard_error":0.000694862204158134},"median":{"confidence_interval":{"confidence_level":0.95,"lower_bound":0.008120554626694632,"upper_bound":0.011890316834844983},"point_estimate":0.009944997907853192,"standard_error":0.0009711560085008995}}