{"mean":{"confidence_interval":{"confidence_level":0.95,"lower_bound":346116.1632032444,"upper_bound":347479.37966121413},"point_estimate":346765.4958857385,"standard_error":349.9861291314927},"median":{"confidence_interval":{"confidence_level":0.95,"lower_bound":345801.5896946565,"upper_bound":347714.12368229736},"point_estimate":346743.2377438507,"standard_error":381.2498410597047},"median_abs_dev":{"confidence_interval":{"confidence_level":0.95,"lower_bound":119.30499772925083,"upper_bound":2189.3228027347645},"point_estimate":921.7959077060634,"standard_error":550.2481745001427},"slope":{"confidence_interval":{"confidence_level":0.95,"lower_bound":346213.6834334022,"upper_bound":346873.28162408253},"point_estimate":346620.65426786954,"standard_error":167.05803333967606},"std_dev":{"confidence_interval":{"confidence_level":0.95,"lower_bound":534.2715305493525,"upper_bound":1474.7868747514829},"point_estimate":1164.5077363691792,"standard_error":240.32919735789176}}