{"mean":{"confidence_interval":{"confidence_level":0.95,"lower_bound":0.006931074727193695,"upper_bound":0.04106073604778309},"point_estimate":0.023452738905171522,"standard_error":0.00881258167992567},"median":{"confidence_interval":{"confidence_level":0.95,"lower_bound":0.00022333944540386952,"upper_bound":0.037161344506071003},"point_estimate":0.01908530151069665,"standard_error":0.00965332443441998}}