{"mean":{"confidence_interval":{"confidence_level":0.95,"lower_bound":0.0991962046435128,"upper_bound":0.1347634836170153},"point_estimate":0.11685083372214744,"standard_error":0.009169851763615695},"median":{"confidence_interval":{"confidence_level":0.95,"lower_bound":0.08578354893860962,"upper_bound":0.14506357613312557},"point_estimate":0.12672154984063622,"standard_error":0.015549439235754007}}