{"mean":{"confidence_interval":{"confidence_level":0.95,"lower_bound":0.05247335158913503,"upper_bound":0.10820062458636912},"point_estimate":0.08034773391873018,"standard_error":0.014316564120749642},"median":{"confidence_interval":{"confidence_level":0.95,"lower_bound":0.03746439215761388,"upper_bound":0.13057132733115973},"point_estimate":0.09334806139222485,"standard_error":0.024786889093792484}}