{"mean":{"confidence_interval":{"confidence_level":0.95,"lower_bound":-0.024796946984030593,"upper_bound":0.01902076032404651},"point_estimate":-0.004024516814830403,"standard_error":0.011232168929019301},"median":{"confidence_interval":{"confidence_level":0.95,"lower_bound":-0.04011397536979955,"upper_bound":0.018724205199385446},"point_estimate":-0.019934322241158986,"standard_error":0.015543732966986244}}