{"mean":{"confidence_interval":{"confidence_level":0.95,"lower_bound":-0.17083395587659847,"upper_bound":-0.13627076827291817},"point_estimate":-0.1532779292347608,"standard_error":0.00881139532383755},"median":{"confidence_interval":{"confidence_level":0.95,"lower_bound":-0.16792869959901846,"upper_bound":-0.13114018938288952},"point_estimate":-0.15179451101106356,"standard_error":0.009738387181201404}}