{"mean":{"confidence_interval":{"confidence_level":0.95,"lower_bound":-0.05752946834314765,"upper_bound":-0.02627235060661952},"point_estimate":-0.04191720299861268,"standard_error":0.00800779558106534},"median":{"confidence_interval":{"confidence_level":0.95,"lower_bound":-0.05891049086540989,"upper_bound":-0.015748879510016467},"point_estimate":-0.04733435563042954,"standard_error":0.01197715680776328}}