{"mean":{"confidence_interval":{"confidence_level":0.95,"lower_bound":0.07576554563757375,"upper_bound":0.12391331615655536},"point_estimate":0.09746374710389039,"standard_error":0.012257927276299051},"median":{"confidence_interval":{"confidence_level":0.95,"lower_bound":0.07406731772767805,"upper_bound":0.11919419088396599},"point_estimate":0.09796836007806164,"standard_error":0.011572472914827998}}