{"mean":{"confidence_interval":{"confidence_level":0.95,"lower_bound":45129873.7755,"upper_bound":45971422.736875},"point_estimate":45551300.365,"standard_error":214604.32243811627},"median":{"confidence_interval":{"confidence_level":0.95,"lower_bound":45325986.0,"upper_bound":46120048.0},"point_estimate":45720998.5,"standard_error":230898.49291199923},"median_abs_dev":{"confidence_interval":{"confidence_level":0.95,"lower_bound":1499702.8763249516,"upper_bound":2910836.3421723247},"point_estimate":1918573.6925885081,"standard_error":339592.5144822028},"slope":null,"std_dev":{"confidence_interval":{"confidence_level":0.95,"lower_bound":1878709.4649062802,"upper_bound":2394023.607433919},"point_estimate":2153135.3753441097,"standard_error":131465.89565756053}}