{"mean":{"confidence_interval":{"confidence_level":0.95,"lower_bound":44315046.077125005,"upper_bound":45123553.35075},"point_estimate":44725261.525,"standard_error":206372.50423094817},"median":{"confidence_interval":{"confidence_level":0.95,"lower_bound":44154280.0,"upper_bound":45484888.0},"point_estimate":44853778.0,"standard_error":342239.76568815886},"median_abs_dev":{"confidence_interval":{"confidence_level":0.95,"lower_bound":1638149.9151170254,"upper_bound":2497644.2544579506},"point_estimate":1931619.4604068995,"standard_error":226589.6909432012},"slope":null,"std_dev":{"confidence_interval":{"confidence_level":0.95,"lower_bound":1771115.422583126,"upper_bound":2364978.3459539986},"point_estimate":2075149.9002510577,"standard_error":152139.93098103898}}