{"mean":{"confidence_interval":{"confidence_level":0.95,"lower_bound":7672627.992678573,"upper_bound":7686785.038678569},"point_estimate":7678889.472857143,"standard_error":3639.2839197941853},"median":{"confidence_interval":{"confidence_level":0.95,"lower_bound":7667474.857142857,"upper_bound":7673567.571428571},"point_estimate":7670819.142857143,"standard_error":1448.2708943538635},"median_abs_dev":{"confidence_interval":{"confidence_level":0.95,"lower_bound":10510.151213407516,"upper_bound":16971.004198704053},"point_estimate":13351.34226296649,"standard_error":1776.7460199257487},"slope":null,"std_dev":{"confidence_interval":{"confidence_level":0.95,"lower_bound":15867.544811835953,"upper_bound":53371.49723318367},"point_estimate":36421.60613609395,"standard_error":9872.597922616276}}