{"mean":{"confidence_interval":{"confidence_level":0.95,"lower_bound":7717609.125406747,"upper_bound":7753503.323402777},"point_estimate":7735001.716656746,"standard_error":9167.277861322533},"median":{"confidence_interval":{"confidence_level":0.95,"lower_bound":7709779.608333333,"upper_bound":7758761.395833334},"point_estimate":7732635.512499999,"standard_error":11642.607749130626},"median_abs_dev":{"confidence_interval":{"confidence_level":0.95,"lower_bound":6159.585140646424,"upper_bound":54297.382386029},"point_estimate":33074.54238864309,"standard_error":11980.453489341635},"slope":{"confidence_interval":{"confidence_level":0.95,"lower_bound":7705580.190740741,"upper_bound":7729801.649331945},"point_estimate":7714497.437229437,"standard_error":6240.7968048575585},"std_dev":{"confidence_interval":{"confidence_level":0.95,"lower_bound":16123.83912871619,"upper_bound":37923.71088294602},"point_estimate":30443.316186924672,"standard_error":5470.481011068704}}