{"mean":{"confidence_interval":{"confidence_level":0.95,"lower_bound":183916768.09,"upper_bound":188452173.4},"point_estimate":186051331.05,"standard_error":1158541.9399716263},"median":{"confidence_interval":{"confidence_level":0.95,"lower_bound":183040123.75,"upper_bound":187382986.0},"point_estimate":186452061.0,"standard_error":1121551.5997707297},"median_abs_dev":{"confidence_interval":{"confidence_level":0.95,"lower_bound":397261.92164719105,"upper_bound":6239742.525972426},"point_estimate":2322027.3223757744,"standard_error":1549648.0355908868},"slope":null,"std_dev":{"confidence_interval":{"confidence_level":0.95,"lower_bound":1456181.4463323143,"upper_bound":5346847.722353551},"point_estimate":3865717.409885392,"standard_error":1022855.9617905498}}