{"mean":{"confidence_interval":{"confidence_level":0.95,"lower_bound":109470632.22833334,"upper_bound":111224446.1075},"point_estimate":110330960.7,"standard_error":446917.7894291206},"median":{"confidence_interval":{"confidence_level":0.95,"lower_bound":108636965.5,"upper_bound":111084152.0},"point_estimate":110671759.5,"standard_error":602578.1535661203},"median_abs_dev":{"confidence_interval":{"confidence_level":0.95,"lower_bound":894399.9318212271,"upper_bound":4448579.027321935},"point_estimate":2405722.3147898912,"standard_error":983451.8551209623},"slope":null,"std_dev":{"confidence_interval":{"confidence_level":0.95,"lower_bound":1870647.7662898246,"upper_bound":2950633.865624308},"point_estimate":2491144.3212907286,"standard_error":276938.87254619447}}