{"mean":{"confidence_interval":{"confidence_level":0.95,"lower_bound":117487398.32083333,"upper_bound":119559154.2575},"point_estimate":118489276.53333333,"standard_error":529738.5660025395},"median":{"confidence_interval":{"confidence_level":0.95,"lower_bound":116172323.0,"upper_bound":119038367.5},"point_estimate":118514582.5,"standard_error":744669.295218423},"median_abs_dev":{"confidence_interval":{"confidence_level":0.95,"lower_bound":1115379.2339980602,"upper_bound":5004735.635948181},"point_estimate":3491463.6340141296,"standard_error":1052198.979552032},"slope":null,"std_dev":{"confidence_interval":{"confidence_level":0.95,"lower_bound":2149805.433482756,"upper_bound":3500111.8103317306},"point_estimate":2950675.708303202,"standard_error":345176.58176431386}}