{"mean":{"confidence_interval":{"confidence_level":0.95,"lower_bound":173131628.4,"upper_bound":176072316.45},"point_estimate":174460495.85,"standard_error":756438.6717255316},"median":{"confidence_interval":{"confidence_level":0.95,"lower_bound":172654633.75,"upper_bound":176105906.0},"point_estimate":173672929.5,"standard_error":841287.2773249183},"median_abs_dev":{"confidence_interval":{"confidence_level":0.95,"lower_bound":415977.89306491613,"upper_bound":3877527.4780601263},"point_estimate":1953200.185623765,"standard_error":869283.4824990851},"slope":null,"std_dev":{"confidence_interval":{"confidence_level":0.95,"lower_bound":1021724.5997839466,"upper_bound":3471721.3168386114},"point_estimate":2516875.5790315815,"standard_error":697886.4933990965}}