{"mean":{"confidence_interval":{"confidence_level":0.95,"lower_bound":173996220.8,"upper_bound":175772485.75375},"point_estimate":174873650.85,"standard_error":453603.14987813553},"median":{"confidence_interval":{"confidence_level":0.95,"lower_bound":173603231.0,"upper_bound":176301699.0},"point_estimate":174666530.25,"standard_error":687377.0408921011},"median_abs_dev":{"confidence_interval":{"confidence_level":0.95,"lower_bound":463553.7849202752,"upper_bound":2614028.7230417132},"point_estimate":1829893.0871129036,"standard_error":558225.9784504583},"slope":null,"std_dev":{"confidence_interval":{"confidence_level":0.95,"lower_bound":913087.4944698286,"upper_bound":1821280.9192489465},"point_estimate":1506949.5007414822,"standard_error":230361.51756035938}}