{"mean":{"confidence_interval":{"confidence_level":0.95,"lower_bound":181267533.7,"upper_bound":184428404.65},"point_estimate":182881133.9,"standard_error":810439.2926169543},"median":{"confidence_interval":{"confidence_level":0.95,"lower_bound":180019452.5,"upper_bound":185682441.5},"point_estimate":183448890.5,"standard_error":1279038.6697520975},"median_abs_dev":{"confidence_interval":{"confidence_level":0.95,"lower_bound":302006.3559383154,"upper_bound":4362410.687501729},"point_estimate":3474877.0468086004,"standard_error":1111350.1080228798},"slope":null,"std_dev":{"confidence_interval":{"confidence_level":0.95,"lower_bound":1612138.3559955263,"upper_bound":3242471.184656885},"point_estimate":2706531.3324287087,"standard_error":408089.5574420497}}