{"mean":{"confidence_interval":{"confidence_level":0.95,"lower_bound":113690199.52333334,"upper_bound":116117268.82083334},"point_estimate":114858789.83333333,"standard_error":620697.8358436406},"median":{"confidence_interval":{"confidence_level":0.95,"lower_bound":113970967.5,"upper_bound":115342009.5},"point_estimate":114506094.5,"standard_error":405527.003277154},"median_abs_dev":{"confidence_interval":{"confidence_level":0.95,"lower_bound":958631.3517808914,"upper_bound":5062740.061888392},"point_estimate":2892575.528946519,"standard_error":1278659.3184638696},"slope":null,"std_dev":{"confidence_interval":{"confidence_level":0.95,"lower_bound":2359100.9787236666,"upper_bound":4453043.853813556},"point_estimate":3455621.348583514,"standard_error":549951.5596248069}}