{"mean":{"confidence_interval":{"confidence_level":0.95,"lower_bound":0.044434188931926265,"upper_bound":0.05507568228812328},"point_estimate":0.0491232865512381,"standard_error":0.00273126570183578},"median":{"confidence_interval":{"confidence_level":0.95,"lower_bound":0.04326766164148266,"upper_bound":0.05166796716359823},"point_estimate":0.04541699679746669,"standard_error":0.0019830567892290298}}