{"mean":{"confidence_interval":{"confidence_level":0.95,"lower_bound":0.01283961415405795,"upper_bound":0.022079128999775054},"point_estimate":0.018050714332984663,"standard_error":0.0023797951680641946},"median":{"confidence_interval":{"confidence_level":0.95,"lower_bound":0.018513773526334765,"upper_bound":0.023740199764600955},"point_estimate":0.022338186382260483,"standard_error":0.0014857290605755464}}