{"mean":{"confidence_interval":{"confidence_level":0.95,"lower_bound":0.042465711679330304,"upper_bound":0.04879974899327213},"point_estimate":0.045591049109174,"standard_error":0.0016087224873191208},"median":{"confidence_interval":{"confidence_level":0.95,"lower_bound":0.04235287001068544,"upper_bound":0.047402764325057856},"point_estimate":0.04539444281733784,"standard_error":0.0012372821713967873}}