{"mean":{"confidence_interval":{"confidence_level":0.95,"lower_bound":0.006724577586578823,"upper_bound":0.010559389377452039},"point_estimate":0.008614258492321003,"standard_error":0.0009778514063916632},"median":{"confidence_interval":{"confidence_level":0.95,"lower_bound":0.005709985771211068,"upper_bound":0.009719433262008907},"point_estimate":0.007547176460370508,"standard_error":0.0010146866363762992}}