{"mean":{"confidence_interval":{"confidence_level":0.95,"lower_bound":0.0047181222582022295,"upper_bound":0.012780359634591214},"point_estimate":0.008742693016877023,"standard_error":0.002069539438178982},"median":{"confidence_interval":{"confidence_level":0.95,"lower_bound":0.0035994059857327176,"upper_bound":0.013663216460069405},"point_estimate":0.009556753631541959,"standard_error":0.0024504635245689316}}