{"mean":{"confidence_interval":{"confidence_level":0.95,"lower_bound":-0.022496981400590105,"upper_bound":-0.018025896953773626},"point_estimate":-0.02021669258859915,"standard_error":0.001136304394361236},"median":{"confidence_interval":{"confidence_level":0.95,"lower_bound":-0.01987524519587036,"upper_bound":-0.016101108949100884},"point_estimate":-0.01765606273494169,"standard_error":0.000956856083703451}}