{"mean":{"confidence_interval":{"confidence_level":0.95,"lower_bound":-0.06673798950975093,"upper_bound":-0.06032211068774852},"point_estimate":-0.06350754782700241,"standard_error":0.0016479181101436457},"median":{"confidence_interval":{"confidence_level":0.95,"lower_bound":-0.06674095052711676,"upper_bound":-0.060110665244593076},"point_estimate":-0.06462472942749498,"standard_error":0.0016795425279397143}}