{"mean":{"confidence_interval":{"confidence_level":0.95,"lower_bound":-0.0393424876141492,"upper_bound":-0.03628400911918337},"point_estimate":-0.03785996631413491,"standard_error":0.0007915249936878929},"median":{"confidence_interval":{"confidence_level":0.95,"lower_bound":-0.04019393357284062,"upper_bound":-0.03629999783423565},"point_estimate":-0.03871018678131588,"standard_error":0.0011054710933318106}}