{"mean":{"confidence_interval":{"confidence_level":0.95,"lower_bound":-0.001476440366130968,"upper_bound":0.002602129612638853},"point_estimate":0.0005085140641538644,"standard_error":0.0010287191353107428},"median":{"confidence_interval":{"confidence_level":0.95,"lower_bound":-0.001646002691085724,"upper_bound":0.0031529670333556143},"point_estimate":0.0010233610277661231,"standard_error":0.0012741040074801856}}