{"mean":{"confidence_interval":{"confidence_level":0.95,"lower_bound":0.047975920530329626,"upper_bound":0.05815330000227713},"point_estimate":0.05348165500399449,"standard_error":0.002614914228511258},"median":{"confidence_interval":{"confidence_level":0.95,"lower_bound":0.04910161208278896,"upper_bound":0.06011635569617657},"point_estimate":0.05638938808790783,"standard_error":0.0026249989106533938}}