{"mean":{"confidence_interval":{"confidence_level":0.95,"lower_bound":-0.07184107858845612,"upper_bound":-0.059296891451181305},"point_estimate":-0.06481082658775694,"standard_error":0.0032681695647504274},"median":{"confidence_interval":{"confidence_level":0.95,"lower_bound":-0.0682111442674167,"upper_bound":-0.0574357118819987},"point_estimate":-0.0608221443625061,"standard_error":0.002929062791274162}}