{"mean":{"confidence_interval":{"confidence_level":0.95,"lower_bound":0.035178827221219594,"upper_bound":0.04690389009287244},"point_estimate":0.04076859152276313,"standard_error":0.0030150417383598975},"median":{"confidence_interval":{"confidence_level":0.95,"lower_bound":0.03289600598173359,"upper_bound":0.05123967653797212},"point_estimate":0.042230092422027576,"standard_error":0.004077932766183191}}