{"mean":{"confidence_interval":{"confidence_level":0.95,"lower_bound":-0.008172459412138853,"upper_bound":0.005164555909560442},"point_estimate":-0.0018610665947970118,"standard_error":0.003390787581863919},"median":{"confidence_interval":{"confidence_level":0.95,"lower_bound":-0.010486540079496343,"upper_bound":0.004307515468801926},"point_estimate":-0.002874151626458765,"standard_error":0.00388381080480986}}