{"mean":{"confidence_interval":{"confidence_level":0.95,"lower_bound":-0.06724143881387092,"upper_bound":-0.05948131374033337},"point_estimate":-0.06335251579852996,"standard_error":0.001987027574530859},"median":{"confidence_interval":{"confidence_level":0.95,"lower_bound":-0.07008843855010582,"upper_bound":-0.058506185103267216},"point_estimate":-0.06427525301532033,"standard_error":0.0031950751391575864}}