{"mean":{"confidence_interval":{"confidence_level":0.95,"lower_bound":-0.010510885656418797,"upper_bound":0.0018071072670777675},"point_estimate":-0.0042779709548413924,"standard_error":0.0031409150364939066},"median":{"confidence_interval":{"confidence_level":0.95,"lower_bound":-0.014380896939516163,"upper_bound":0.003146661444137777},"point_estimate":-0.005624550057376054,"standard_error":0.004379065276233052}}