{"mean":{"confidence_interval":{"confidence_level":0.95,"lower_bound":-0.21007989476346145,"upper_bound":-0.20065287255921413},"point_estimate":-0.20614047343702568,"standard_error":0.0023939854994443214},"median":{"confidence_interval":{"confidence_level":0.95,"lower_bound":-0.2108667834713024,"upper_bound":-0.2039919794912688},"point_estimate":-0.20793356206787228,"standard_error":0.0017415401230215888}}