{"mean":{"confidence_interval":{"confidence_level":0.95,"lower_bound":0.02777705212355058,"upper_bound":0.04130043538514434},"point_estimate":0.03329728814190225,"standard_error":0.0035559789226398695},"median":{"confidence_interval":{"confidence_level":0.95,"lower_bound":0.025607639262984927,"upper_bound":0.03619096137582001},"point_estimate":0.02768953134814156,"standard_error":0.002977628579910869}}