{"mean":{"confidence_interval":{"confidence_level":0.95,"lower_bound":0.046864695716422,"upper_bound":0.052800147221548535},"point_estimate":0.04977018830515045,"standard_error":0.0015222832884067032},"median":{"confidence_interval":{"confidence_level":0.95,"lower_bound":0.04688293511311947,"upper_bound":0.053221534719341435},"point_estimate":0.051043824234385804,"standard_error":0.0015942746290834996}}