{"mean":{"confidence_interval":{"confidence_level":0.95,"lower_bound":-0.02473384326390446,"upper_bound":-0.018946193103394304},"point_estimate":-0.021664078645899032,"standard_error":0.001481510615514319},"median":{"confidence_interval":{"confidence_level":0.95,"lower_bound":-0.025029897203329377,"upper_bound":-0.01798559010361267},"point_estimate":-0.021471116756049957,"standard_error":0.0017134126348404106}}