{"mean":{"confidence_interval":{"confidence_level":0.95,"lower_bound":-0.04048196867654951,"upper_bound":-0.035203648651501045},"point_estimate":-0.03820010720286604,"standard_error":0.0013346498204673497},"median":{"confidence_interval":{"confidence_level":0.95,"lower_bound":-0.04029258616846165,"upper_bound":-0.03603060782082035},"point_estimate":-0.038591530518295,"standard_error":0.0010548716221856712}}