{"mean":{"confidence_interval":{"confidence_level":0.95,"lower_bound":0.019837425070216963,"upper_bound":0.02834650044909942},"point_estimate":0.023932120454525085,"standard_error":0.0021633967564416152},"median":{"confidence_interval":{"confidence_level":0.95,"lower_bound":0.01791398866534366,"upper_bound":0.02192743309355727},"point_estimate":0.01967995995460914,"standard_error":0.0010578887280189976}}