{"mean":{"confidence_interval":{"confidence_level":0.95,"lower_bound":-0.04093918237372252,"upper_bound":-0.03635698740149929},"point_estimate":-0.038683262220040704,"standard_error":0.0011723055586281247},"median":{"confidence_interval":{"confidence_level":0.95,"lower_bound":-0.042843394363109355,"upper_bound":-0.03547805013977878},"point_estimate":-0.039105477228008834,"standard_error":0.0021005004573109295}}