{"mean":{"confidence_interval":{"confidence_level":0.95,"lower_bound":0.3461852687709483,"upper_bound":0.3515468284369237},"point_estimate":0.3489224098061918,"standard_error":0.0013711150541355916},"median":{"confidence_interval":{"confidence_level":0.95,"lower_bound":0.34508026234430855,"upper_bound":0.3538097721489284},"point_estimate":0.3500933276205993,"standard_error":0.002460964609808121}}