{"mean":{"confidence_interval":{"confidence_level":0.95,"lower_bound":-0.008243724212294782,"upper_bound":-0.0015440394553182257},"point_estimate":-0.005043726778488078,"standard_error":0.0016982650365701647},"median":{"confidence_interval":{"confidence_level":0.95,"lower_bound":-0.007309167231333236,"upper_bound":-0.004345284597041976},"point_estimate":-0.005346921872971255,"standard_error":0.0007961132531260261}}