{"mean":{"confidence_interval":{"confidence_level":0.95,"lower_bound":-0.030486541703002305,"upper_bound":-0.022938832817410097},"point_estimate":-0.02669923606333957,"standard_error":0.0019135973629143758},"median":{"confidence_interval":{"confidence_level":0.95,"lower_bound":-0.025321279905122784,"upper_bound":-0.02234960402661109},"point_estimate":-0.02378152405498901,"standard_error":0.0007946832440633064}}