{"mean":{"confidence_interval":{"confidence_level":0.95,"lower_bound":49792598.94142857,"upper_bound":50166524.90166666},"point_estimate":49978998.22892857,"standard_error":94718.94763639757},"median":{"confidence_interval":{"confidence_level":0.95,"lower_bound":49658844.666666664,"upper_bound":50113935.275},"point_estimate":50064002.16666667,"standard_error":111949.20694450948},"median_abs_dev":{"confidence_interval":{"confidence_level":0.95,"lower_bound":2840.417979564926,"upper_bound":643693.2152521714},"point_estimate":80812.94779278117,"standard_error":168780.93101728955},"slope":{"confidence_interval":{"confidence_level":0.95,"lower_bound":49784948.531976745,"upper_bound":50087332.46616291},"point_estimate":49989455.103896104,"standard_error":78936.49151789946},"std_dev":{"confidence_interval":{"confidence_level":0.95,"lower_bound":142495.05842316116,"upper_bound":418188.8479661002},"point_estimate":315227.97053044866,"standard_error":68008.4416628258}}