{"mean":{"confidence_interval":{"confidence_level":0.95,"lower_bound":52049198.879250005,"upper_bound":52455579.231750004},"point_estimate":52250680.74,"standard_error":103562.01988884175},"median":{"confidence_interval":{"confidence_level":0.95,"lower_bound":51965497.0,"upper_bound":52497267.0},"point_estimate":52233393.0,"standard_error":144270.00176054335},"median_abs_dev":{"confidence_interval":{"confidence_level":0.95,"lower_bound":731001.847422123,"upper_bound":1286797.4429547787},"point_estimate":915079.236254096,"standard_error":140196.47435160604},"slope":null,"std_dev":{"confidence_interval":{"confidence_level":0.95,"lower_bound":894162.9006216015,"upper_bound":1178658.4182070745},"point_estimate":1043985.2165557237,"standard_error":72734.64134151409}}