{"mean":{"confidence_interval":{"confidence_level":0.95,"lower_bound":50078482.57964286,"upper_bound":50293413.30539683},"point_estimate":50192517.98936508,"standard_error":55023.585171693434},"median":{"confidence_interval":{"confidence_level":0.95,"lower_bound":50064988.25,"upper_bound":50316207.3125},"point_estimate":50235184.861111104,"standard_error":66641.12051800534},"median_abs_dev":{"confidence_interval":{"confidence_level":0.95,"lower_bound":29053.659189195547,"upper_bound":300087.0376098901},"point_estimate":140889.8075737059,"standard_error":70023.11784113268},"slope":{"confidence_interval":{"confidence_level":0.95,"lower_bound":50156149.56187101,"upper_bound":50338686.28950427},"point_estimate":50271769.462337665,"standard_error":46072.25329541819},"std_dev":{"confidence_interval":{"confidence_level":0.95,"lower_bound":83090.51769293833,"upper_bound":240830.1587858944},"point_estimate":183216.88811433117,"standard_error":41284.266044861426}}