{"mean":{"confidence_interval":{"confidence_level":0.95,"lower_bound":52060270.1165,"upper_bound":52384372.0295},"point_estimate":52223519.77,"standard_error":82236.67070495864},"median":{"confidence_interval":{"confidence_level":0.95,"lower_bound":52005587.0,"upper_bound":52405833.0},"point_estimate":52302145.5,"standard_error":106071.0168299932},"median_abs_dev":{"confidence_interval":{"confidence_level":0.95,"lower_bound":639167.8815300018,"upper_bound":978326.5063512321},"point_estimate":869870.3152567148,"standard_error":86443.25470856098},"slope":null,"std_dev":{"confidence_interval":{"confidence_level":0.95,"lower_bound":699738.4775711305,"upper_bound":940400.516929952},"point_estimate":825983.8774351135,"standard_error":61329.5395454572}}