{"mean":{"confidence_interval":{"confidence_level":0.95,"lower_bound":50653197.2245,"upper_bound":51494173.385249995},"point_estimate":51021486.37,"standard_error":216145.205657806},"median":{"confidence_interval":{"confidence_level":0.95,"lower_bound":50516722.0,"upper_bound":50923642.0},"point_estimate":50708468.0,"standard_error":99465.0177989182},"median_abs_dev":{"confidence_interval":{"confidence_level":0.95,"lower_bound":673184.1549485922,"upper_bound":1207297.4671661854},"point_estimate":927192.0780390501,"standard_error":134089.26646578705},"slope":null,"std_dev":{"confidence_interval":{"confidence_level":0.95,"lower_bound":1062789.2218985746,"upper_bound":3288795.231576464},"point_estimate":2173755.647458855,"standard_error":651277.8956902095}}