{"mean":{"confidence_interval":{"confidence_level":0.95,"lower_bound":-0.024940592185031706,"upper_bound":0.03056397967488245},"point_estimate":0.003689587077203571,"standard_error":0.014178475344667056},"median":{"confidence_interval":{"confidence_level":0.95,"lower_bound":-0.019950557260929203,"upper_bound":0.03893710285720253},"point_estimate":0.01121861469950236,"standard_error":0.014487975959985796}}