{"mean":{"confidence_interval":{"confidence_level":0.95,"lower_bound":0.03141076221506222,"upper_bound":0.07172507288997641},"point_estimate":0.05184257550876614,"standard_error":0.010297765824564438},"median":{"confidence_interval":{"confidence_level":0.95,"lower_bound":0.03939941351060505,"upper_bound":0.07742057951158321},"point_estimate":0.05259523667206567,"standard_error":0.010363292955502881}}