{"mean":{"confidence_interval":{"confidence_level":0.95,"lower_bound":-0.02721428658708865,"upper_bound":0.012576745737946721},"point_estimate":-0.007713059219042084,"standard_error":0.010193182774614168},"median":{"confidence_interval":{"confidence_level":0.95,"lower_bound":-0.0330057264839102,"upper_bound":0.018701772038365982},"point_estimate":-0.0014872820110273244,"standard_error":0.013037489474363572}}