{"mean":{"confidence_interval":{"confidence_level":0.95,"lower_bound":-0.07946725566925252,"upper_bound":-0.04269216465979509},"point_estimate":-0.060923558023298185,"standard_error":0.009370671095608919},"median":{"confidence_interval":{"confidence_level":0.95,"lower_bound":-0.07256848873896993,"upper_bound":-0.04646259473518233},"point_estimate":-0.05821900320014184,"standard_error":0.006904030067915119}}