{"mean":{"confidence_interval":{"confidence_level":0.95,"lower_bound":-0.00862200434557458,"upper_bound":0.03511840294906457},"point_estimate":0.012925121219859337,"standard_error":0.01117155371439549},"median":{"confidence_interval":{"confidence_level":0.95,"lower_bound":0.0044183159755515925,"upper_bound":0.05764877071499803},"point_estimate":0.03370876857968241,"standard_error":0.013428469902433062}}