{"mean":{"confidence_interval":{"confidence_level":0.95,"lower_bound":0.01967161338048898,"upper_bound":0.062431236417760744},"point_estimate":0.04051713594394135,"standard_error":0.01092452681261683},"median":{"confidence_interval":{"confidence_level":0.95,"lower_bound":0.010494125159492107,"upper_bound":0.05955985033197431},"point_estimate":0.03251054584910529,"standard_error":0.012744632951684013}}