{"mean":{"confidence_interval":{"confidence_level":0.95,"lower_bound":0.0052699227247787975,"upper_bound":0.045078288990639356},"point_estimate":0.024609359571134748,"standard_error":0.010193703791441832},"median":{"confidence_interval":{"confidence_level":0.95,"lower_bound":0.002613649150394943,"upper_bound":0.04623934065394728},"point_estimate":0.01660515887584757,"standard_error":0.011307495000391419}}