{"mean":{"confidence_interval":{"confidence_level":0.95,"lower_bound":-0.0977492569542126,"upper_bound":-0.058691082017818766},"point_estimate":-0.07892275915213653,"standard_error":0.010034770107030591},"median":{"confidence_interval":{"confidence_level":0.95,"lower_bound":-0.10574957252661954,"upper_bound":-0.059600745316559345},"point_estimate":-0.08291968558141682,"standard_error":0.01202911842069614}}