{"mean":{"confidence_interval":{"confidence_level":0.95,"lower_bound":14737198.366,"upper_bound":14821505.95325},"point_estimate":14777978.08,"standard_error":21561.042389137787},"median":{"confidence_interval":{"confidence_level":0.95,"lower_bound":14695368.5,"upper_bound":14769631.5},"point_estimate":14720959.0,"standard_error":20780.967864346134},"median_abs_dev":{"confidence_interval":{"confidence_level":0.95,"lower_bound":120106.16516768932,"upper_bound":220608.6521834135},"point_estimate":176732.58856236935,"standard_error":24692.548871840143},"slope":null,"std_dev":{"confidence_interval":{"confidence_level":0.95,"lower_bound":176047.4789380698,"upper_bound":255275.8713149395},"point_estimate":217917.74106214923,"standard_error":20323.37103840671}}