{"mean":{"confidence_interval":{"confidence_level":0.95,"lower_bound":13181772.734749999,"upper_bound":13231334.37575},"point_estimate":13205112.485,"standard_error":12676.132689008477},"median":{"confidence_interval":{"confidence_level":0.95,"lower_bound":13162695.5,"upper_bound":13190367.5},"point_estimate":13177949.0,"standard_error":8316.278891823611},"median_abs_dev":{"confidence_interval":{"confidence_level":0.95,"lower_bound":61534.57060754299,"upper_bound":111229.09782528877},"point_estimate":82626.0378330946,"standard_error":12382.681541976692},"slope":null,"std_dev":{"confidence_interval":{"confidence_level":0.95,"lower_bound":88638.5048494495,"upper_bound":170891.27827351284},"point_estimate":127919.7457147233,"standard_error":22229.186496966646}}