{"mean":{"confidence_interval":{"confidence_level":0.95,"lower_bound":13659374.822124999,"upper_bound":13733467.905749999},"point_estimate":13695764.355,"standard_error":18926.53208812583},"median":{"confidence_interval":{"confidence_level":0.95,"lower_bound":13621631.0,"upper_bound":13711503.0},"point_estimate":13669776.5,"standard_error":26942.646031744294},"median_abs_dev":{"confidence_interval":{"confidence_level":0.95,"lower_bound":129944.6615280211,"upper_bound":227678.05950790644},"point_estimate":169346.64614349604,"standard_error":24355.06391011524},"slope":null,"std_dev":{"confidence_interval":{"confidence_level":0.95,"lower_bound":156434.04148967986,"upper_bound":222673.11774808535},"point_estimate":189973.62840970312,"standard_error":16983.04689886277}}