{"mean":{"confidence_interval":{"confidence_level":0.95,"lower_bound":118404314.72950001,"upper_bound":119603374.91925},"point_estimate":119007673.4,"standard_error":306561.0111982121},"median":{"confidence_interval":{"confidence_level":0.95,"lower_bound":118614400.0,"upper_bound":119854389.0},"point_estimate":119142431.0,"standard_error":338167.57586405025},"median_abs_dev":{"confidence_interval":{"confidence_level":0.95,"lower_bound":2104843.4761315584,"upper_bound":3491552.5900125504},"point_estimate":2819777.6463389397,"standard_error":348671.95225508086},"slope":null,"std_dev":{"confidence_interval":{"confidence_level":0.95,"lower_bound":2619031.3568138406,"upper_bound":3477238.3366805743},"point_estimate":3072667.3349868204,"standard_error":219224.64879945628}}