{"mean":{"confidence_interval":{"confidence_level":0.95,"lower_bound":53979.28178841929,"upper_bound":54126.914685723765},"point_estimate":54039.49162091948,"standard_error":38.79431020092599},"median":{"confidence_interval":{"confidence_level":0.95,"lower_bound":53934.875342465755,"upper_bound":54029.2629394696},"point_estimate":53967.6488277199,"standard_error":27.66601576887504},"median_abs_dev":{"confidence_interval":{"confidence_level":0.95,"lower_bound":56.462687490735796,"upper_bound":148.83260974888532},"point_estimate":100.38703770777973,"standard_error":22.776112909104626},"slope":{"confidence_interval":{"confidence_level":0.95,"lower_bound":53933.986714273895,"upper_bound":54018.76934217967},"point_estimate":53969.53202256245,"standard_error":21.903479087230824},"std_dev":{"confidence_interval":{"confidence_level":0.95,"lower_bound":97.48259526632893,"upper_bound":440.3036136187018},"point_estimate":276.8926705586657,"standard_error":109.83090893702051}}