{"mean":{"confidence_interval":{"confidence_level":0.95,"lower_bound":0.008857343926234523,"upper_bound":0.02139810833035042},"point_estimate":0.014781094581297394,"standard_error":0.003275538217913148},"median":{"confidence_interval":{"confidence_level":0.95,"lower_bound":0.005889186002452362,"upper_bound":0.023393199446275714},"point_estimate":0.015438642070358277,"standard_error":0.004415330149740428}}