{"mean":{"confidence_interval":{"confidence_level":0.95,"lower_bound":0.03343860780074275,"upper_bound":0.04488528198710694},"point_estimate":0.03871538698647048,"standard_error":0.0029720709431800226},"median":{"confidence_interval":{"confidence_level":0.95,"lower_bound":0.02980130594615127,"upper_bound":0.04747696287911651},"point_estimate":0.03595104768013391,"standard_error":0.004502427066539255}}