{"mean":{"confidence_interval":{"confidence_level":0.95,"lower_bound":-0.007987844520253657,"upper_bound":0.008310961480843869},"point_estimate":-0.002050362220869406,"standard_error":0.004857028796047315},"median":{"confidence_interval":{"confidence_level":0.95,"lower_bound":-0.008525402800520845,"upper_bound":-0.006276460548516716},"point_estimate":-0.007066184086861105,"standard_error":0.0005750660779438189}}