{"mean":{"confidence_interval":{"confidence_level":0.95,"lower_bound":-0.0026256319436824068,"upper_bound":0.003549347808479289},"point_estimate":0.000559257813732561,"standard_error":0.0015263625130304496},"median":{"confidence_interval":{"confidence_level":0.95,"lower_bound":-0.0034730574695817085,"upper_bound":0.0035140152211354803},"point_estimate":0.0008415314908576388,"standard_error":0.0018034624117910338}}