{"mean":{"confidence_interval":{"confidence_level":0.95,"lower_bound":-0.007331296975234798,"upper_bound":0.010185881837591436},"point_estimate":0.0037186410004690362,"standard_error":0.005080584766687548},"median":{"confidence_interval":{"confidence_level":0.95,"lower_bound":0.0059253665054466165,"upper_bound":0.010760840478687417},"point_estimate":0.00834418002924453,"standard_error":0.0012331229715010375}}