{"mean":{"confidence_interval":{"confidence_level":0.95,"lower_bound":-0.05587618071231486,"upper_bound":-0.043078327152030825},"point_estimate":-0.049398072456833364,"standard_error":0.0032813388356412623},"median":{"confidence_interval":{"confidence_level":0.95,"lower_bound":-0.0575417925803251,"upper_bound":-0.0401230258812042},"point_estimate":-0.04998971234497984,"standard_error":0.004491379664626918}}