{"mean":{"confidence_interval":{"confidence_level":0.95,"lower_bound":0.021383317685587155,"upper_bound":0.027293857779444246},"point_estimate":0.024365284914660723,"standard_error":0.0015062219956902066},"median":{"confidence_interval":{"confidence_level":0.95,"lower_bound":0.021544049511676544,"upper_bound":0.02815806830227796},"point_estimate":0.024357360192350797,"standard_error":0.0017496147731227254}}