{"mean":{"confidence_interval":{"confidence_level":0.95,"lower_bound":-0.039816337080641834,"upper_bound":-0.02928271495094916},"point_estimate":-0.034256965723145516,"standard_error":0.0027076847596603382},"median":{"confidence_interval":{"confidence_level":0.95,"lower_bound":-0.04134086647060875,"upper_bound":-0.027411800367629358},"point_estimate":-0.0325973561619749,"standard_error":0.003946535350755183}}