{"mean":{"confidence_interval":{"confidence_level":0.95,"lower_bound":-0.05624874828429128,"upper_bound":-0.05149262424613095},"point_estimate":-0.05372558065102828,"standard_error":0.0012157509293007753},"median":{"confidence_interval":{"confidence_level":0.95,"lower_bound":-0.056114068529695915,"upper_bound":-0.05234189527446442},"point_estimate":-0.05425311075248407,"standard_error":0.0009803459098786888}}