{"mean":{"confidence_interval":{"confidence_level":0.95,"lower_bound":-0.00956662533725146,"upper_bound":-0.006003854228342914},"point_estimate":-0.00797279006480034,"standard_error":0.0008740586210852703},"median":{"confidence_interval":{"confidence_level":0.95,"lower_bound":-0.009603632427182096,"upper_bound":-0.0058438796525432934},"point_estimate":-0.00813999713417457,"standard_error":0.0009479178069261068}}