{"mean":{"confidence_interval":{"confidence_level":0.95,"lower_bound":-0.017728364694420195,"upper_bound":0.002346256172802422},"point_estimate":-0.0057284455738775275,"standard_error":0.005469107072946114},"median":{"confidence_interval":{"confidence_level":0.95,"lower_bound":-0.0056535470455811865,"upper_bound":0.0038099943084026755},"point_estimate":-0.0014141171196477842,"standard_error":0.0026007153788620025}}