{"mean":{"confidence_interval":{"confidence_level":0.95,"lower_bound":-0.23361874591080753,"upper_bound":-0.22822562663168874},"point_estimate":-0.2308762568427375,"standard_error":0.0013823056861930957},"median":{"confidence_interval":{"confidence_level":0.95,"lower_bound":-0.23377231581852165,"upper_bound":-0.22771285363188842},"point_estimate":-0.23220485451818573,"standard_error":0.0014477021026301485}}