{"mean":{"confidence_interval":{"confidence_level":0.95,"lower_bound":0.08387111343862735,"upper_bound":0.10574238992550976},"point_estimate":0.09255880282895923,"standard_error":0.0061556194907578165},"median":{"confidence_interval":{"confidence_level":0.95,"lower_bound":0.08133062020505832,"upper_bound":0.09199465519648986},"point_estimate":0.08736609057063283,"standard_error":0.00449479958469519}}