{"mean":{"confidence_interval":{"confidence_level":0.95,"lower_bound":0.012613587898365081,"upper_bound":0.015982306653197616},"point_estimate":0.014396972042747924,"standard_error":0.0008617389291099608},"median":{"confidence_interval":{"confidence_level":0.95,"lower_bound":0.014814122653404649,"upper_bound":0.017697751561750463},"point_estimate":0.0163545349065517,"standard_error":0.0007192932307227141}}