{"mean":{"confidence_interval":{"confidence_level":0.95,"lower_bound":-0.004443507699223029,"upper_bound":-0.000027875802896739372},"point_estimate":-0.0023238732913837268,"standard_error":0.0011271676347444225},"median":{"confidence_interval":{"confidence_level":0.95,"lower_bound":-0.0040823989524236826,"upper_bound":0.0003111121955889917},"point_estimate":-0.0013751011489210319,"standard_error":0.0011522560516334251}}