{"mean":{"confidence_interval":{"confidence_level":0.95,"lower_bound":-0.0006235674943784127,"upper_bound":0.0036388203867801605},"point_estimate":0.0015520467829674978,"standard_error":0.0010796739655505223},"median":{"confidence_interval":{"confidence_level":0.95,"lower_bound":-0.0007285757546110494,"upper_bound":0.004660621757840655},"point_estimate":0.0020319992232760153,"standard_error":0.0014108812595125884}}