{"mean":{"confidence_interval":{"confidence_level":0.95,"lower_bound":-0.07025371480631737,"upper_bound":-0.04917554410201288},"point_estimate":-0.05903145040220248,"standard_error":0.005359592010556435},"median":{"confidence_interval":{"confidence_level":0.95,"lower_bound":-0.05617675906384878,"upper_bound":-0.049948832153588696},"point_estimate":-0.05204333696088581,"standard_error":0.0016252111817210999}}