{"mean":{"confidence_interval":{"confidence_level":0.95,"lower_bound":-0.040117131647396526,"upper_bound":-0.03597871144708882},"point_estimate":-0.0381041497004847,"standard_error":0.0010640493290157672},"median":{"confidence_interval":{"confidence_level":0.95,"lower_bound":-0.0412154532706317,"upper_bound":-0.036441266355346724},"point_estimate":-0.03926636186227861,"standard_error":0.0012307708222352941}}