{"mean":{"confidence_interval":{"confidence_level":0.95,"lower_bound":0.009032479113882603,"upper_bound":0.027248912658894665},"point_estimate":0.017192164151591305,"standard_error":0.004864671995066592},"median":{"confidence_interval":{"confidence_level":0.95,"lower_bound":0.005877684460282362,"upper_bound":0.011459146030607612},"point_estimate":0.007506614445556226,"standard_error":0.0013900108320875567}}