{"mean":{"confidence_interval":{"confidence_level":0.95,"lower_bound":0.0480649558037569,"upper_bound":0.05393496084750769},"point_estimate":0.051051342562484336,"standard_error":0.0015007821263642801},"median":{"confidence_interval":{"confidence_level":0.95,"lower_bound":0.04688944106599391,"upper_bound":0.05620175050640565},"point_estimate":0.05157373282181954,"standard_error":0.0029878995080907396}}