{"mean":{"confidence_interval":{"confidence_level":0.95,"lower_bound":-0.021776832631181305,"upper_bound":-0.018301456876570327},"point_estimate":-0.02001615056284478,"standard_error":0.0008875650171431567},"median":{"confidence_interval":{"confidence_level":0.95,"lower_bound":-0.02173530490311948,"upper_bound":-0.01830975203284879},"point_estimate":-0.019994171058897003,"standard_error":0.0008756322301376776}}