{"mean":{"confidence_interval":{"confidence_level":0.95,"lower_bound":0.002421178529957103,"upper_bound":0.0072561630571102926},"point_estimate":0.004753829416170641,"standard_error":0.0012272351705529436},"median":{"confidence_interval":{"confidence_level":0.95,"lower_bound":0.0011628155428264897,"upper_bound":0.006674887816710327},"point_estimate":0.004201454593331766,"standard_error":0.0014075923109371264}}