{"mean":{"confidence_interval":{"confidence_level":0.95,"lower_bound":0.03645385535669627,"upper_bound":0.0503757790543473},"point_estimate":0.044833979115602274,"standard_error":0.003704762149716456},"median":{"confidence_interval":{"confidence_level":0.95,"lower_bound":0.04445197419860958,"upper_bound":0.050512753478131334},"point_estimate":0.04743337229009392,"standard_error":0.001481174889433165}}