{"mean":{"confidence_interval":{"confidence_level":0.95,"lower_bound":29264163.003250003,"upper_bound":29517705.614625},"point_estimate":29390974.58,"standard_error":64623.903093971094},"median":{"confidence_interval":{"confidence_level":0.95,"lower_bound":29266096.0,"upper_bound":29534835.0},"point_estimate":29412515.0,"standard_error":69553.73657115322},"median_abs_dev":{"confidence_interval":{"confidence_level":0.95,"lower_bound":403438.43313753605,"upper_bound":680944.0832108259},"point_estimate":520860.7217028737,"standard_error":72544.26624934589},"slope":null,"std_dev":{"confidence_interval":{"confidence_level":0.95,"lower_bound":538665.6570925039,"upper_bound":749387.876640904},"point_estimate":648699.8499024905,"standard_error":53852.096302854785}}