{"mean":{"confidence_interval":{"confidence_level":0.95,"lower_bound":11385758.2449,"upper_bound":11553896.655399999},"point_estimate":11469237.228,"standard_error":42827.1732981804},"median":{"confidence_interval":{"confidence_level":0.95,"lower_bound":11372642.0,"upper_bound":11546188.5},"point_estimate":11440795.5,"standard_error":49506.71960750036},"median_abs_dev":{"confidence_interval":{"confidence_level":0.95,"lower_bound":306313.6053818467,"upper_bound":487143.95201146684},"point_estimate":396627.9618984466,"standard_error":45997.50560147449},"slope":null,"std_dev":{"confidence_interval":{"confidence_level":0.95,"lower_bound":363175.09961511,"upper_bound":493121.2404277485},"point_estimate":430618.75796824315,"standard_error":33197.46246497934}}