{"mean":{"confidence_interval":{"confidence_level":0.95,"lower_bound":169695039.5225,"upper_bound":170893645.75},"point_estimate":170240318.8,"standard_error":308589.59962441213},"median":{"confidence_interval":{"confidence_level":0.95,"lower_bound":169417350.5,"upper_bound":170920933.25},"point_estimate":170017540.25,"standard_error":308125.49066574615},"median_abs_dev":{"confidence_interval":{"confidence_level":0.95,"lower_bound":158014.02259469032,"upper_bound":1595020.3405827284},"point_estimate":695354.213654995,"standard_error":374817.3143886951},"slope":null,"std_dev":{"confidence_interval":{"confidence_level":0.95,"lower_bound":383478.08128977526,"upper_bound":1362066.8111921034},"point_estimate":1025545.8536272064,"standard_error":260513.0665955077}}