{"mean":{"confidence_interval":{"confidence_level":0.95,"lower_bound":122228691.41250001,"upper_bound":122468800.0445},"point_estimate":122346097.16,"standard_error":61225.242556360135},"median":{"confidence_interval":{"confidence_level":0.95,"lower_bound":122188894.0,"upper_bound":122380019.0},"point_estimate":122274382.0,"standard_error":45905.36435817486},"median_abs_dev":{"confidence_interval":{"confidence_level":0.95,"lower_bound":345735.64216196537,"upper_bound":716306.5388730166},"point_estimate":529255.5734038353,"standard_error":98628.71167599499},"slope":null,"std_dev":{"confidence_interval":{"confidence_level":0.95,"lower_bound":499370.20307259203,"upper_bound":723414.5471761089},"point_estimate":614530.637246016,"standard_error":57478.677358927554}}