{"mean":{"confidence_interval":{"confidence_level":0.95,"lower_bound":167674283.30375,"upper_bound":168661986.495},"point_estimate":168192019.95,"standard_error":254071.94464136305},"median":{"confidence_interval":{"confidence_level":0.95,"lower_bound":167540208.25,"upper_bound":168950223.5},"point_estimate":168216785.5,"standard_error":360097.87189918366},"median_abs_dev":{"confidence_interval":{"confidence_level":0.95,"lower_bound":72445.39446383715,"upper_bound":1494864.781960845},"point_estimate":1026707.5241222978,"standard_error":385530.7382419251},"slope":null,"std_dev":{"confidence_interval":{"confidence_level":0.95,"lower_bound":421395.0731488097,"upper_bound":1044639.7049180481},"point_estimate":847492.7375764039,"standard_error":157003.43177147413}}