{"mean":{"confidence_interval":{"confidence_level":0.95,"lower_bound":3369497.001466666,"upper_bound":3377740.6963333325},"point_estimate":3373527.029333334,"standard_error":2096.5504095905617},"median":{"confidence_interval":{"confidence_level":0.95,"lower_bound":3367155.3,"upper_bound":3375736.7333333334},"point_estimate":3369985.9333333336,"standard_error":2254.430805910123},"median_abs_dev":{"confidence_interval":{"confidence_level":0.95,"lower_bound":12500.24515807601,"upper_bound":21947.915810346374},"point_estimate":17743.31170499318,"standard_error":2471.5479869373635},"slope":null,"std_dev":{"confidence_interval":{"confidence_level":0.95,"lower_bound":16423.833329246052,"upper_bound":25707.786250637524},"point_estimate":21091.076840918395,"standard_error":2393.3544146494933}}