{"mean":{"confidence_interval":{"confidence_level":0.95,"lower_bound":3350651.6652333336,"upper_bound":3356537.15315},"point_estimate":3353555.536666668,"standard_error":1509.277423447725},"median":{"confidence_interval":{"confidence_level":0.95,"lower_bound":3349778.533333333,"upper_bound":3354352.4},"point_estimate":3352512.6,"standard_error":1235.8502229149876},"median_abs_dev":{"confidence_interval":{"confidence_level":0.95,"lower_bound":7227.834251179748,"upper_bound":20517.898715734435},"point_estimate":17834.343343376906,"standard_error":3358.0110408004816},"slope":null,"std_dev":{"confidence_interval":{"confidence_level":0.95,"lower_bound":12443.708639371156,"upper_bound":17915.695917499554},"point_estimate":15174.921134711129,"standard_error":1406.2753810913957}}