{"mean":{"confidence_interval":{"confidence_level":0.95,"lower_bound":3343497.0693833334,"upper_bound":3346859.3228499996},"point_estimate":3345174.9393333322,"standard_error":857.6138959596207},"median":{"confidence_interval":{"confidence_level":0.95,"lower_bound":3342241.8,"upper_bound":3345115.2333333334},"point_estimate":3343579.3,"standard_error":742.5921340926911},"median_abs_dev":{"confidence_interval":{"confidence_level":0.95,"lower_bound":3837.660611868089,"upper_bound":7383.968089907883},"point_estimate":5087.887749672028,"standard_error":936.7445534301505},"slope":null,"std_dev":{"confidence_interval":{"confidence_level":0.95,"lower_bound":7275.915686855367,"upper_bound":9774.02956377656},"point_estimate":8602.715572387746,"standard_error":638.4352803265749}}