{"mean":{"confidence_interval":{"confidence_level":0.95,"lower_bound":3359920.9635999985,"upper_bound":3365911.937166667},"point_estimate":3362759.5713333352,"standard_error":1526.5689980606774},"median":{"confidence_interval":{"confidence_level":0.95,"lower_bound":3359001.8333333335,"upper_bound":3362879.4000000004},"point_estimate":3360958.9333333336,"standard_error":864.8623127029925},"median_abs_dev":{"confidence_interval":{"confidence_level":0.95,"lower_bound":7052.579814791541,"upper_bound":11194.519361257691},"point_estimate":8728.411985039458,"standard_error":1051.309662155251},"slope":null,"std_dev":{"confidence_interval":{"confidence_level":0.95,"lower_bound":10547.053521066993,"upper_bound":20639.158851508822},"point_estimate":15369.702039916148,"standard_error":2696.1436472798605}}