{"mean":{"confidence_interval":{"confidence_level":0.95,"lower_bound":113111534.22375,"upper_bound":114145611.468},"point_estimate":113629205.83,"standard_error":263749.4589605018},"median":{"confidence_interval":{"confidence_level":0.95,"lower_bound":112819674.5,"upper_bound":114520333.0},"point_estimate":113502576.0,"standard_error":465785.72991152195},"median_abs_dev":{"confidence_interval":{"confidence_level":0.95,"lower_bound":2401984.6802562475,"upper_bound":3598205.64301908},"point_estimate":2922739.7667109966,"standard_error":308955.56389302795},"slope":null,"std_dev":{"confidence_interval":{"confidence_level":0.95,"lower_bound":2307030.018031884,"upper_bound":2975830.246185581},"point_estimate":2653822.200704977,"standard_error":170920.61224350118}}