{"mean":{"confidence_interval":{"confidence_level":0.95,"lower_bound":118955645.033125,"upper_bound":120961693.05937499},"point_estimate":119981357.175,"standard_error":511035.6187308636},"median":{"confidence_interval":{"confidence_level":0.95,"lower_bound":119376612.5,"upper_bound":121979445.5},"point_estimate":120956188.0,"standard_error":764451.8202166746},"median_abs_dev":{"confidence_interval":{"confidence_level":0.95,"lower_bound":1749897.1816331148,"upper_bound":4739152.313563228},"point_estimate":3028548.4790325165,"standard_error":788737.0485751573},"slope":null,"std_dev":{"confidence_interval":{"confidence_level":0.95,"lower_bound":2633331.793047262,"upper_bound":3755650.953501106},"point_estimate":3273070.1228686306,"standard_error":284822.2714787186}}