{"mean":{"confidence_interval":{"confidence_level":0.95,"lower_bound":181920547.665,"upper_bound":185438840.9},"point_estimate":183250767.85,"standard_error":988252.4019182023},"median":{"confidence_interval":{"confidence_level":0.95,"lower_bound":181504405.0,"upper_bound":182938895.0},"point_estimate":182453947.0,"standard_error":428413.7863184609},"median_abs_dev":{"confidence_interval":{"confidence_level":0.95,"lower_bound":59934.474585950375,"upper_bound":1825307.4053943157},"point_estimate":724945.4265296459,"standard_error":476997.22217551275},"slope":null,"std_dev":{"confidence_interval":{"confidence_level":0.95,"lower_bound":481948.95778138854,"upper_bound":5057062.8832404595},"point_estimate":3298416.6050042524,"standard_error":1587940.4264781575}}