{"mean":{"confidence_interval":{"confidence_level":0.95,"lower_bound":9521153.435833331,"upper_bound":9640509.165333336},"point_estimate":9580807.246666668,"standard_error":30405.084522318404},"median":{"confidence_interval":{"confidence_level":0.95,"lower_bound":9531408.0,"upper_bound":9654503.333333334},"point_estimate":9587873.75,"standard_error":36950.05826553822},"median_abs_dev":{"confidence_interval":{"confidence_level":0.95,"lower_bound":187595.1043695202,"upper_bound":332628.0993446717},"point_estimate":246510.1679235692,"standard_error":36177.69050826488},"slope":null,"std_dev":{"confidence_interval":{"confidence_level":0.95,"lower_bound":257673.17238033653,"upper_bound":348249.0155051049},"point_estimate":305286.9872917913,"standard_error":23173.052471866686}}