{"mean":{"confidence_interval":{"confidence_level":0.95,"lower_bound":10195470.660649998,"upper_bound":10352626.024949998},"point_estimate":10274862.659999998,"standard_error":40011.1374508565},"median":{"confidence_interval":{"confidence_level":0.95,"lower_bound":10216687.8,"upper_bound":10379510.8},"point_estimate":10271660.5,"standard_error":37631.39709232768},"median_abs_dev":{"confidence_interval":{"confidence_level":0.95,"lower_bound":265477.1682268373,"upper_bound":484773.27465355344},"point_estimate":375947.7679055926,"standard_error":57277.21290209226},"slope":null,"std_dev":{"confidence_interval":{"confidence_level":0.95,"lower_bound":338454.0713560371,"upper_bound":461943.67527908104},"point_estimate":402210.94593980507,"standard_error":31561.8308832431}}