{"mean":{"confidence_interval":{"confidence_level":0.95,"lower_bound":328835.56118597585,"upper_bound":331777.2226438034},"point_estimate":330218.7286948815,"standard_error":753.2478120202892},"median":{"confidence_interval":{"confidence_level":0.95,"lower_bound":327890.65555555554,"upper_bound":330985.60058340535},"point_estimate":329590.2149509804,"standard_error":852.9350164645242},"median_abs_dev":{"confidence_interval":{"confidence_level":0.95,"lower_bound":3631.349741549642,"upper_bound":5862.863425543083},"point_estimate":4944.873411835032,"standard_error":559.329410562452},"slope":{"confidence_interval":{"confidence_level":0.95,"lower_bound":328383.58151179086,"upper_bound":330580.7404313729},"point_estimate":329453.97846904094,"standard_error":561.618125256808},"std_dev":{"confidence_interval":{"confidence_level":0.95,"lower_bound":4964.039172955455,"upper_bound":10068.56787318634},"point_estimate":7555.504131357369,"standard_error":1327.9109452891232}}