{"mean":{"confidence_interval":{"confidence_level":0.95,"lower_bound":1209858.3800000006,"upper_bound":1254303.9390000002},"point_estimate":1229060.3000000003,"standard_error":11420.862849332376},"median":{"confidence_interval":{"confidence_level":0.95,"lower_bound":1196724.0,"upper_bound":1235470.6666666667},"point_estimate":1224115.0,"standard_error":11035.324618095801},"median_abs_dev":{"confidence_interval":{"confidence_level":0.95,"lower_bound":35767.23016500467,"upper_bound":68007.9480326173},"point_estimate":52707.91166424751,"standard_error":8404.512854988085},"slope":null,"std_dev":{"confidence_interval":{"confidence_level":0.95,"lower_bound":39749.13078660022,"upper_bound":124221.62192468587},"point_estimate":81219.13146873882,"standard_error":26583.169578199526}}