{"mean":{"confidence_interval":{"confidence_level":0.95,"lower_bound":1045002.5662499999,"upper_bound":1064868.0103749998},"point_estimate":1054294.085,"standard_error":5038.528996296571},"median":{"confidence_interval":{"confidence_level":0.95,"lower_bound":1035641.0,"upper_bound":1054168.0},"point_estimate":1048222.5,"standard_error":4252.933310741747},"median_abs_dev":{"confidence_interval":{"confidence_level":0.95,"lower_bound":28021.13950252533,"upper_bound":47435.99001534278},"point_estimate":37328.16083729267,"standard_error":4893.888192912373},"slope":null,"std_dev":{"confidence_interval":{"confidence_level":0.95,"lower_bound":34597.45036203683,"upper_bound":67112.22073306853},"point_estimate":50791.86683163655,"standard_error":8504.107470522078}}