{"mean":{"confidence_interval":{"confidence_level":0.95,"lower_bound":1159312.5053333335,"upper_bound":1189001.6096666672},"point_estimate":1173688.1,"standard_error":7596.290477567607},"median":{"confidence_interval":{"confidence_level":0.95,"lower_bound":1146799.3333333333,"upper_bound":1178832.5},"point_estimate":1163254.6666666665,"standard_error":8495.926257689352},"median_abs_dev":{"confidence_interval":{"confidence_level":0.95,"lower_bound":31329.80844378483,"upper_bound":66619.39431726944},"point_estimate":42411.50194704509,"standard_error":9216.690216960349},"slope":null,"std_dev":{"confidence_interval":{"confidence_level":0.95,"lower_bound":41642.43785375045,"upper_bound":65117.06219002698},"point_estimate":54273.860770957326,"standard_error":6041.495971322684}}