{"mean":{"confidence_interval":{"confidence_level":0.95,"lower_bound":-0.05661476811266673,"upper_bound":-0.046517541545690384},"point_estimate":-0.05069103976033029,"standard_error":0.0026843034182096777},"median":{"confidence_interval":{"confidence_level":0.95,"lower_bound":-0.05184003571014091,"upper_bound":-0.04524087285604372},"point_estimate":-0.04792304158858196,"standard_error":0.0016028890567248654}}