{"mean":{"confidence_interval":{"confidence_level":0.95,"lower_bound":-0.061919259748834964,"upper_bound":-0.05554118345317576},"point_estimate":-0.058813522537699225,"standard_error":0.0016235668086659256},"median":{"confidence_interval":{"confidence_level":0.95,"lower_bound":-0.061880118691144625,"upper_bound":-0.0556580642351161},"point_estimate":-0.05857296272176715,"standard_error":0.0016175655732739683}}