{"mean":{"confidence_interval":{"confidence_level":0.95,"lower_bound":-0.050441145344803553,"upper_bound":-0.04398714553368876},"point_estimate":-0.04748228605233207,"standard_error":0.001630016015128791},"median":{"confidence_interval":{"confidence_level":0.95,"lower_bound":-0.05331199120310126,"upper_bound":-0.04960628263733194},"point_estimate":-0.05162392888108336,"standard_error":0.0009258058157170688}}