{"mean":{"confidence_interval":{"confidence_level":0.95,"lower_bound":-0.25541083982707913,"upper_bound":-0.2471647779120928},"point_estimate":-0.2519353601113642,"standard_error":0.0022012449473834774},"median":{"confidence_interval":{"confidence_level":0.95,"lower_bound":-0.2566410382080322,"upper_bound":-0.25088957274943713},"point_estimate":-0.25452716491620875,"standard_error":0.001514064105788235}}