{"mean":{"confidence_interval":{"confidence_level":0.95,"lower_bound":-0.004104639007156149,"upper_bound":0.0036931550001281658},"point_estimate":-0.000039698571509538816,"standard_error":0.001985353014709846},"median":{"confidence_interval":{"confidence_level":0.95,"lower_bound":-0.004747890944970856,"upper_bound":0.0042603122989959274},"point_estimate":0.0011725011991579048,"standard_error":0.002423554499974378}}