{"mean":{"confidence_interval":{"confidence_level":0.95,"lower_bound":0.049751946630607564,"upper_bound":0.056327517780559805},"point_estimate":0.05300539429942441,"standard_error":0.0016855501401898227},"median":{"confidence_interval":{"confidence_level":0.95,"lower_bound":0.049528281823537856,"upper_bound":0.057746390802101644},"point_estimate":0.052893388281232356,"standard_error":0.0021744307764808143}}