{"mean":{"confidence_interval":{"confidence_level":0.95,"lower_bound":53609613.81125,"upper_bound":54027688.93525001},"point_estimate":53809186.95,"standard_error":106550.2649385729},"median":{"confidence_interval":{"confidence_level":0.95,"lower_bound":53481159.0,"upper_bound":53769626.5},"point_estimate":53667922.0,"standard_error":74822.1609412876},"median_abs_dev":{"confidence_interval":{"confidence_level":0.95,"lower_bound":521175.403547287,"upper_bound":893164.184743166},"point_estimate":696562.532633543,"standard_error":96508.75733245586},"slope":null,"std_dev":{"confidence_interval":{"confidence_level":0.95,"lower_bound":796939.313305552,"upper_bound":1309989.9956202975},"point_estimate":1071976.232930962,"standard_error":130944.1485617638}}