{"mean":{"confidence_interval":{"confidence_level":0.95,"lower_bound":52938092.1985,"upper_bound":54101494.97225},"point_estimate":53429890.56,"standard_error":301785.8564101915},"median":{"confidence_interval":{"confidence_level":0.95,"lower_bound":52788825.5,"upper_bound":53130735.0},"point_estimate":52905199.5,"standard_error":106370.43004360473},"median_abs_dev":{"confidence_interval":{"confidence_level":0.95,"lower_bound":627230.2274644375,"upper_bound":1040556.119826436},"point_estimate":838528.1518131495,"standard_error":110818.04309320166},"slope":null,"std_dev":{"confidence_interval":{"confidence_level":0.95,"lower_bound":900141.9959022022,"upper_bound":4695264.0778620895},"point_estimate":3036979.024947622,"standard_error":1031517.6919675174}}