{"mean":{"confidence_interval":{"confidence_level":0.95,"lower_bound":53659589.67325,"upper_bound":53995970.457},"point_estimate":53825092.42,"standard_error":86272.45675858227},"median":{"confidence_interval":{"confidence_level":0.95,"lower_bound":53615132.5,"upper_bound":54019906.5},"point_estimate":53852609.5,"standard_error":108004.56675765562},"median_abs_dev":{"confidence_interval":{"confidence_level":0.95,"lower_bound":505725.97052156925,"upper_bound":877032.0144295692},"point_estimate":646373.5583245754,"standard_error":96706.40660710032},"slope":null,"std_dev":{"confidence_interval":{"confidence_level":0.95,"lower_bound":697558.0432915343,"upper_bound":1011510.672354345},"point_estimate":862797.5151488639,"standard_error":80516.77194378425}}