{"mean":{"confidence_interval":{"confidence_level":0.95,"lower_bound":-0.045423654087680745,"upper_bound":-0.03335298896903964},"point_estimate":-0.03873981866369958,"standard_error":0.003115633062054439},"median":{"confidence_interval":{"confidence_level":0.95,"lower_bound":-0.044844902505279616,"upper_bound":-0.031111410917803894},"point_estimate":-0.037305784444664036,"standard_error":0.004322483341926396}}