{"mean":{"confidence_interval":{"confidence_level":0.95,"lower_bound":-0.010847029575015477,"upper_bound":0.0002295191206613582},"point_estimate":-0.005343994142759656,"standard_error":0.002841520008184445},"median":{"confidence_interval":{"confidence_level":0.95,"lower_bound":-0.013241080103357561,"upper_bound":-0.001660476949398346},"point_estimate":-0.00607967064219761,"standard_error":0.0028823040115997255}}