{"mean":{"confidence_interval":{"confidence_level":0.95,"lower_bound":0.05665128864344259,"upper_bound":0.06750179845364848},"point_estimate":0.06222326997981531,"standard_error":0.002765811793743082},"median":{"confidence_interval":{"confidence_level":0.95,"lower_bound":0.058080620668621075,"upper_bound":0.06806268367880741},"point_estimate":0.06339823643108189,"standard_error":0.0025202653363296484}}