{"mean":{"confidence_interval":{"confidence_level":0.95,"lower_bound":-0.021004200297357244,"upper_bound":-0.010860974922186182},"point_estimate":-0.016109648113387443,"standard_error":0.002581592445983398},"median":{"confidence_interval":{"confidence_level":0.95,"lower_bound":-0.02278932914530929,"upper_bound":-0.011060610483813793},"point_estimate":-0.018119737652133927,"standard_error":0.0029843272571078577}}