{"mean":{"confidence_interval":{"confidence_level":0.95,"lower_bound":-0.00964475288610369,"upper_bound":0.009503248890426079},"point_estimate":0.00016944395743823115,"standard_error":0.00489451146297634},"median":{"confidence_interval":{"confidence_level":0.95,"lower_bound":-0.009632325175157552,"upper_bound":0.013145157029015087},"point_estimate":0.0005846164165554946,"standard_error":0.005789532590608202}}