{"mean":{"confidence_interval":{"confidence_level":0.95,"lower_bound":-0.04815653541915275,"upper_bound":-0.030866892329818336},"point_estimate":-0.03871533838371066,"standard_error":0.004465387527712788},"median":{"confidence_interval":{"confidence_level":0.95,"lower_bound":-0.04076419994190561,"upper_bound":-0.027446848030630244},"point_estimate":-0.03359362154955581,"standard_error":0.00341870425597684}}