{"mean":{"confidence_interval":{"confidence_level":0.95,"lower_bound":0.025912683956696825,"upper_bound":0.044087944198289895},"point_estimate":0.03402848852053686,"standard_error":0.004744558545145754},"median":{"confidence_interval":{"confidence_level":0.95,"lower_bound":0.024077730956728827,"upper_bound":0.03586497516503262},"point_estimate":0.027634680974781167,"standard_error":0.002981501155281436}}