{"mean":{"confidence_interval":{"confidence_level":0.95,"lower_bound":1088335670.1075,"upper_bound":1093586898.7708333},"point_estimate":1090890147.8333333,"standard_error":1341538.2064856808},"median":{"confidence_interval":{"confidence_level":0.95,"lower_bound":1087532347.5,"upper_bound":1093290308.0},"point_estimate":1089536245.0,"standard_error":1511245.3990398338},"median_abs_dev":{"confidence_interval":{"confidence_level":0.95,"lower_bound":2960786.9885355304,"upper_bound":10177594.40241158},"point_estimate":5650990.586274862,"standard_error":2025821.1257300056},"slope":null,"std_dev":{"confidence_interval":{"confidence_level":0.95,"lower_bound":5220402.751409065,"upper_bound":9422269.298497006},"point_estimate":7494596.991511433,"standard_error":1084661.1894979465}}