{"mean":{"confidence_interval":{"confidence_level":0.95,"lower_bound":1584287358.71,"upper_bound":1591588722.7025},"point_estimate":1587934793.9,"standard_error":1881756.5129274765},"median":{"confidence_interval":{"confidence_level":0.95,"lower_bound":1582552771.5,"upper_bound":1593274967.0},"point_estimate":1588089706.0,"standard_error":2883854.6241659755},"median_abs_dev":{"confidence_interval":{"confidence_level":0.95,"lower_bound":1023234.9043339491,"upper_bound":11034743.268594146},"point_estimate":6082427.9199153185,"standard_error":2480709.93619825},"slope":null,"std_dev":{"confidence_interval":{"confidence_level":0.95,"lower_bound":3798021.594983865,"upper_bound":7668943.321895492},"point_estimate":6275558.469699471,"standard_error":996573.5657262551}}