{"mean":{"confidence_interval":{"confidence_level":0.95,"lower_bound":1599107016.1675,"upper_bound":1607371828.31},"point_estimate":1603383361.1,"standard_error":2113715.8203396183},"median":{"confidence_interval":{"confidence_level":0.95,"lower_bound":1598368725.5,"upper_bound":1610120739.0},"point_estimate":1603177274.0,"standard_error":3258454.64939834},"median_abs_dev":{"confidence_interval":{"confidence_level":0.95,"lower_bound":700943.6155557632,"upper_bound":12589052.896499634},"point_estimate":7910535.956659913,"standard_error":2899531.663926513},"slope":null,"std_dev":{"confidence_interval":{"confidence_level":0.95,"lower_bound":4096110.4037062293,"upper_bound":8918302.279219229},"point_estimate":7038593.517121971,"standard_error":1289158.0216758572}}