{"mean":{"confidence_interval":{"confidence_level":0.95,"lower_bound":-0.002451333803786876,"upper_bound":0.008702812205530402},"point_estimate":0.0032445205608726546,"standard_error":0.0028350136286226036},"median":{"confidence_interval":{"confidence_level":0.95,"lower_bound":-0.0034871855666532836,"upper_bound":0.012553487352455761},"point_estimate":0.0054727634116722434,"standard_error":0.004072752874346664}}