{"mean":{"confidence_interval":{"confidence_level":0.95,"lower_bound":-0.010791993052265574,"upper_bound":0.0011101673212459374},"point_estimate":-0.004790738142875339,"standard_error":0.00303220089791295},"median":{"confidence_interval":{"confidence_level":0.95,"lower_bound":-0.00892923795756384,"upper_bound":0.003362293577440253},"point_estimate":-0.0023301660098625776,"standard_error":0.002973889971843806}}