{"mean":{"confidence_interval":{"confidence_level":0.95,"lower_bound":-0.0052999537333398095,"upper_bound":0.004157913146086848},"point_estimate":-0.0007637367605868306,"standard_error":0.002409386178838547},"median":{"confidence_interval":{"confidence_level":0.95,"lower_bound":-0.006640117261534351,"upper_bound":0.0036286331822397155},"point_estimate":-0.00187240632628638,"standard_error":0.003119380251935534}}