{"mean":{"confidence_interval":{"confidence_level":0.95,"lower_bound":-0.00461995124906914,"upper_bound":0.007513176433067117},"point_estimate":0.001053980053330017,"standard_error":0.0030516209489779055},"median":{"confidence_interval":{"confidence_level":0.95,"lower_bound":-0.004477447850258831,"upper_bound":0.005581026117926102},"point_estimate":-0.000385223875296381,"standard_error":0.0026886766562067657}}