{"mean":{"confidence_interval":{"confidence_level":0.95,"lower_bound":0.00197313008513945,"upper_bound":0.01356435438171412},"point_estimate":0.008386661051975386,"standard_error":0.002975954383413636},"median":{"confidence_interval":{"confidence_level":0.95,"lower_bound":0.005008122695013384,"upper_bound":0.01634253495896565},"point_estimate":0.011461355751223312,"standard_error":0.0031560351337864404}}