{"mean":{"confidence_interval":{"confidence_level":0.95,"lower_bound":-0.006356324418301098,"upper_bound":0.0034894387889346555},"point_estimate":-0.001549849005306636,"standard_error":0.002507568346854026},"median":{"confidence_interval":{"confidence_level":0.95,"lower_bound":-0.012443788557236825,"upper_bound":0.0031805555449213596},"point_estimate":-0.006179440181176554,"standard_error":0.003913201386840805}}