{"mean":{"confidence_interval":{"confidence_level":0.95,"lower_bound":-0.0724754100547591,"upper_bound":-0.060197379698043764},"point_estimate":-0.06512960227119857,"standard_error":0.003237049966165749},"median":{"confidence_interval":{"confidence_level":0.95,"lower_bound":-0.0646348772949008,"upper_bound":-0.05970285138343878},"point_estimate":-0.06247749822821269,"standard_error":0.0012654284244941918}}