{"mean":{"confidence_interval":{"confidence_level":0.95,"lower_bound":0.01610691770256441,"upper_bound":0.020508323364707055},"point_estimate":0.018362092356017712,"standard_error":0.0011227732815332376},"median":{"confidence_interval":{"confidence_level":0.95,"lower_bound":0.01969698392958641,"upper_bound":0.024060768802304233},"point_estimate":0.021746142653998213,"standard_error":0.0010753492281038526}}