{"mean":{"confidence_interval":{"confidence_level":0.95,"lower_bound":0.004128410560891089,"upper_bound":0.02162549514612849},"point_estimate":0.012275931808726659,"standard_error":0.004450563156644287},"median":{"confidence_interval":{"confidence_level":0.95,"lower_bound":0.009412217049736604,"upper_bound":0.013509946365650283},"point_estimate":0.011297992565830084,"standard_error":0.0011530103333404825}}