{"mean":{"confidence_interval":{"confidence_level":0.95,"lower_bound":0.0440147136759639,"upper_bound":0.05373260076061782},"point_estimate":0.04804731416654073,"standard_error":0.002575793899051063},"median":{"confidence_interval":{"confidence_level":0.95,"lower_bound":0.04324428930550539,"upper_bound":0.04604040356802974},"point_estimate":0.04479933666781499,"standard_error":0.0006711962537637482}}