{"mean":{"confidence_interval":{"confidence_level":0.95,"lower_bound":-0.04407807170910014,"upper_bound":-0.04020146145976047},"point_estimate":-0.04210246138371698,"standard_error":0.0009742628516274099},"median":{"confidence_interval":{"confidence_level":0.95,"lower_bound":-0.0461537458001513,"upper_bound":-0.043455055895460615},"point_estimate":-0.04457473992468142,"standard_error":0.0006951259042015625}}