{"mean":{"confidence_interval":{"confidence_level":0.95,"lower_bound":-0.02118372938343705,"upper_bound":-0.016501413504399758},"point_estimate":-0.018642694203227728,"standard_error":0.0012004598727975212},"median":{"confidence_interval":{"confidence_level":0.95,"lower_bound":-0.018136056171041526,"upper_bound":-0.01621877176182207},"point_estimate":-0.017255982023758665,"standard_error":0.0005003443718096814}}