{"mean":{"confidence_interval":{"confidence_level":0.95,"lower_bound":112465296.3095,"upper_bound":113707930.73925},"point_estimate":113089616.45,"standard_error":315900.1295478813},"median":{"confidence_interval":{"confidence_level":0.95,"lower_bound":113003238.0,"upper_bound":114241838.0},"point_estimate":113537738.5,"standard_error":351190.92566395836},"median_abs_dev":{"confidence_interval":{"confidence_level":0.95,"lower_bound":2100525.4037082195,"upper_bound":3779848.602694273},"point_estimate":3136162.25682199,"standard_error":425929.69316866156},"slope":null,"std_dev":{"confidence_interval":{"confidence_level":0.95,"lower_bound":2668329.573257102,"upper_bound":3648782.8996763625},"point_estimate":3175189.809155941,"standard_error":250640.90645504798}}