{"mean":{"confidence_interval":{"confidence_level":0.95,"lower_bound":28714454.914499998,"upper_bound":28930924.77525},"point_estimate":28819821.32,"standard_error":55309.75784528958},"median":{"confidence_interval":{"confidence_level":0.95,"lower_bound":28684000.0,"upper_bound":28930023.5},"point_estimate":28804031.75,"standard_error":62001.0959570779},"median_abs_dev":{"confidence_interval":{"confidence_level":0.95,"lower_bound":344002.4827927351,"upper_bound":525982.7339619398},"point_estimate":432425.11587291956,"standard_error":46998.79900280962},"slope":null,"std_dev":{"confidence_interval":{"confidence_level":0.95,"lower_bound":422417.7178230438,"upper_bound":691115.3960645971},"point_estimate":556806.7864458724,"standard_error":69482.88548469276}}