{"mean":{"confidence_interval":{"confidence_level":0.95,"lower_bound":28761497.91425,"upper_bound":29007622.149749998},"point_estimate":28876684.81,"standard_error":62876.44413885121},"median":{"confidence_interval":{"confidence_level":0.95,"lower_bound":28748617.5,"upper_bound":28938390.75},"point_estimate":28830718.0,"standard_error":52902.09897244527},"median_abs_dev":{"confidence_interval":{"confidence_level":0.95,"lower_bound":352541.88799113035,"upper_bound":555964.9825796485},"point_estimate":450170.725607872,"standard_error":51229.4654793254},"slope":null,"std_dev":{"confidence_interval":{"confidence_level":0.95,"lower_bound":430071.97744792065,"upper_bound":860636.2166001578},"point_estimate":630030.1177580369,"standard_error":119783.31380514507}}