{"mean":{"confidence_interval":{"confidence_level":0.95,"lower_bound":27106687.216375,"upper_bound":27459819.948374998},"point_estimate":27264477.025,"standard_error":90625.26537469371},"median":{"confidence_interval":{"confidence_level":0.95,"lower_bound":26999724.5,"upper_bound":27262990.5},"point_estimate":27122822.25,"standard_error":70887.49521213442},"median_abs_dev":{"confidence_interval":{"confidence_level":0.95,"lower_bound":321283.4914460778,"upper_bound":496362.6103878021},"point_estimate":410388.8618141413,"standard_error":44258.83524920472},"slope":null,"std_dev":{"confidence_interval":{"confidence_level":0.95,"lower_bound":476060.8212317177,"upper_bound":1333010.6964951984},"point_estimate":910826.3871190714,"standard_error":233082.12031908694}}