{"mean":{"confidence_interval":{"confidence_level":0.95,"lower_bound":38869784.080875,"upper_bound":39152506.545125},"point_estimate":39011451.21,"standard_error":71917.60057130769},"median":{"confidence_interval":{"confidence_level":0.95,"lower_bound":38878142.5,"upper_bound":39181057.5},"point_estimate":39058136.75,"standard_error":78188.90414669519},"median_abs_dev":{"confidence_interval":{"confidence_level":0.95,"lower_bound":527875.2728283405,"upper_bound":802665.9116998315},"point_estimate":658064.2297670245,"standard_error":70925.59872946421},"slope":null,"std_dev":{"confidence_interval":{"confidence_level":0.95,"lower_bound":608274.7085670072,"upper_bound":827618.3399719629},"point_estimate":721552.2479183236,"standard_error":56139.351799701224}}