{"mean":{"confidence_interval":{"confidence_level":0.95,"lower_bound":37554775.227125004,"upper_bound":37818072.132625},"point_estimate":37685958.785,"standard_error":67181.79740794734},"median":{"confidence_interval":{"confidence_level":0.95,"lower_bound":37534778.25,"upper_bound":37838639.0},"point_estimate":37635484.5,"standard_error":85715.49044905452},"median_abs_dev":{"confidence_interval":{"confidence_level":0.95,"lower_bound":460597.1099227667,"upper_bound":688949.3817687035},"point_estimate":573080.4873257875,"standard_error":57690.16393704982},"slope":null,"std_dev":{"confidence_interval":{"confidence_level":0.95,"lower_bound":554550.1450369052,"upper_bound":786749.9086199935},"point_estimate":673917.4516896937,"standard_error":59355.44915769967}}