{"mean":{"confidence_interval":{"confidence_level":0.95,"lower_bound":-0.05870140551424648,"upper_bound":-0.03778391246711054},"point_estimate":-0.048150324680071965,"standard_error":0.005355892832117324},"median":{"confidence_interval":{"confidence_level":0.95,"lower_bound":-0.06870659483927755,"upper_bound":-0.03834769225760204},"point_estimate":-0.047392357923928596,"standard_error":0.007448794231864102}}