{"mean":{"confidence_interval":{"confidence_level":0.95,"lower_bound":0.16939063145447042,"upper_bound":0.19509996286982495},"point_estimate":0.18176282973703795,"standard_error":0.006754975108210915},"median":{"confidence_interval":{"confidence_level":0.95,"lower_bound":0.1636935870999443,"upper_bound":0.19945786721875236},"point_estimate":0.17028881269358043,"standard_error":0.00954953572553739}}