{"mean":{"confidence_interval":{"confidence_level":0.95,"lower_bound":-0.08689258151482876,"upper_bound":-0.07350299236417834},"point_estimate":-0.08054768013747216,"standard_error":0.0034036372973627626},"median":{"confidence_interval":{"confidence_level":0.95,"lower_bound":-0.09264313025121629,"upper_bound":-0.0799566046872896},"point_estimate":-0.08494053963916015,"standard_error":0.0031433085347644255}}