{"mean":{"confidence_interval":{"confidence_level":0.95,"lower_bound":-0.17836006565330245,"upper_bound":-0.16648466748631469},"point_estimate":-0.17229494444478988,"standard_error":0.0030396556949292214},"median":{"confidence_interval":{"confidence_level":0.95,"lower_bound":-0.1801444615010863,"upper_bound":-0.16485232887292434},"point_estimate":-0.17018472011405328,"standard_error":0.00377585062730587}}