{"mean":{"confidence_interval":{"confidence_level":0.95,"lower_bound":0.07606293782531258,"upper_bound":0.09277932151312303},"point_estimate":0.08463254697928568,"standard_error":0.004262494779833756},"median":{"confidence_interval":{"confidence_level":0.95,"lower_bound":0.0844888867533311,"upper_bound":0.1026367975173259},"point_estimate":0.09353738599103822,"standard_error":0.004708008471855145}}