{"mean":{"confidence_interval":{"confidence_level":0.95,"lower_bound":0.07370688667581257,"upper_bound":0.10210837386195376},"point_estimate":0.08805528815753494,"standard_error":0.007207682567985482},"median":{"confidence_interval":{"confidence_level":0.95,"lower_bound":0.0625734943417171,"upper_bound":0.10778888730534675},"point_estimate":0.10514379086003856,"standard_error":0.01562262686415451}}