{"mean":{"confidence_interval":{"confidence_level":0.95,"lower_bound":-0.056608052986037334,"upper_bound":-0.04138898642472928},"point_estimate":-0.048705625393593355,"standard_error":0.003886295386330136},"median":{"confidence_interval":{"confidence_level":0.95,"lower_bound":-0.0653589915390711,"upper_bound":-0.047494223538388836},"point_estimate":-0.05609746405194782,"standard_error":0.004687796997597291}}