{"mean":{"confidence_interval":{"confidence_level":0.95,"lower_bound":0.10373530315633499,"upper_bound":0.11450618168769114},"point_estimate":0.10999938624742511,"standard_error":0.0026466440842554404},"median":{"confidence_interval":{"confidence_level":0.95,"lower_bound":0.10511511037215682,"upper_bound":0.11596680619026256},"point_estimate":0.11199205449469862,"standard_error":0.0033151006880283215}}