{"mean":{"confidence_interval":{"confidence_level":0.95,"lower_bound":0.015651006154011316,"upper_bound":0.028774692627277915},"point_estimate":0.021895790552736605,"standard_error":0.0033491702928877915},"median":{"confidence_interval":{"confidence_level":0.95,"lower_bound":0.014081051066037853,"upper_bound":0.0286222660529174},"point_estimate":0.020552451052171294,"standard_error":0.003721320788976653}}