{"mean":{"confidence_interval":{"confidence_level":0.95,"lower_bound":0.03644470520266683,"upper_bound":0.05364483712955423},"point_estimate":0.04498123242342267,"standard_error":0.004433683636828532},"median":{"confidence_interval":{"confidence_level":0.95,"lower_bound":0.03263643370349434,"upper_bound":0.05738594350658355},"point_estimate":0.04085245250109959,"standard_error":0.005769298753774834}}