{"mean":{"confidence_interval":{"confidence_level":0.95,"lower_bound":-0.019127898744616366,"upper_bound":-0.005839131200803283},"point_estimate":-0.012490040632803012,"standard_error":0.0033878546718530723},"median":{"confidence_interval":{"confidence_level":0.95,"lower_bound":-0.02183184422963358,"upper_bound":-0.0055628526711977155},"point_estimate":-0.011959063239309953,"standard_error":0.0040791475748458116}}