{"mean":{"confidence_interval":{"confidence_level":0.95,"lower_bound":0.040415851121339955,"upper_bound":0.05361017935538039},"point_estimate":0.046951720854627066,"standard_error":0.003362237590436059},"median":{"confidence_interval":{"confidence_level":0.95,"lower_bound":0.03912870952810796,"upper_bound":0.056610960535103505},"point_estimate":0.05006345831008141,"standard_error":0.004565990781619872}}