{"mean":{"confidence_interval":{"confidence_level":0.95,"lower_bound":-0.19992723777590107,"upper_bound":-0.18979552117182547},"point_estimate":-0.19514146289879186,"standard_error":0.002581450706160642},"median":{"confidence_interval":{"confidence_level":0.95,"lower_bound":-0.20196167280949862,"upper_bound":-0.18945763362887003},"point_estimate":-0.1954912461943079,"standard_error":0.0032644605984771076}}