{"mean":{"confidence_interval":{"confidence_level":0.95,"lower_bound":-0.07614619837313463,"upper_bound":-0.05918081277617211},"point_estimate":-0.06731151703596028,"standard_error":0.004342885632750113},"median":{"confidence_interval":{"confidence_level":0.95,"lower_bound":-0.07845202073840918,"upper_bound":-0.054535510471528825},"point_estimate":-0.06403933405597606,"standard_error":0.005883783376360053}}