{"mean":{"confidence_interval":{"confidence_level":0.95,"lower_bound":-0.05599107014598795,"upper_bound":-0.04142188587998452},"point_estimate":-0.04893493386116188,"standard_error":0.003716957958383379},"median":{"confidence_interval":{"confidence_level":0.95,"lower_bound":-0.06218835382084842,"upper_bound":-0.03698801808427286},"point_estimate":-0.05305210675797789,"standard_error":0.006910879445554277}}