{"mean":{"confidence_interval":{"confidence_level":0.95,"lower_bound":-0.27215180692358143,"upper_bound":-0.2645689123626804},"point_estimate":-0.26794344614067034,"standard_error":0.0019580806524581436},"median":{"confidence_interval":{"confidence_level":0.95,"lower_bound":-0.2704628486177112,"upper_bound":-0.26369322578154664},"point_estimate":-0.268252941520584,"standard_error":0.001924302590585951}}