{"mean":{"confidence_interval":{"confidence_level":0.95,"lower_bound":-0.04958449584074231,"upper_bound":-0.04589995684864016},"point_estimate":-0.04769499717141523,"standard_error":0.0009382332324763379},"median":{"confidence_interval":{"confidence_level":0.95,"lower_bound":-0.04956810397984157,"upper_bound":-0.04582033671076324},"point_estimate":-0.04653377529023417,"standard_error":0.0009524680615181545}}