{"mean":{"confidence_interval":{"confidence_level":0.95,"lower_bound":-0.06809605313838328,"upper_bound":-0.0504004397578134},"point_estimate":-0.059450561619492026,"standard_error":0.004523415017534234},"median":{"confidence_interval":{"confidence_level":0.95,"lower_bound":-0.06973844451782785,"upper_bound":-0.050153685173164986},"point_estimate":-0.05535896124749651,"standard_error":0.005082640028729009}}