{"mean":{"confidence_interval":{"confidence_level":0.95,"lower_bound":-0.05365521547561739,"upper_bound":-0.04791496438948526},"point_estimate":-0.050733132781613066,"standard_error":0.001466508002496954},"median":{"confidence_interval":{"confidence_level":0.95,"lower_bound":-0.057828479160341284,"upper_bound":-0.05095946680566665},"point_estimate":-0.054645627106850614,"standard_error":0.0017842535818331587}}