{"mean":{"confidence_interval":{"confidence_level":0.95,"lower_bound":0.005510332484769629,"upper_bound":0.02097905713962955},"point_estimate":0.013769346334395083,"standard_error":0.003929925709943274},"median":{"confidence_interval":{"confidence_level":0.95,"lower_bound":0.003619685097013603,"upper_bound":0.021068694219741557},"point_estimate":0.00856865735469925,"standard_error":0.004347681706997922}}