{"mean":{"confidence_interval":{"confidence_level":0.95,"lower_bound":0.04759265328427764,"upper_bound":0.05386064821527241},"point_estimate":0.050535091594897885,"standard_error":0.0015876342374857458},"median":{"confidence_interval":{"confidence_level":0.95,"lower_bound":0.04717947131022493,"upper_bound":0.053394204917404764},"point_estimate":0.05137166315196029,"standard_error":0.0015899363779401554}}