{"mean":{"confidence_interval":{"confidence_level":0.95,"lower_bound":0.015795230653924068,"upper_bound":0.024485264747627494},"point_estimate":0.01995657188291111,"standard_error":0.0022145288932255663},"median":{"confidence_interval":{"confidence_level":0.95,"lower_bound":0.017687876461622027,"upper_bound":0.02550526563221145},"point_estimate":0.02204501889387256,"standard_error":0.0020818261508602667}}