{"mean":{"confidence_interval":{"confidence_level":0.95,"lower_bound":-0.0003659249501889028,"upper_bound":0.005611662916703758},"point_estimate":0.002446455171938755,"standard_error":0.0015263491235952024},"median":{"confidence_interval":{"confidence_level":0.95,"lower_bound":-0.002006866484068226,"upper_bound":0.005524910889186607},"point_estimate":0.0018066992956058403,"standard_error":0.001898457130188283}}