{"mean":{"confidence_interval":{"confidence_level":0.95,"lower_bound":0.09160244984365029,"upper_bound":0.10204365012357748},"point_estimate":0.09684373353593378,"standard_error":0.0026099886585957905},"median":{"confidence_interval":{"confidence_level":0.95,"lower_bound":0.09150490936101119,"upper_bound":0.09689910994307915},"point_estimate":0.09489479549662194,"standard_error":0.001693859333705817}}