{"mean":{"confidence_interval":{"confidence_level":0.95,"lower_bound":-0.0544422943711548,"upper_bound":-0.04823599870689157},"point_estimate":-0.05154305012825999,"standard_error":0.0015981026073164481},"median":{"confidence_interval":{"confidence_level":0.95,"lower_bound":-0.05323569347509993,"upper_bound":-0.05142992058239071},"point_estimate":-0.05262004993935654,"standard_error":0.0004659042276906919}}