{"mean":{"confidence_interval":{"confidence_level":0.95,"lower_bound":-0.05038399778154017,"upper_bound":-0.04063607719727934},"point_estimate":-0.0456241699583434,"standard_error":0.0024307238042112485},"median":{"confidence_interval":{"confidence_level":0.95,"lower_bound":-0.048561380307135305,"upper_bound":-0.043589285745274875},"point_estimate":-0.046857456432973676,"standard_error":0.0015646627044024705}}