{"mean":{"confidence_interval":{"confidence_level":0.95,"lower_bound":-0.04201352302793636,"upper_bound":-0.03427850083230692},"point_estimate":-0.03768082542682094,"standard_error":0.0019863377834994774},"median":{"confidence_interval":{"confidence_level":0.95,"lower_bound":-0.03537282654522356,"upper_bound":-0.032714808291699926},"point_estimate":-0.03371593622156843,"standard_error":0.0007829682359301773}}