{"mean":{"confidence_interval":{"confidence_level":0.95,"lower_bound":0.01070685589167406,"upper_bound":0.016713074241252457},"point_estimate":0.01366371915552378,"standard_error":0.001519268640399582},"median":{"confidence_interval":{"confidence_level":0.95,"lower_bound":0.011184465464138267,"upper_bound":0.016584009368430186},"point_estimate":0.015500127259643115,"standard_error":0.0014044369974446553}}