{"mean":{"confidence_interval":{"confidence_level":0.95,"lower_bound":34189040.953999996,"upper_bound":35174021.75716666},"point_estimate":34686070.720000006,"standard_error":251675.44618975726},"median":{"confidence_interval":{"confidence_level":0.95,"lower_bound":34034700.900000006,"upper_bound":35259688.7},"point_estimate":34637640.7,"standard_error":327057.77516059304},"median_abs_dev":{"confidence_interval":{"confidence_level":0.95,"lower_bound":833455.8807832068,"upper_bound":2229289.0631621997},"point_estimate":1392632.5455558312,"standard_error":371322.05787136353},"slope":null,"std_dev":{"confidence_interval":{"confidence_level":0.95,"lower_bound":1082539.8692618504,"upper_bound":1635026.5510337818},"point_estimate":1396068.8857000268,"standard_error":140995.89394258862}}