{"mean":{"confidence_interval":{"confidence_level":0.95,"lower_bound":36780798.0075,"upper_bound":37730116.573874995},"point_estimate":37261260.655,"standard_error":242367.98971825052},"median":{"confidence_interval":{"confidence_level":0.95,"lower_bound":36852715.75,"upper_bound":37786512.75},"point_estimate":37117520.25,"standard_error":247991.76777901928},"median_abs_dev":{"confidence_interval":{"confidence_level":0.95,"lower_bound":2020108.8104858994,"upper_bound":3095759.183639288},"point_estimate":2706218.642655015,"standard_error":275024.6839694171},"slope":null,"std_dev":{"confidence_interval":{"confidence_level":0.95,"lower_bound":2067072.3029211855,"upper_bound":2772878.510612965},"point_estimate":2430270.160865892,"standard_error":180304.47231808622}}