{"mean":{"confidence_interval":{"confidence_level":0.95,"lower_bound":36832407.193625,"upper_bound":37668093.71475},"point_estimate":37253354.81,"standard_error":213232.9175690869},"median":{"confidence_interval":{"confidence_level":0.95,"lower_bound":36911829.5,"upper_bound":37987647.0},"point_estimate":37319470.5,"standard_error":259840.56854013028},"median_abs_dev":{"confidence_interval":{"confidence_level":0.95,"lower_bound":1561709.182445371,"upper_bound":2481693.7026411295},"point_estimate":2077423.5309183598,"standard_error":235736.61760699344},"slope":null,"std_dev":{"confidence_interval":{"confidence_level":0.95,"lower_bound":1793891.6574725572,"upper_bound":2469296.750986452},"point_estimate":2140029.538772816,"standard_error":172475.21867912918}}