{"mean":{"confidence_interval":{"confidence_level":0.95,"lower_bound":-0.015033733784027292,"upper_bound":-0.013015906860059429},"point_estimate":-0.014000279557163209,"standard_error":0.0005154330780179039},"median":{"confidence_interval":{"confidence_level":0.95,"lower_bound":-0.01630818371263265,"upper_bound":-0.01402795481769259},"point_estimate":-0.015305215371854364,"standard_error":0.000537965223175633}}