{"mean":{"confidence_interval":{"confidence_level":0.95,"lower_bound":0.10986949240973727,"upper_bound":0.11543607731310102},"point_estimate":0.11269851774303707,"standard_error":0.001427246494227487},"median":{"confidence_interval":{"confidence_level":0.95,"lower_bound":0.10868395387701257,"upper_bound":0.11807112958045973},"point_estimate":0.11266397977073317,"standard_error":0.002533711753873002}}