{"mean":{"confidence_interval":{"confidence_level":0.95,"lower_bound":-0.10529319852133245,"upper_bound":-0.10231131898728615},"point_estimate":-0.10385132068555458,"standard_error":0.0007585182119803264},"median":{"confidence_interval":{"confidence_level":0.95,"lower_bound":-0.10644289632629456,"upper_bound":-0.102588994120906},"point_estimate":-0.10477973530831464,"standard_error":0.0009933183341562716}}