{"mean":{"confidence_interval":{"confidence_level":0.95,"lower_bound":-0.006995058449483455,"upper_bound":0.0016298096771474142},"point_estimate":-0.0023683957196278804,"standard_error":0.002207607227381414},"median":{"confidence_interval":{"confidence_level":0.95,"lower_bound":-0.0076814063992666215,"upper_bound":0.004371558996759672},"point_estimate":-0.00011320558973682004,"standard_error":0.003133100492245355}}