{"mean":{"confidence_interval":{"confidence_level":0.95,"lower_bound":0.0060545904563490075,"upper_bound":0.00931730246565719},"point_estimate":0.0076933468551021456,"standard_error":0.000833594477955041},"median":{"confidence_interval":{"confidence_level":0.95,"lower_bound":0.005221542816025826,"upper_bound":0.009839555062106653},"point_estimate":0.007407296893508164,"standard_error":0.0011589380396013014}}