{"mean":{"confidence_interval":{"confidence_level":0.95,"lower_bound":0.0013173455677462928,"upper_bound":0.004935152929045732},"point_estimate":0.0032922258507790403,"standard_error":0.0009244954166298282},"median":{"confidence_interval":{"confidence_level":0.95,"lower_bound":0.0035488275064425867,"upper_bound":0.0064428314245872365},"point_estimate":0.004800325210955858,"standard_error":0.0007695229432144211}}