{"mean":{"confidence_interval":{"confidence_level":0.95,"lower_bound":0.10715211658519161,"upper_bound":0.10993512515654572},"point_estimate":0.10858117653872057,"standard_error":0.0007062857899119131},"median":{"confidence_interval":{"confidence_level":0.95,"lower_bound":0.10742013513814008,"upper_bound":0.11049473216005468},"point_estimate":0.10923269031434191,"standard_error":0.0008358409610373365}}