{"mean":{"confidence_interval":{"confidence_level":0.95,"lower_bound":-0.003026133648046833,"upper_bound":-0.000978372095806266},"point_estimate":-0.0019770122288366165,"standard_error":0.0005235714603666756},"median":{"confidence_interval":{"confidence_level":0.95,"lower_bound":-0.0036753008538839005,"upper_bound":-0.0008146839554921126},"point_estimate":-0.0020337365479271563,"standard_error":0.000678659175356329}}