{"mean":{"confidence_interval":{"confidence_level":0.95,"lower_bound":-0.0093792543208062,"upper_bound":-0.0011446248113921255},"point_estimate":-0.005064585893411411,"standard_error":0.0021074973712817626},"median":{"confidence_interval":{"confidence_level":0.95,"lower_bound":-0.008209481775310334,"upper_bound":-0.000560277898850492},"point_estimate":-0.004396055207422256,"standard_error":0.0019798825691890224}}