{"mean":{"confidence_interval":{"confidence_level":0.95,"lower_bound":0.05324369751433601,"upper_bound":0.0605598100934556},"point_estimate":0.0569561130051639,"standard_error":0.0018681345111615194},"median":{"confidence_interval":{"confidence_level":0.95,"lower_bound":0.05412292328188261,"upper_bound":0.06231018756703888},"point_estimate":0.0584140060356626,"standard_error":0.0021767226531312707}}