{"mean":{"confidence_interval":{"confidence_level":0.95,"lower_bound":-0.03693593781632317,"upper_bound":-0.028386996805598266},"point_estimate":-0.03289671574266351,"standard_error":0.0021831756453850617},"median":{"confidence_interval":{"confidence_level":0.95,"lower_bound":-0.03955463328021247,"upper_bound":-0.027002015903257126},"point_estimate":-0.03509859497278278,"standard_error":0.003364800357419252}}