{"mean":{"confidence_interval":{"confidence_level":0.95,"lower_bound":0.007783856575830769,"upper_bound":0.0166792180296179},"point_estimate":0.012415697728264119,"standard_error":0.002247739482925563},"median":{"confidence_interval":{"confidence_level":0.95,"lower_bound":0.005860548824114575,"upper_bound":0.01891126702927437},"point_estimate":0.014300819948231291,"standard_error":0.0034040368068197326}}