{"mean":{"confidence_interval":{"confidence_level":0.95,"lower_bound":-0.030821693816270677,"upper_bound":-0.024394820537065518},"point_estimate":-0.027468390157888378,"standard_error":0.001643961702122787},"median":{"confidence_interval":{"confidence_level":0.95,"lower_bound":-0.03279320501384131,"upper_bound":-0.026764694887940088},"point_estimate":-0.029652147542521212,"standard_error":0.0014869702969830872}}