{"mean":{"confidence_interval":{"confidence_level":0.95,"lower_bound":-0.05629417400727458,"upper_bound":-0.04758250324354951},"point_estimate":-0.05179815366712326,"standard_error":0.0022371818697052206},"median":{"confidence_interval":{"confidence_level":0.95,"lower_bound":-0.058255082462966845,"upper_bound":-0.04568260221654774},"point_estimate":-0.04910415387871503,"standard_error":0.0033408240591449104}}