{"mean":{"confidence_interval":{"confidence_level":0.95,"lower_bound":0.03620546759701809,"upper_bound":0.04614876533752824},"point_estimate":0.04067405050972117,"standard_error":0.002550644513670226},"median":{"confidence_interval":{"confidence_level":0.95,"lower_bound":0.033929497738225844,"upper_bound":0.04908280723013392},"point_estimate":0.03736400540834395,"standard_error":0.00409163842685419}}