{"mean":{"confidence_interval":{"confidence_level":0.95,"lower_bound":60463302.5415,"upper_bound":60629462.5065},"point_estimate":60543803.88,"standard_error":42404.094227256486},"median":{"confidence_interval":{"confidence_level":0.95,"lower_bound":60376915.0,"upper_bound":60518449.0},"point_estimate":60446630.0,"standard_error":32979.74185874103},"median_abs_dev":{"confidence_interval":{"confidence_level":0.95,"lower_bound":230944.5978999138,"upper_bound":415430.4430246353},"point_estimate":313497.98833429813,"standard_error":45896.88233183653},"slope":null,"std_dev":{"confidence_interval":{"confidence_level":0.95,"lower_bound":340894.769827246,"upper_bound":499910.228122792},"point_estimate":424919.67902129603,"standard_error":40691.92031412977}}