{"mean":{"confidence_interval":{"confidence_level":0.95,"lower_bound":91490447.07500002,"upper_bound":92308236.54333332},"point_estimate":91833945.0,"standard_error":215843.2097257092},"median":{"confidence_interval":{"confidence_level":0.95,"lower_bound":91410035.5,"upper_bound":91956485.0},"point_estimate":91678032.83333334,"standard_error":147767.3322591043},"median_abs_dev":{"confidence_interval":{"confidence_level":0.95,"lower_bound":115521.96604907513,"upper_bound":699626.0783791579},"point_estimate":372570.20748555294,"standard_error":152585.33680855925},"slope":null,"std_dev":{"confidence_interval":{"confidence_level":0.95,"lower_bound":203155.15225762356,"upper_bound":1070451.6043845934},"point_estimate":720965.4477337342,"standard_error":274730.67586517124}}