{"mean":{"confidence_interval":{"confidence_level":0.95,"lower_bound":61354535.2475,"upper_bound":61569574.48775},"point_estimate":61457430.52,"standard_error":54957.6970731314},"median":{"confidence_interval":{"confidence_level":0.95,"lower_bound":61290714.0,"upper_bound":61501227.0},"point_estimate":61425576.5,"standard_error":47478.215382769464},"median_abs_dev":{"confidence_interval":{"confidence_level":0.95,"lower_bound":333519.75967884064,"upper_bound":549005.2876532078},"point_estimate":433176.4234095812,"standard_error":54523.618091855766},"slope":null,"std_dev":{"confidence_interval":{"confidence_level":0.95,"lower_bound":402524.1789383897,"upper_bound":704638.6503582433},"point_estimate":551906.0494341129,"standard_error":78574.62453147907}}