{"mean":{"confidence_interval":{"confidence_level":0.95,"lower_bound":46902951.55354167,"upper_bound":47297998.500416666},"point_estimate":47094773.18333333,"standard_error":100965.77560239926},"median":{"confidence_interval":{"confidence_level":0.95,"lower_bound":46731850.25,"upper_bound":47174955.625},"point_estimate":46962199.25,"standard_error":131520.85284488834},"median_abs_dev":{"confidence_interval":{"confidence_level":0.95,"lower_bound":218211.84400096536,"upper_bound":770642.8642183542},"point_estimate":465118.29854249954,"standard_error":138759.86398932806},"slope":null,"std_dev":{"confidence_interval":{"confidence_level":0.95,"lower_bound":410924.0342714206,"upper_bound":666679.7079786394},"point_estimate":562583.57089772,"standard_error":64997.60858935115}}