{"mean":{"confidence_interval":{"confidence_level":0.95,"lower_bound":26992280.30025,"upper_bound":27294941.134375},"point_estimate":27124970.75,"standard_error":77626.3118432373},"median":{"confidence_interval":{"confidence_level":0.95,"lower_bound":26992422.0,"upper_bound":27145901.25},"point_estimate":27095522.5,"standard_error":34841.43300703327},"median_abs_dev":{"confidence_interval":{"confidence_level":0.95,"lower_bound":277613.509221375,"upper_bound":433680.1367506385},"point_estimate":349976.24873667955,"standard_error":39529.70473010179},"slope":null,"std_dev":{"confidence_interval":{"confidence_level":0.95,"lower_bound":391454.95924758184,"upper_bound":1191538.7142451734},"point_estimate":778537.8365091066,"standard_error":246185.41512667225}}