{"mean":{"confidence_interval":{"confidence_level":0.95,"lower_bound":28498195.232499998,"upper_bound":28792572.876500003},"point_estimate":28638478.505,"standard_error":75138.2958767446},"median":{"confidence_interval":{"confidence_level":0.95,"lower_bound":28458024.0,"upper_bound":28738105.5},"point_estimate":28581662.75,"standard_error":67904.69005075637},"median_abs_dev":{"confidence_interval":{"confidence_level":0.95,"lower_bound":429136.33848130703,"upper_bound":637092.7697430922},"point_estimate":544308.0402866006,"standard_error":53404.60554729601},"slope":null,"std_dev":{"confidence_interval":{"confidence_level":0.95,"lower_bound":525326.1905040226,"upper_bound":976038.581575377},"point_estimate":758562.7843438054,"standard_error":115957.29450566001}}