{"mean":{"confidence_interval":{"confidence_level":0.95,"lower_bound":120420494.29434524,"upper_bound":123267394.85042164},"point_estimate":121768238.27853175,"standard_error":725823.2071996238},"median":{"confidence_interval":{"confidence_level":0.95,"lower_bound":120249847.5,"upper_bound":122987715.0},"point_estimate":121621731.51666667,"standard_error":613888.0340652477},"median_abs_dev":{"confidence_interval":{"confidence_level":0.95,"lower_bound":265499.03657644766,"upper_bound":3799051.237553358},"point_estimate":2029581.141717732,"standard_error":846331.107248139},"slope":{"confidence_interval":{"confidence_level":0.95,"lower_bound":120813515.03367876,"upper_bound":124759353.98360656},"point_estimate":122493006.88831168,"standard_error":1087882.3613216346},"std_dev":{"confidence_interval":{"confidence_level":0.95,"lower_bound":914804.0113103533,"upper_bound":3399518.5104150083},"point_estimate":2418482.787166647,"standard_error":659441.713773056}}