{"mean":{"confidence_interval":{"confidence_level":0.95,"lower_bound":15640620.137500001,"upper_bound":15746109.426250001},"point_estimate":15693012.55,"standard_error":26970.91363146818},"median":{"confidence_interval":{"confidence_level":0.95,"lower_bound":15624685.0,"upper_bound":15738794.5},"point_estimate":15667159.625,"standard_error":26073.420315547173},"median_abs_dev":{"confidence_interval":{"confidence_level":0.95,"lower_bound":60789.74944576621,"upper_bound":202266.48128405213},"point_estimate":137872.34597727656,"standard_error":38176.98490837998},"slope":null,"std_dev":{"confidence_interval":{"confidence_level":0.95,"lower_bound":109362.90612880596,"upper_bound":181847.04225775643},"point_estimate":150239.44053263028,"standard_error":18497.6965884449}}