{"mean":{"confidence_interval":{"confidence_level":0.95,"lower_bound":0.05753453556667719,"upper_bound":0.06215676627552079},"point_estimate":0.05990747920118844,"standard_error":0.0011767387928164018},"median":{"confidence_interval":{"confidence_level":0.95,"lower_bound":0.05676769662176939,"upper_bound":0.06298741395605556},"point_estimate":0.06107952187564725,"standard_error":0.0016026800356044285}}