{"mean":{"confidence_interval":{"confidence_level":0.95,"lower_bound":-0.0014926722596919182,"upper_bound":0.002788704201678925},"point_estimate":0.0006440527129549789,"standard_error":0.0010872838915701078},"median":{"confidence_interval":{"confidence_level":0.95,"lower_bound":-0.0037112327603475714,"upper_bound":-0.00025866985515710095},"point_estimate":-0.0015007394908072014,"standard_error":0.0009045805471735407}}