{"mean":{"confidence_interval":{"confidence_level":0.95,"lower_bound":-0.007625866355402996,"upper_bound":-0.0021454461968724086},"point_estimate":-0.005145203304237955,"standard_error":0.0014032988343303913},"median":{"confidence_interval":{"confidence_level":0.95,"lower_bound":-0.007810810070505103,"upper_bound":-0.002831981723118382},"point_estimate":-0.005297233788675526,"standard_error":0.0011843368260166247}}