{"mean":{"confidence_interval":{"confidence_level":0.95,"lower_bound":0.0507429466478891,"upper_bound":0.054706018461012924},"point_estimate":0.05259657071088464,"standard_error":0.001009489828413615},"median":{"confidence_interval":{"confidence_level":0.95,"lower_bound":0.05085670110895313,"upper_bound":0.054610687306019035},"point_estimate":0.05197571313808402,"standard_error":0.0010251561741058427}}