{"mean":{"confidence_interval":{"confidence_level":0.95,"lower_bound":-0.04950822109899672,"upper_bound":-0.046454116596514744},"point_estimate":-0.04792198374911749,"standard_error":0.000774872526312899},"median":{"confidence_interval":{"confidence_level":0.95,"lower_bound":-0.050860964105517145,"upper_bound":-0.046806928748787224},"point_estimate":-0.049546530547615375,"standard_error":0.0010753468488699045}}