{"mean":{"confidence_interval":{"confidence_level":0.95,"lower_bound":0.0009482525005325761,"upper_bound":0.00450400749806697},"point_estimate":0.0026942352714787177,"standard_error":0.0008974063493925227},"median":{"confidence_interval":{"confidence_level":0.95,"lower_bound":0.0017564313445126434,"upper_bound":0.004056066455822904},"point_estimate":0.0027211777088664846,"standard_error":0.0006230714392112532}}