{"mean":{"confidence_interval":{"confidence_level":0.95,"lower_bound":-0.0363199144736096,"upper_bound":-0.027731426437966424},"point_estimate":-0.03201172326498958,"standard_error":0.0021871301406691124},"median":{"confidence_interval":{"confidence_level":0.95,"lower_bound":-0.045714140205165434,"upper_bound":-0.014782639599903002},"point_estimate":-0.02534282261798959,"standard_error":0.012174552483241882}}