{"mean":{"confidence_interval":{"confidence_level":0.95,"lower_bound":0.02276502560745768,"upper_bound":0.03277572591935691},"point_estimate":0.027860787310929558,"standard_error":0.0026095393532547134},"median":{"confidence_interval":{"confidence_level":0.95,"lower_bound":0.012878348178074789,"upper_bound":0.04612096322042147},"point_estimate":0.024051250368827937,"standard_error":0.012923856336536315}}