{"mean":{"confidence_interval":{"confidence_level":0.95,"lower_bound":62424393.83333333,"upper_bound":62755337.86666666},"point_estimate":62577733.233333334,"standard_error":85065.23844871261},"median":{"confidence_interval":{"confidence_level":0.95,"lower_bound":62387649.166666664,"upper_bound":62820446.666666664},"point_estimate":62409135.166666664,"standard_error":124669.29532911413},"median_abs_dev":{"confidence_interval":{"confidence_level":0.95,"lower_bound":3933.3377301692963,"upper_bound":446291.74987673946},"point_estimate":101023.6209064722,"standard_error":126741.0518904014},"slope":null,"std_dev":{"confidence_interval":{"confidence_level":0.95,"lower_bound":96069.29507235451,"upper_bound":342091.1332116421},"point_estimate":284268.2856076679,"standard_error":57048.93488648948}}