{"mean":{"confidence_interval":{"confidence_level":0.95,"lower_bound":89248801.03333333,"upper_bound":89493979.36666664},"point_estimate":89371792.8,"standard_error":62411.981769338316},"median":{"confidence_interval":{"confidence_level":0.95,"lower_bound":89265750.33333333,"upper_bound":89519063.66666667},"point_estimate":89354518.0,"standard_error":67169.15853600074},"median_abs_dev":{"confidence_interval":{"confidence_level":0.95,"lower_bound":5233.5779070964645,"upper_bound":358828.23542952904},"point_estimate":133140.93703627956,"standard_error":84796.71067735735},"slope":null,"std_dev":{"confidence_interval":{"confidence_level":0.95,"lower_bound":93421.50152163225,"upper_bound":282505.69282122515},"point_estimate":208710.50639406045,"standard_error":49010.19256234628}}