{"mean":{"confidence_interval":{"confidence_level":0.95,"lower_bound":-0.016786681632864255,"upper_bound":-0.0005388061177708911},"point_estimate":-0.008705273950461612,"standard_error":0.004164816387160503},"median":{"confidence_interval":{"confidence_level":0.95,"lower_bound":-0.01528804390888927,"upper_bound":0.00435851937443732},"point_estimate":-0.005762503932539076,"standard_error":0.004978925190377744}}