{"mean":{"confidence_interval":{"confidence_level":0.95,"lower_bound":-0.027267133946196634,"upper_bound":-0.008263685500504717},"point_estimate":-0.018099402666473474,"standard_error":0.004870767035507884},"median":{"confidence_interval":{"confidence_level":0.95,"lower_bound":-0.02839199431510797,"upper_bound":-0.005406801167133102},"point_estimate":-0.01865748283648294,"standard_error":0.005849007693322608}}