{"mean":{"confidence_interval":{"confidence_level":0.95,"lower_bound":0.0047435545915268836,"upper_bound":0.03207658554125815},"point_estimate":0.01894134612356413,"standard_error":0.006996906365223635},"median":{"confidence_interval":{"confidence_level":0.95,"lower_bound":-0.000988579337316553,"upper_bound":0.042515706345270354},"point_estimate":0.018337501254746646,"standard_error":0.010623960432285025}}