{"mean":{"confidence_interval":{"confidence_level":0.95,"lower_bound":-0.05788527893860739,"upper_bound":-0.02482104346560938},"point_estimate":-0.04084645772498707,"standard_error":0.008450059497927969},"median":{"confidence_interval":{"confidence_level":0.95,"lower_bound":-0.05254716530865555,"upper_bound":-0.021576705896429904},"point_estimate":-0.03491691251688189,"standard_error":0.008269180243063737}}