{"mean":{"confidence_interval":{"confidence_level":0.95,"lower_bound":-0.020278977751768464,"upper_bound":-0.005192127060719869},"point_estimate":-0.012895382301568614,"standard_error":0.003866784285923741},"median":{"confidence_interval":{"confidence_level":0.95,"lower_bound":-0.02302754971538482,"upper_bound":-0.0031965859865321633},"point_estimate":-0.016392717656060762,"standard_error":0.005431865728733815}}