{"mean":{"confidence_interval":{"confidence_level":0.95,"lower_bound":-0.0029771089871542078,"upper_bound":0.023922654075704586},"point_estimate":0.009801964657427664,"standard_error":0.006907304598976164},"median":{"confidence_interval":{"confidence_level":0.95,"lower_bound":-0.008196114837758617,"upper_bound":0.026180694954676786},"point_estimate":0.0051307765799055716,"standard_error":0.009284865964693469}}