{"mean":{"confidence_interval":{"confidence_level":0.95,"lower_bound":0.019046448906866686,"upper_bound":0.05080578425126462},"point_estimate":0.03374635583377805,"standard_error":0.008099780372312638},"median":{"confidence_interval":{"confidence_level":0.95,"lower_bound":0.01854456487375944,"upper_bound":0.04556453691265361},"point_estimate":0.031629637171232794,"standard_error":0.006622274807963292}}