{"mean":{"confidence_interval":{"confidence_level":0.95,"lower_bound":224676815.995,"upper_bound":229307145.5},"point_estimate":227139746.1,"standard_error":1190016.8507252005},"median":{"confidence_interval":{"confidence_level":0.95,"lower_bound":223752329.5,"upper_bound":230115997.0},"point_estimate":229007156.5,"standard_error":1622068.5245899598},"median_abs_dev":{"confidence_interval":{"confidence_level":0.95,"lower_bound":423042.1112895012,"upper_bound":6432593.5707986355},"point_estimate":2781400.175370276,"standard_error":1624461.1442930924},"slope":null,"std_dev":{"confidence_interval":{"confidence_level":0.95,"lower_bound":1610201.9167795395,"upper_bound":4834131.8160379715},"point_estimate":3959263.2041786006,"standard_error":810088.8520046297}}