{"mean":{"confidence_interval":{"confidence_level":0.95,"lower_bound":215778218.6875,"upper_bound":217147514.4065},"point_estimate":216487454.3,"standard_error":349029.985467248},"median":{"confidence_interval":{"confidence_level":0.95,"lower_bound":216341729.0,"upper_bound":218058129.0},"point_estimate":217149947.0,"standard_error":408040.79386813514},"median_abs_dev":{"confidence_interval":{"confidence_level":0.95,"lower_bound":1958967.4995213747,"upper_bound":3329523.03805165},"point_estimate":2404186.34121716,"standard_error":358948.47913706244},"slope":null,"std_dev":{"confidence_interval":{"confidence_level":0.95,"lower_bound":2795058.1576541318,"upper_bound":4177920.9766992135},"point_estimate":3504857.6921362984,"standard_error":355170.7904645603}}