{"mean":{"confidence_interval":{"confidence_level":0.95,"lower_bound":211792037.9383333,"upper_bound":214776189.44916666},"point_estimate":213294450.3333333,"standard_error":765537.8152236029},"median":{"confidence_interval":{"confidence_level":0.95,"lower_bound":211273462.6666667,"upper_bound":215276195.1666667},"point_estimate":213243489.8333333,"standard_error":1021283.5563980128},"median_abs_dev":{"confidence_interval":{"confidence_level":0.95,"lower_bound":581664.2469734248,"upper_bound":4507902.547168739},"point_estimate":2371204.4222027063,"standard_error":968073.989899069},"slope":null,"std_dev":{"confidence_interval":{"confidence_level":0.95,"lower_bound":1455332.9218980053,"upper_bound":3188024.8053251966},"point_estimate":2541543.9274760475,"standard_error":443596.478208611}}