{"mean":{"confidence_interval":{"confidence_level":0.95,"lower_bound":220405241.35825,"upper_bound":222548362.14225},"point_estimate":221474907.59,"standard_error":547836.0390155864},"median":{"confidence_interval":{"confidence_level":0.95,"lower_bound":220973757.0,"upper_bound":222972669.5},"point_estimate":222061290.0,"standard_error":460329.320333542},"median_abs_dev":{"confidence_interval":{"confidence_level":0.95,"lower_bound":3613673.608544469,"upper_bound":6020895.573207736},"point_estimate":4941503.488370776,"standard_error":599719.2213350413},"slope":null,"std_dev":{"confidence_interval":{"confidence_level":0.95,"lower_bound":4522268.085060336,"upper_bound":6411174.926658477},"point_estimate":5494506.663518576,"standard_error":481649.4786624846}}