{"mean":{"confidence_interval":{"confidence_level":0.95,"lower_bound":224292797.63375,"upper_bound":228680241.87124997},"point_estimate":226503159.85,"standard_error":1123074.2744945223},"median":{"confidence_interval":{"confidence_level":0.95,"lower_bound":223656670.5,"upper_bound":229535456.25},"point_estimate":226261159.25,"standard_error":1475151.5902850085},"median_abs_dev":{"confidence_interval":{"confidence_level":0.95,"lower_bound":1116603.120276332,"upper_bound":6442210.455527902},"point_estimate":3782731.8889930844,"standard_error":1349717.5607335141},"slope":null,"std_dev":{"confidence_interval":{"confidence_level":0.95,"lower_bound":2029859.4802231546,"upper_bound":4843721.411016075},"point_estimate":3739649.4451557593,"standard_error":722065.4493249498}}