{"mean":{"confidence_interval":{"confidence_level":0.95,"lower_bound":66810453.518,"upper_bound":68149034.36424999},"point_estimate":67482861.09,"standard_error":340581.5985013277},"median":{"confidence_interval":{"confidence_level":0.95,"lower_bound":67467670.5,"upper_bound":68841871.0},"point_estimate":68081576.5,"standard_error":366478.75945188047},"median_abs_dev":{"confidence_interval":{"confidence_level":0.95,"lower_bound":2045113.2296919823,"upper_bound":3806990.560412407},"point_estimate":3136798.292210698,"standard_error":477931.3541893733},"slope":null,"std_dev":{"confidence_interval":{"confidence_level":0.95,"lower_bound":2774869.0128079844,"upper_bound":4071874.009603126},"point_estimate":3424808.0736574964,"standard_error":332015.1061028192}}