{"mean":{"confidence_interval":{"confidence_level":0.95,"lower_bound":65574594.13775,"upper_bound":66625329.766},"point_estimate":66102949.17,"standard_error":266997.6215975365},"median":{"confidence_interval":{"confidence_level":0.95,"lower_bound":65885740.0,"upper_bound":66927245.0},"point_estimate":66471738.0,"standard_error":264117.623214401},"median_abs_dev":{"confidence_interval":{"confidence_level":0.95,"lower_bound":1787296.507269144,"upper_bound":3378881.663712859},"point_estimate":2561046.9010323286,"standard_error":396776.7165304797},"slope":null,"std_dev":{"confidence_interval":{"confidence_level":0.95,"lower_bound":2315032.664724345,"upper_bound":2987461.3803364905},"point_estimate":2676147.5126482835,"standard_error":171922.40490984108}}