{"mean":{"confidence_interval":{"confidence_level":0.95,"lower_bound":-0.01457941253639789,"upper_bound":-0.010418255224514153},"point_estimate":-0.012429254438546922,"standard_error":0.0010609278029910091},"median":{"confidence_interval":{"confidence_level":0.95,"lower_bound":-0.014315206481119835,"upper_bound":-0.01083735804448449},"point_estimate":-0.012245155376225614,"standard_error":0.000990299217447977}}