{"mean":{"confidence_interval":{"confidence_level":0.95,"lower_bound":-0.005969797400577561,"upper_bound":0.0008201993767415085},"point_estimate":-0.002337467208762156,"standard_error":0.0017676747107995335},"median":{"confidence_interval":{"confidence_level":0.95,"lower_bound":-0.00574841652089586,"upper_bound":0.0020956070025890394},"point_estimate":-0.002343312254154073,"standard_error":0.002019458096396251}}