{"mean":{"confidence_interval":{"confidence_level":0.95,"lower_bound":0.06793628414135927,"upper_bound":0.07614196357322017},"point_estimate":0.07198973771903883,"standard_error":0.002093499633237688},"median":{"confidence_interval":{"confidence_level":0.95,"lower_bound":0.06609339453265406,"upper_bound":0.07618807442574305},"point_estimate":0.07084239717401708,"standard_error":0.0026016534178897738}}