{"mean":{"confidence_interval":{"confidence_level":0.95,"lower_bound":0.02639374714912755,"upper_bound":0.030646619566336002},"point_estimate":0.028467643297740874,"standard_error":0.0010888264622584101},"median":{"confidence_interval":{"confidence_level":0.95,"lower_bound":0.025459873667752264,"upper_bound":0.029787919506724325},"point_estimate":0.027618568752349137,"standard_error":0.0011342917999885283}}