{"mean":{"confidence_interval":{"confidence_level":0.95,"lower_bound":-0.2777452025491015,"upper_bound":-0.2705852142794148},"point_estimate":-0.2744807445352526,"standard_error":0.001842085377006542},"median":{"confidence_interval":{"confidence_level":0.95,"lower_bound":-0.28000189083143756,"upper_bound":-0.27019433515365754},"point_estimate":-0.2763207221312396,"standard_error":0.0026150821872684056}}