{"mean":{"confidence_interval":{"confidence_level":0.95,"lower_bound":-0.05547743613700849,"upper_bound":-0.05146589747266762},"point_estimate":-0.05340791504304698,"standard_error":0.0010261867404732187},"median":{"confidence_interval":{"confidence_level":0.95,"lower_bound":-0.056003508477688424,"upper_bound":-0.05137385762629232},"point_estimate":-0.05343892054603827,"standard_error":0.0010593749700254578}}