{"mean":{"confidence_interval":{"confidence_level":0.95,"lower_bound":-0.06941275429448596,"upper_bound":-0.05583443445110345},"point_estimate":-0.06216178616463519,"standard_error":0.003481538355419795},"median":{"confidence_interval":{"confidence_level":0.95,"lower_bound":-0.06614155928230747,"upper_bound":-0.05313843327770651},"point_estimate":-0.0579536217245632,"standard_error":0.003590492568412985}}