{"mean":{"confidence_interval":{"confidence_level":0.95,"lower_bound":0.012176585146989534,"upper_bound":0.015174615896338417},"point_estimate":0.013655650869983216,"standard_error":0.0007666461299220212},"median":{"confidence_interval":{"confidence_level":0.95,"lower_bound":0.012123522411120913,"upper_bound":0.015253346661300737},"point_estimate":0.013307590768050881,"standard_error":0.0008164856039436074}}