{"mean":{"confidence_interval":{"confidence_level":0.95,"lower_bound":0.0013135941757205173,"upper_bound":0.013758056268546568},"point_estimate":0.007170499574563172,"standard_error":0.0032359037761674095},"median":{"confidence_interval":{"confidence_level":0.95,"lower_bound":0.0007634206913198494,"upper_bound":0.009533262874024784},"point_estimate":0.005899590741551997,"standard_error":0.0024969051766415415}}