{"mean":{"confidence_interval":{"confidence_level":0.95,"lower_bound":-0.032632146909886264,"upper_bound":-0.025069020681110908},"point_estimate":-0.028459222384891847,"standard_error":0.001932433921145995},"median":{"confidence_interval":{"confidence_level":0.95,"lower_bound":-0.029590104689684482,"upper_bound":-0.02450534233822177},"point_estimate":-0.027909237194401526,"standard_error":0.0013263917966993496}}