{"mean":{"confidence_interval":{"confidence_level":0.95,"lower_bound":-0.008205596812981455,"upper_bound":0.005858682064273086},"point_estimate":-0.001070082374727277,"standard_error":0.003657135962856216},"median":{"confidence_interval":{"confidence_level":0.95,"lower_bound":-0.006375825469736585,"upper_bound":0.0043019472445997575},"point_estimate":-0.0023075280660740383,"standard_error":0.002529363211019157}}