{"mean":{"confidence_interval":{"confidence_level":0.95,"lower_bound":0.00577355761185141,"upper_bound":0.013046029234536715},"point_estimate":0.00960878839633117,"standard_error":0.0018366056940387818},"median":{"confidence_interval":{"confidence_level":0.95,"lower_bound":0.00667934829461303,"upper_bound":0.011164098009171397},"point_estimate":0.008856048849254616,"standard_error":0.0010678045117445852}}