{"mean":{"confidence_interval":{"confidence_level":0.95,"lower_bound":0.00253823915525463,"upper_bound":0.008974545429019359},"point_estimate":0.005810327989561603,"standard_error":0.0016418524918338608},"median":{"confidence_interval":{"confidence_level":0.95,"lower_bound":0.0023791849962431734,"upper_bound":0.010395711719401568},"point_estimate":0.005192227300192753,"standard_error":0.002132528831610414}}