{"mean":{"confidence_interval":{"confidence_level":0.95,"lower_bound":-0.033752229631100625,"upper_bound":-0.028484590078643974},"point_estimate":-0.03131039678812453,"standard_error":0.001322519674949074},"median":{"confidence_interval":{"confidence_level":0.95,"lower_bound":-0.03453461997170437,"upper_bound":-0.031018602054152522},"point_estimate":-0.03254226458595588,"standard_error":0.0009062810698616439}}