{"mean":{"confidence_interval":{"confidence_level":0.95,"lower_bound":0.015833047364894687,"upper_bound":0.024021284477734665},"point_estimate":0.019722432064241513,"standard_error":0.0020903637144082244},"median":{"confidence_interval":{"confidence_level":0.95,"lower_bound":0.013061497074323025,"upper_bound":0.021572875237309885},"point_estimate":0.018310371275855886,"standard_error":0.0021530301857985434}}