{"mean":{"confidence_interval":{"confidence_level":0.95,"lower_bound":-0.0355343789928224,"upper_bound":-0.02271565928496522},"point_estimate":-0.028426916969687466,"standard_error":0.003327703502459515},"median":{"confidence_interval":{"confidence_level":0.95,"lower_bound":-0.03233644721524542,"upper_bound":-0.0224723614144825},"point_estimate":-0.024630330000826484,"standard_error":0.002542070715192056}}