{"mean":{"confidence_interval":{"confidence_level":0.95,"lower_bound":-0.024780185587943766,"upper_bound":-0.018624536947292394},"point_estimate":-0.021493765338364224,"standard_error":0.0015750782797257104},"median":{"confidence_interval":{"confidence_level":0.95,"lower_bound":-0.02189461395613579,"upper_bound":-0.017930436895936874},"point_estimate":-0.01972158320833517,"standard_error":0.0010260903200797003}}