{"mean":{"confidence_interval":{"confidence_level":0.95,"lower_bound":12024927.40175,"upper_bound":12054037.622349998},"point_estimate":12037780.562000003,"standard_error":7492.667055046359},"median":{"confidence_interval":{"confidence_level":0.95,"lower_bound":12020509.1,"upper_bound":12042078.899999999},"point_estimate":12034323.399999999,"standard_error":5623.360060258519},"median_abs_dev":{"confidence_interval":{"confidence_level":0.95,"lower_bound":33982.52573669012,"upper_bound":52826.371402144985},"point_estimate":45882.6144254227,"standard_error":4948.04234130311},"slope":null,"std_dev":{"confidence_interval":{"confidence_level":0.95,"lower_bound":40380.53872059216,"upper_bound":114370.5394181472},"point_estimate":75603.8045092499,"standard_error":23011.787399176173}}