{"mean":{"confidence_interval":{"confidence_level":0.95,"lower_bound":12082726.622849999,"upper_bound":12108211.513850005},"point_estimate":12095380.20800001,"standard_error":6509.030667576307},"median":{"confidence_interval":{"confidence_level":0.95,"lower_bound":12075026.6,"upper_bound":12122238.2},"point_estimate":12112622.2,"standard_error":10329.1731107162},"median_abs_dev":{"confidence_interval":{"confidence_level":0.95,"lower_bound":42587.98076391386,"upper_bound":90946.24062538202},"point_estimate":74968.26070904787,"standard_error":11792.616487731084},"slope":null,"std_dev":{"confidence_interval":{"confidence_level":0.95,"lower_bound":56921.76497032878,"upper_bound":73627.75330962415},"point_estimate":65361.70495634833,"standard_error":4284.904079749912}}