{"mean":{"confidence_interval":{"confidence_level":0.95,"lower_bound":-0.05196412551839293,"upper_bound":-0.023164290529709253},"point_estimate":-0.03762074990371045,"standard_error":0.007345451739346569},"median":{"confidence_interval":{"confidence_level":0.95,"lower_bound":-0.05002023326529814,"upper_bound":-0.02459899219019246},"point_estimate":-0.0365745075149152,"standard_error":0.006423569683833184}}