{"mean":{"confidence_interval":{"confidence_level":0.95,"lower_bound":0.009893362517928618,"upper_bound":0.03655540902835106},"point_estimate":0.0241945422601495,"standard_error":0.0068841641373441256},"median":{"confidence_interval":{"confidence_level":0.95,"lower_bound":0.020823537598577246,"upper_bound":0.04017736507288938},"point_estimate":0.028245839102613246,"standard_error":0.0050395807075265964}}