{"mean":{"confidence_interval":{"confidence_level":0.95,"lower_bound":-0.011496204647505856,"upper_bound":0.005467609150652823},"point_estimate":-0.0026584211136002622,"standard_error":0.004343465796212521},"median":{"confidence_interval":{"confidence_level":0.95,"lower_bound":-0.01044633558960617,"upper_bound":0.011262756625453679},"point_estimate":0.002153145207755891,"standard_error":0.005319543084160515}}