{"mean":{"confidence_interval":{"confidence_level":0.95,"lower_bound":0.012806488834707249,"upper_bound":0.030241000554302507},"point_estimate":0.021473447989314387,"standard_error":0.004444297131901545},"median":{"confidence_interval":{"confidence_level":0.95,"lower_bound":0.013356756794248081,"upper_bound":0.03542982187020773},"point_estimate":0.024315978008191852,"standard_error":0.005371946274714952}}