{"mean":{"confidence_interval":{"confidence_level":0.95,"lower_bound":-0.002051540000061602,"upper_bound":0.0288015581806819},"point_estimate":0.01472679204617866,"standard_error":0.007930082291506409},"median":{"confidence_interval":{"confidence_level":0.95,"lower_bound":0.007759767677552265,"upper_bound":0.03499432207936892},"point_estimate":0.020024791476431547,"standard_error":0.0064516376679195995}}