{"mean":{"confidence_interval":{"confidence_level":0.95,"lower_bound":-0.0339159825863027,"upper_bound":-0.0129370388562879},"point_estimate":-0.02479420303111246,"standard_error":0.00541575220710466},"median":{"confidence_interval":{"confidence_level":0.95,"lower_bound":-0.03424444555408035,"upper_bound":-0.019511476623500723},"point_estimate":-0.028684135864744498,"standard_error":0.003748889529990099}}