{"mean":{"confidence_interval":{"confidence_level":0.95,"lower_bound":-0.03360484837020618,"upper_bound":-0.01917915934948674},"point_estimate":-0.026495139259147704,"standard_error":0.003693562777922576},"median":{"confidence_interval":{"confidence_level":0.95,"lower_bound":-0.03597767558825715,"upper_bound":-0.020230037848724902},"point_estimate":-0.026820930538489884,"standard_error":0.004069252518573474}}