{"mean":{"confidence_interval":{"confidence_level":0.95,"lower_bound":-0.003440941048839432,"upper_bound":0.030686084767296094},"point_estimate":0.01352474620728672,"standard_error":0.008734509282709694},"median":{"confidence_interval":{"confidence_level":0.95,"lower_bound":-0.006786826770871612,"upper_bound":0.01951507177831946},"point_estimate":0.008166369434062126,"standard_error":0.006618671942137035}}