{"mean":{"confidence_interval":{"confidence_level":0.95,"lower_bound":90563370.36083335,"upper_bound":91726543.62416667},"point_estimate":91173924.83333333,"standard_error":297578.68244317477},"median":{"confidence_interval":{"confidence_level":0.95,"lower_bound":90708907.16666666,"upper_bound":91941450.0},"point_estimate":91131523.33333334,"standard_error":276631.62690391554},"median_abs_dev":{"confidence_interval":{"confidence_level":0.95,"lower_bound":111134.21142697334,"upper_bound":1617773.0610787868},"point_estimate":708204.1547268481,"standard_error":388575.90412100346},"slope":null,"std_dev":{"confidence_interval":{"confidence_level":0.95,"lower_bound":431190.33627462736,"upper_bound":1349048.824089048},"point_estimate":991594.0216866984,"standard_error":245357.24980649154}}