{"mean":{"confidence_interval":{"confidence_level":0.95,"lower_bound":59317454.382249996,"upper_bound":59500059.59725},"point_estimate":59404310.68,"standard_error":46755.80270857952},"median":{"confidence_interval":{"confidence_level":0.95,"lower_bound":59212995.0,"upper_bound":59361927.0},"point_estimate":59303401.5,"standard_error":33612.983560191155},"median_abs_dev":{"confidence_interval":{"confidence_level":0.95,"lower_bound":229069.10893321037,"upper_bound":384353.6649763584},"point_estimate":326199.4223088026,"standard_error":40162.11808170681},"slope":null,"std_dev":{"confidence_interval":{"confidence_level":0.95,"lower_bound":342300.7468068556,"upper_bound":585950.3056754192},"point_estimate":468954.4581785021,"standard_error":62526.49905456082}}