{"mean":{"confidence_interval":{"confidence_level":0.95,"lower_bound":30905209.767565474,"upper_bound":31442380.74489484},"point_estimate":31200533.492248684,"standard_error":138661.35163528187},"median":{"confidence_interval":{"confidence_level":0.95,"lower_bound":30988051.21957672,"upper_bound":31514275.241666667},"point_estimate":31362059.277777776,"standard_error":133783.70513271986},"median_abs_dev":{"confidence_interval":{"confidence_level":0.95,"lower_bound":40493.643567763975,"upper_bound":649767.2061309943},"point_estimate":343041.713884792,"standard_error":159026.83021558027},"slope":{"confidence_interval":{"confidence_level":0.95,"lower_bound":30990046.12878788,"upper_bound":31402377.265586894},"point_estimate":31154440.75844156,"standard_error":103796.13732864457},"std_dev":{"confidence_interval":{"confidence_level":0.95,"lower_bound":173909.00298029298,"upper_bound":643543.7830382308},"point_estimate":463463.63975726604,"standard_error":133126.53581745346}}