{"mean":{"confidence_interval":{"confidence_level":0.95,"lower_bound":31571371.066,"upper_bound":31870183.79625},"point_estimate":31721195.335,"standard_error":76115.43847565692},"median":{"confidence_interval":{"confidence_level":0.95,"lower_bound":31602722.5,"upper_bound":31938655.0},"point_estimate":31759876.0,"standard_error":92440.55017575422},"median_abs_dev":{"confidence_interval":{"confidence_level":0.95,"lower_bound":620232.3555886745,"upper_bound":942780.8754622936},"point_estimate":776629.232262075,"standard_error":81059.01626839333},"slope":null,"std_dev":{"confidence_interval":{"confidence_level":0.95,"lower_bound":655896.0569904295,"upper_bound":865618.0520369547},"point_estimate":765894.6874271762,"standard_error":53496.20270522176}}