{"mean":{"confidence_interval":{"confidence_level":0.95,"lower_bound":31439726.1155,"upper_bound":31711931.050875},"point_estimate":31576357.39,"standard_error":69482.54984674654},"median":{"confidence_interval":{"confidence_level":0.95,"lower_bound":31464077.0,"upper_bound":31807431.25},"point_estimate":31604646.0,"standard_error":81190.56796854905},"median_abs_dev":{"confidence_interval":{"confidence_level":0.95,"lower_bound":520632.4013069272,"upper_bound":860627.4163708091},"point_estimate":666264.4902214408,"standard_error":87969.50197316917},"slope":null,"std_dev":{"confidence_interval":{"confidence_level":0.95,"lower_bound":591652.5035012197,"upper_bound":791272.8734338933},"point_estimate":695926.0754604731,"standard_error":51040.3617239161}}