{"mean":{"confidence_interval":{"confidence_level":0.95,"lower_bound":94083932.44964583,"upper_bound":94886207.56737697},"point_estimate":94487129.64210317,"standard_error":204494.60188836828},"median":{"confidence_interval":{"confidence_level":0.95,"lower_bound":94125051.3611111,"upper_bound":94936598.625},"point_estimate":94443955.23333333,"standard_error":235292.94738358332},"median_abs_dev":{"confidence_interval":{"confidence_level":0.95,"lower_bound":57660.12504299727,"upper_bound":1143750.8230693638},"point_estimate":479059.4887924925,"standard_error":270204.8200558869},"slope":{"confidence_interval":{"confidence_level":0.95,"lower_bound":94141587.2512871,"upper_bound":94986069.69626169},"point_estimate":94475575.01558441,"standard_error":218418.65719914975},"std_dev":{"confidence_interval":{"confidence_level":0.95,"lower_bound":307951.3576267043,"upper_bound":917847.6049498316},"point_estimate":680775.6059620847,"standard_error":155725.00565331551}}