{"mean":{"confidence_interval":{"confidence_level":0.95,"lower_bound":94314705.9485,"upper_bound":94863153.06300001},"point_estimate":94582808.78,"standard_error":139694.6339965178},"median":{"confidence_interval":{"confidence_level":0.95,"lower_bound":93884898.5,"upper_bound":94900856.0},"point_estimate":94380546.5,"standard_error":298705.54103605385},"median_abs_dev":{"confidence_interval":{"confidence_level":0.95,"lower_bound":1153557.3138027638,"upper_bound":1876364.4419878721},"point_estimate":1530400.4794299603,"standard_error":188096.23119441344},"slope":null,"std_dev":{"confidence_interval":{"confidence_level":0.95,"lower_bound":1148317.0689666916,"upper_bound":1690896.4307801137},"point_estimate":1398324.8268729493,"standard_error":144563.10117764727}}