{"mean":{"confidence_interval":{"confidence_level":0.95,"lower_bound":0.0162859018818057,"upper_bound":0.024904389740794154},"point_estimate":0.02000387200349607,"standard_error":0.0022454603523947196},"median":{"confidence_interval":{"confidence_level":0.95,"lower_bound":0.014429310055647848,"upper_bound":0.01918084764347383},"point_estimate":0.01701648553342494,"standard_error":0.0012649730319628126}}