{"mean":{"confidence_interval":{"confidence_level":0.95,"lower_bound":0.04430546752687792,"upper_bound":0.0529866470955092},"point_estimate":0.04864756554617733,"standard_error":0.002213786305821439},"median":{"confidence_interval":{"confidence_level":0.95,"lower_bound":0.04209347912803185,"upper_bound":0.054238732077219964},"point_estimate":0.04711281225068453,"standard_error":0.0030924846520136843}}