{"mean":{"confidence_interval":{"confidence_level":0.95,"lower_bound":-0.05417009715220869,"upper_bound":-0.04599588189038158},"point_estimate":-0.05004043614471354,"standard_error":0.0020775050380192396},"median":{"confidence_interval":{"confidence_level":0.95,"lower_bound":-0.055198718158740556,"upper_bound":-0.043747315353466765},"point_estimate":-0.04982204139419222,"standard_error":0.002683098006403328}}