{"mean":{"confidence_interval":{"confidence_level":0.95,"lower_bound":0.012850616275473709,"upper_bound":0.022224453458760726},"point_estimate":0.018222874569515213,"standard_error":0.002422339985668644},"median":{"confidence_interval":{"confidence_level":0.95,"lower_bound":0.017338064455502507,"upper_bound":0.02287842796152393},"point_estimate":0.02000259053409348,"standard_error":0.0014697315587494447}}