{"mean":{"confidence_interval":{"confidence_level":0.95,"lower_bound":-0.048524350951792965,"upper_bound":-0.04154192562346065},"point_estimate":-0.0448585651097253,"standard_error":0.0017890375232836487},"median":{"confidence_interval":{"confidence_level":0.95,"lower_bound":-0.04943806600461165,"upper_bound":-0.04065476930253553},"point_estimate":-0.04437879500767994,"standard_error":0.002408343434353217}}