{"mean":{"confidence_interval":{"confidence_level":0.95,"lower_bound":-0.006534870340437962,"upper_bound":0.0026165662051945027},"point_estimate":-0.002064079736625035,"standard_error":0.002351450489172194},"median":{"confidence_interval":{"confidence_level":0.95,"lower_bound":-0.009117082768281382,"upper_bound":0.005326993125248647},"point_estimate":-0.0017779606826444638,"standard_error":0.0037888654032875433}}