{"mean":{"confidence_interval":{"confidence_level":0.95,"lower_bound":-0.28826931537782546,"upper_bound":-0.2814404797774808},"point_estimate":-0.28502703833231435,"standard_error":0.0017425971540218422},"median":{"confidence_interval":{"confidence_level":0.95,"lower_bound":-0.29019296921868165,"upper_bound":-0.2808815146374044},"point_estimate":-0.2849923566102641,"standard_error":0.0023454780317479084}}