{"mean":{"confidence_interval":{"confidence_level":0.95,"lower_bound":59979503.62333335,"upper_bound":60286703.24166667},"point_estimate":60110295.06666668,"standard_error":80020.50307378883},"median":{"confidence_interval":{"confidence_level":0.95,"lower_bound":59931353.666666664,"upper_bound":60176483.0},"point_estimate":60036539.66666667,"standard_error":66572.94474486817},"median_abs_dev":{"confidence_interval":{"confidence_level":0.95,"lower_bound":7626.000064613276,"upper_bound":294347.7386742867},"point_estimate":161133.90713929394,"standard_error":68897.4308679615},"slope":null,"std_dev":{"confidence_interval":{"confidence_level":0.95,"lower_bound":85129.5728274666,"upper_bound":390246.16705716896},"point_estimate":266721.04024898657,"standard_error":94751.31863138011}}