{"mean":{"confidence_interval":{"confidence_level":0.95,"lower_bound":86817904.55916665,"upper_bound":87304480.57249999},"point_estimate":87039233.56666668,"standard_error":124652.54017886786},"median":{"confidence_interval":{"confidence_level":0.95,"lower_bound":86811493.66666667,"upper_bound":87133470.83333334},"point_estimate":87041401.33333334,"standard_error":92458.24310130937},"median_abs_dev":{"confidence_interval":{"confidence_level":0.95,"lower_bound":26123.411536216736,"upper_bound":547829.3387740777},"point_estimate":149462.38594651222,"standard_error":136351.90344009394},"slope":null,"std_dev":{"confidence_interval":{"confidence_level":0.95,"lower_bound":132393.8011681996,"upper_bound":597766.4071413567},"point_estimate":416404.34700652125,"standard_error":130787.11744317671}}