{"mean":{"confidence_interval":{"confidence_level":0.95,"lower_bound":88555776.5,"upper_bound":89128528.52333334},"point_estimate":88878702.43333334,"standard_error":148017.20033362575},"median":{"confidence_interval":{"confidence_level":0.95,"lower_bound":88715217.0,"upper_bound":89190283.0},"point_estimate":89015664.16666666,"standard_error":135756.89852064993},"median_abs_dev":{"confidence_interval":{"confidence_level":0.95,"lower_bound":20546.85883520561,"upper_bound":647261.6357088089},"point_estimate":408853.62954138604,"standard_error":149871.4833194421},"slope":null,"std_dev":{"confidence_interval":{"confidence_level":0.95,"lower_bound":179332.7175582057,"upper_bound":711375.0549135444},"point_estimate":493317.33905171236,"standard_error":161528.86443347565}}