{"mean":{"confidence_interval":{"confidence_level":0.95,"lower_bound":86810762.43333332,"upper_bound":88072761.26},"point_estimate":87375916.23333335,"standard_error":324922.5254297829},"median":{"confidence_interval":{"confidence_level":0.95,"lower_bound":86665178.0,"upper_bound":87769111.33333334},"point_estimate":87339678.83333334,"standard_error":235014.1330339231},"median_abs_dev":{"confidence_interval":{"confidence_level":0.95,"lower_bound":18565.36397039522,"upper_bound":1535251.7936438285},"point_estimate":621481.9402665048,"standard_error":432838.977046342},"slope":null,"std_dev":{"confidence_interval":{"confidence_level":0.95,"lower_bound":392077.6854920008,"upper_bound":1526068.6136719077},"point_estimate":1080421.3258859764,"standard_error":327828.9786393695}}