{"mean":{"confidence_interval":{"confidence_level":0.95,"lower_bound":2089901.289530001,"upper_bound":2097071.6560000004},"point_estimate":2093468.404000001,"standard_error":1830.3404052000037},"median":{"confidence_interval":{"confidence_level":0.95,"lower_bound":2090638.96,"upper_bound":2098020.64},"point_estimate":2094394.22,"standard_error":1732.6968891624408},"median_abs_dev":{"confidence_interval":{"confidence_level":0.95,"lower_bound":10135.379592061174,"upper_bound":20348.29916274546},"point_estimate":13566.620015144432,"standard_error":2514.1685061172143},"slope":null,"std_dev":{"confidence_interval":{"confidence_level":0.95,"lower_bound":15480.355774443671,"upper_bound":21099.595081764157},"point_estimate":18360.905660594544,"standard_error":1439.0283338213787}}