{"mean":{"confidence_interval":{"confidence_level":0.95,"lower_bound":2067063.1983900005,"upper_bound":2071259.3037200002},"point_estimate":2069116.5128000004,"standard_error":1073.5190290357664},"median":{"confidence_interval":{"confidence_level":0.95,"lower_bound":2065515.68,"upper_bound":2070646.08},"point_estimate":2068610.26,"standard_error":1153.085229155692},"median_abs_dev":{"confidence_interval":{"confidence_level":0.95,"lower_bound":7936.612666296865,"upper_bound":11991.120327115093},"point_estimate":9873.848956704236,"standard_error":1029.6238085552993},"slope":null,"std_dev":{"confidence_interval":{"confidence_level":0.95,"lower_bound":8753.122736104877,"upper_bound":12929.36934503256},"point_estimate":10831.573896331452,"standard_error":1074.1661943700444}}