{"mean":{"confidence_interval":{"confidence_level":0.95,"lower_bound":2053667.7455100007,"upper_bound":2056298.78256},"point_estimate":2054985.6744,"standard_error":670.0883789074},"median":{"confidence_interval":{"confidence_level":0.95,"lower_bound":2054065.6400000001,"upper_bound":2057052.46},"point_estimate":2055112.42,"standard_error":762.7848351858162},"median_abs_dev":{"confidence_interval":{"confidence_level":0.95,"lower_bound":4315.996783375878,"upper_bound":8559.108952045495},"point_estimate":6383.9865306615,"standard_error":1130.276295500783},"slope":null,"std_dev":{"confidence_interval":{"confidence_level":0.95,"lower_bound":5751.3339713394,"upper_bound":7624.108743916095},"point_estimate":6726.801672150963,"standard_error":477.771344162956}}