{"mean":{"confidence_interval":{"confidence_level":0.95,"lower_bound":-0.0240444334939037,"upper_bound":0.004917563216985159},"point_estimate":-0.008223959864999464,"standard_error":0.007372267525720197},"median":{"confidence_interval":{"confidence_level":0.95,"lower_bound":-0.01442151704173722,"upper_bound":0.007582121273826958},"point_estimate":0.0010032529020227443,"standard_error":0.005768765060954674}}