{"mean":{"confidence_interval":{"confidence_level":0.95,"lower_bound":-0.005637049780205835,"upper_bound":0.010945073032075637},"point_estimate":0.0028552046751286753,"standard_error":0.004225039593110952},"median":{"confidence_interval":{"confidence_level":0.95,"lower_bound":-0.006537517984798793,"upper_bound":0.017099614844730215},"point_estimate":0.007203772485929294,"standard_error":0.006243098467011669}}