{"mean":{"confidence_interval":{"confidence_level":0.95,"lower_bound":0.00013131820645946474,"upper_bound":0.02076500281116639},"point_estimate":0.009726380389548206,"standard_error":0.005267667966408056},"median":{"confidence_interval":{"confidence_level":0.95,"lower_bound":-0.005192088540647677,"upper_bound":0.0245500773916163},"point_estimate":0.0065889137407477705,"standard_error":0.007226236052499446}}