{"mean":{"confidence_interval":{"confidence_level":0.95,"lower_bound":-0.013359553257197638,"upper_bound":0.008114576345611083},"point_estimate":-0.002499663285584708,"standard_error":0.005464200146135663},"median":{"confidence_interval":{"confidence_level":0.95,"lower_bound":-0.01351047596467203,"upper_bound":0.008617437373924064},"point_estimate":-0.001988274300748105,"standard_error":0.005390029827286442}}