{"mean":{"confidence_interval":{"confidence_level":0.95,"lower_bound":0.02949295246380177,"upper_bound":0.04848244846521134},"point_estimate":0.03843767657907171,"standard_error":0.00481405333896978},"median":{"confidence_interval":{"confidence_level":0.95,"lower_bound":0.024371015915955807,"upper_bound":0.051010292326812756},"point_estimate":0.04228429789899324,"standard_error":0.007038640425043854}}