{"mean":{"confidence_interval":{"confidence_level":0.95,"lower_bound":0.01857718689425953,"upper_bound":0.03505764388703744},"point_estimate":0.026397558447108782,"standard_error":0.004220759542524678},"median":{"confidence_interval":{"confidence_level":0.95,"lower_bound":0.01654628597664609,"upper_bound":0.03192902848805779},"point_estimate":0.024876825426640048,"standard_error":0.004090496010488955}}