{"mean":{"confidence_interval":{"confidence_level":0.95,"lower_bound":-0.04645195362406747,"upper_bound":-0.02893314881127441},"point_estimate":-0.037791720708828413,"standard_error":0.004496155038141703},"median":{"confidence_interval":{"confidence_level":0.95,"lower_bound":-0.045393928652100346,"upper_bound":-0.021794703949165162},"point_estimate":-0.03715806170925373,"standard_error":0.006333511739109304}}