{"mean":{"confidence_interval":{"confidence_level":0.95,"lower_bound":26945954.459375,"upper_bound":27678689.447499998},"point_estimate":27321138.65,"standard_error":186580.28733607035},"median":{"confidence_interval":{"confidence_level":0.95,"lower_bound":27119251.5,"upper_bound":27997698.5},"point_estimate":27648695.25,"standard_error":188156.8638394499},"median_abs_dev":{"confidence_interval":{"confidence_level":0.95,"lower_bound":1167806.9342672825,"upper_bound":2029668.2444661856},"point_estimate":1471319.9824288487,"standard_error":222368.6046131841},"slope":null,"std_dev":{"confidence_interval":{"confidence_level":0.95,"lower_bound":1514272.8446258453,"upper_bound":2210980.9236310483},"point_estimate":1869394.5674907144,"standard_error":177719.20409222096}}