{"mean":{"confidence_interval":{"confidence_level":0.95,"lower_bound":28023770.793250002,"upper_bound":28874600.28625},"point_estimate":28448187.925,"standard_error":216211.6761855761},"median":{"confidence_interval":{"confidence_level":0.95,"lower_bound":27982887.5,"upper_bound":28858686.0},"point_estimate":28469044.75,"standard_error":221086.0172569055},"median_abs_dev":{"confidence_interval":{"confidence_level":0.95,"lower_bound":1638567.3411396157,"upper_bound":2692249.5023067654},"point_estimate":2267563.2710427046,"standard_error":279853.2521470031},"slope":null,"std_dev":{"confidence_interval":{"confidence_level":0.95,"lower_bound":1876111.7588504308,"upper_bound":2447285.302274436},"point_estimate":2175619.5417914283,"standard_error":145611.64332727593}}