{"mean":{"confidence_interval":{"confidence_level":0.95,"lower_bound":58073651.02775,"upper_bound":58432009.343499996},"point_estimate":58223745.82,"standard_error":92326.79665585616},"median":{"confidence_interval":{"confidence_level":0.95,"lower_bound":57996854.0,"upper_bound":58182019.0},"point_estimate":58096281.5,"standard_error":48335.82369519448},"median_abs_dev":{"confidence_interval":{"confidence_level":0.95,"lower_bound":328189.8127734661,"upper_bound":514417.71286726},"point_estimate":432487.01442182064,"standard_error":46139.91023353035},"slope":null,"std_dev":{"confidence_interval":{"confidence_level":0.95,"lower_bound":406496.9598159084,"upper_bound":1460558.858551019},"point_estimate":928718.3673503537,"standard_error":337637.59884405654}}