{"mean":{"confidence_interval":{"confidence_level":0.95,"lower_bound":57498369.66599999,"upper_bound":57685941.31225},"point_estimate":57583741.12,"standard_error":48000.361314864596},"median":{"confidence_interval":{"confidence_level":0.95,"lower_bound":57423501.0,"upper_bound":57594043.5},"point_estimate":57474834.0,"standard_error":39957.309669549555},"median_abs_dev":{"confidence_interval":{"confidence_level":0.95,"lower_bound":232026.89588069916,"upper_bound":397885.3549361229},"point_estimate":305646.88017368317,"standard_error":39178.48716894417},"slope":null,"std_dev":{"confidence_interval":{"confidence_level":0.95,"lower_bound":280431.6782741824,"upper_bound":690610.9582971679},"point_estimate":483164.69740481715,"standard_error":111435.81694768854}}