{"mean":{"confidence_interval":{"confidence_level":0.95,"lower_bound":83955986.64166668,"upper_bound":84483348.73333333},"point_estimate":84213481.3,"standard_error":134876.81628103866},"median":{"confidence_interval":{"confidence_level":0.95,"lower_bound":83834631.0,"upper_bound":84451753.33333333},"point_estimate":84292502.66666666,"standard_error":187254.43419421162},"median_abs_dev":{"confidence_interval":{"confidence_level":0.95,"lower_bound":31320.418643966143,"upper_bound":885794.1802740097},"point_estimate":324193.4645444155,"standard_error":207617.58626401413},"slope":null,"std_dev":{"confidence_interval":{"confidence_level":0.95,"lower_bound":248722.72477496832,"upper_bound":589375.5227008562},"point_estimate":449576.75844367815,"standard_error":91466.51834449673}}