{"mean":{"confidence_interval":{"confidence_level":0.95,"lower_bound":87470979.3,"upper_bound":87918281.67416665},"point_estimate":87704890.73333333,"standard_error":114596.15254778317},"median":{"confidence_interval":{"confidence_level":0.95,"lower_bound":87453386.33333333,"upper_bound":88011116.83333334},"point_estimate":87713512.83333333,"standard_error":132189.78277722924},"median_abs_dev":{"confidence_interval":{"confidence_level":0.95,"lower_bound":65283.81884097317,"upper_bound":658285.2607131152},"point_estimate":305881.3780695274,"standard_error":152132.09467132785},"slope":null,"std_dev":{"confidence_interval":{"confidence_level":0.95,"lower_bound":192923.13232356522,"upper_bound":499178.59055606794},"point_estimate":381604.2363048381,"standard_error":81084.58437675731}}