{"mean":{"confidence_interval":{"confidence_level":0.95,"lower_bound":61095308.709,"upper_bound":61337675.48375},"point_estimate":61208597.35,"standard_error":62074.52494064136},"median":{"confidence_interval":{"confidence_level":0.95,"lower_bound":60991143.0,"upper_bound":61120365.0},"point_estimate":61042172.0,"standard_error":31868.171516855695},"median_abs_dev":{"confidence_interval":{"confidence_level":0.95,"lower_bound":238371.68246805668,"upper_bound":473250.3593981266},"point_estimate":341935.73842942715,"standard_error":62797.988058433795},"slope":null,"std_dev":{"confidence_interval":{"confidence_level":0.95,"lower_bound":419536.91619319096,"upper_bound":832568.1602391232},"point_estimate":625518.7242983101,"standard_error":108477.08587332845}}