{"mean":{"confidence_interval":{"confidence_level":0.95,"lower_bound":62494455.953250006,"upper_bound":62627791.521},"point_estimate":62559064.4,"standard_error":34022.67751984813},"median":{"confidence_interval":{"confidence_level":0.95,"lower_bound":62428189.0,"upper_bound":62548337.0},"point_estimate":62491881.5,"standard_error":34574.64636897947},"median_abs_dev":{"confidence_interval":{"confidence_level":0.95,"lower_bound":187314.64587450027,"upper_bound":373743.4382647276},"point_estimate":290159.6408486366,"standard_error":48628.97294122181},"slope":null,"std_dev":{"confidence_interval":{"confidence_level":0.95,"lower_bound":270683.78751383163,"upper_bound":409149.1725954987},"point_estimate":341741.14354268,"standard_error":35509.82853346878}}