{"mean":{"confidence_interval":{"confidence_level":0.95,"lower_bound":91852959.83916667,"upper_bound":92387899.12666667},"point_estimate":92124150.2,"standard_error":136994.68470565966},"median":{"confidence_interval":{"confidence_level":0.95,"lower_bound":91731462.5,"upper_bound":92499704.66666667},"point_estimate":92111833.16666666,"standard_error":184479.4776699311},"median_abs_dev":{"confidence_interval":{"confidence_level":0.95,"lower_bound":129889.84239399433,"upper_bound":823614.9257779195},"point_estimate":462937.14688123745,"standard_error":182489.54052646444},"slope":null,"std_dev":{"confidence_interval":{"confidence_level":0.95,"lower_bound":260822.01585383544,"upper_bound":565981.9895278581},"point_estimate":455830.33404016274,"standard_error":78468.87211724508}}