{"mean":{"confidence_interval":{"confidence_level":0.95,"lower_bound":60746774.74825,"upper_bound":60905388.92},"point_estimate":60823264.61,"standard_error":40441.699485619174},"median":{"confidence_interval":{"confidence_level":0.95,"lower_bound":60662069.0,"upper_bound":60808340.0},"point_estimate":60750912.0,"standard_error":37481.61638577797},"median_abs_dev":{"confidence_interval":{"confidence_level":0.95,"lower_bound":239605.9469461441,"upper_bound":421148.83112311363},"point_estimate":351749.0676552057,"standard_error":45561.28119044473},"slope":null,"std_dev":{"confidence_interval":{"confidence_level":0.95,"lower_bound":321579.0712053308,"upper_bound":495436.591398154},"point_estimate":407023.37861246854,"standard_error":45044.463564783844}}