{"mean":{"confidence_interval":{"confidence_level":0.95,"lower_bound":87561808.8,"upper_bound":88151524.63333334},"point_estimate":87835985.03333333,"standard_error":151039.71278434165},"median":{"confidence_interval":{"confidence_level":0.95,"lower_bound":87429639.66666667,"upper_bound":88137986.33333333},"point_estimate":87791707.33333334,"standard_error":191712.28074119682},"median_abs_dev":{"confidence_interval":{"confidence_level":0.95,"lower_bound":69613.75206410149,"upper_bound":807914.4391566442},"point_estimate":471926.8918216376,"standard_error":183934.33481092827},"slope":null,"std_dev":{"confidence_interval":{"confidence_level":0.95,"lower_bound":239305.2568303631,"upper_bound":676339.8375667229},"point_estimate":503856.954161618,"standard_error":120827.03093768837}}