{"mean":{"confidence_interval":{"confidence_level":0.95,"lower_bound":10385591.322100002,"upper_bound":10415491.2703},"point_estimate":10400298.942000005,"standard_error":7615.632109342426},"median":{"confidence_interval":{"confidence_level":0.95,"lower_bound":10377766.2,"upper_bound":10420258.0},"point_estimate":10399727.5,"standard_error":11658.358048323948},"median_abs_dev":{"confidence_interval":{"confidence_level":0.95,"lower_bound":51112.04105257933,"upper_bound":84240.58920443058},"point_estimate":63928.22826504707,"standard_error":8600.576590679444},"slope":null,"std_dev":{"confidence_interval":{"confidence_level":0.95,"lower_bound":62236.67608316569,"upper_bound":90809.76152202679},"point_estimate":76726.72696257629,"standard_error":7351.1532833698375}}