{"mean":{"confidence_interval":{"confidence_level":0.95,"lower_bound":10374448.292050002,"upper_bound":10515302.839799996},"point_estimate":10434370.117999999,"standard_error":36409.84485730688},"median":{"confidence_interval":{"confidence_level":0.95,"lower_bound":10350664.0,"upper_bound":10381753.0},"point_estimate":10365327.5,"standard_error":7190.156555758991},"median_abs_dev":{"confidence_interval":{"confidence_level":0.95,"lower_bound":56447.17705786311,"upper_bound":88417.3698502768},"point_estimate":73964.24400687245,"standard_error":8067.557598533599},"slope":null,"std_dev":{"confidence_interval":{"confidence_level":0.95,"lower_bound":101234.16412675133,"upper_bound":565010.0856728397},"point_estimate":364009.8431599439,"standard_error":119437.8616455217}}