{"mean":{"confidence_interval":{"confidence_level":0.95,"lower_bound":10410279.6661,"upper_bound":10463890.996799996},"point_estimate":10433817.973999998,"standard_error":13780.218836749336},"median":{"confidence_interval":{"confidence_level":0.95,"lower_bound":10393878.2,"upper_bound":10421494.0},"point_estimate":10406592.100000001,"standard_error":6320.6541305593855},"median_abs_dev":{"confidence_interval":{"confidence_level":0.95,"lower_bound":43144.69705402879,"upper_bound":82321.51550500093},"point_estimate":56618.71387481662,"standard_error":10161.667173000495},"slope":null,"std_dev":{"confidence_interval":{"confidence_level":0.95,"lower_bound":68796.35194606883,"upper_bound":207222.05799984466},"point_estimate":138145.18212705385,"standard_error":39774.319736585414}}