{"mean":{"confidence_interval":{"confidence_level":0.95,"lower_bound":0.0006447831664637556,"upper_bound":0.014004027785968135},"point_estimate":0.0073335318492033785,"standard_error":0.003415411297006235},"median":{"confidence_interval":{"confidence_level":0.95,"lower_bound":0.0013302325955162342,"upper_bound":0.0156429895530652},"point_estimate":0.008150854059263857,"standard_error":0.003728018046903135}}