{"mean":{"confidence_interval":{"confidence_level":0.95,"lower_bound":-0.05162846826700063,"upper_bound":-0.034203270035110915},"point_estimate":-0.04289349962824829,"standard_error":0.004460227692565672},"median":{"confidence_interval":{"confidence_level":0.95,"lower_bound":-0.058409146940064716,"upper_bound":-0.029037457105795972},"point_estimate":-0.03716188581935431,"standard_error":0.007504008786690087}}