{"mean":{"confidence_interval":{"confidence_level":0.95,"lower_bound":-0.0044602605622165335,"upper_bound":0.016967888443653743},"point_estimate":0.005788547275928924,"standard_error":0.0054695377949627545},"median":{"confidence_interval":{"confidence_level":0.95,"lower_bound":-0.009240502867313816,"upper_bound":0.019229330264962208},"point_estimate":0.002321088158179885,"standard_error":0.007518232636528531}}