{"mean":{"confidence_interval":{"confidence_level":0.95,"lower_bound":0.004353419353322969,"upper_bound":0.01659399316092299},"point_estimate":0.01082205170132755,"standard_error":0.0030771934482235275},"median":{"confidence_interval":{"confidence_level":0.95,"lower_bound":0.004832310789414596,"upper_bound":0.018164419763145506},"point_estimate":0.012251852044089073,"standard_error":0.0034481221423775074}}