{"mean":{"confidence_interval":{"confidence_level":0.95,"lower_bound":-0.014631563306419813,"upper_bound":-0.0031859891214158554},"point_estimate":-0.009081618012460324,"standard_error":0.0029255375047345755},"median":{"confidence_interval":{"confidence_level":0.95,"lower_bound":-0.016473617074983515,"upper_bound":-0.0053833220977562955},"point_estimate":-0.01006123847953011,"standard_error":0.0028532425302800453}}