{"mean":{"confidence_interval":{"confidence_level":0.95,"lower_bound":-0.032028087820050254,"upper_bound":-0.009885338106867505},"point_estimate":-0.02049772946889661,"standard_error":0.005668456652304576},"median":{"confidence_interval":{"confidence_level":0.95,"lower_bound":-0.027519198683813362,"upper_bound":-0.0003391136658018601},"point_estimate":-0.01373666047235289,"standard_error":0.007563427726042392}}