{"mean":{"confidence_interval":{"confidence_level":0.95,"lower_bound":28057337.682625,"upper_bound":28264811.81725},"point_estimate":28161034.175,"standard_error":52860.99980533093},"median":{"confidence_interval":{"confidence_level":0.95,"lower_bound":28023077.0,"upper_bound":28259342.5},"point_estimate":28150449.75,"standard_error":53331.24965718403},"median_abs_dev":{"confidence_interval":{"confidence_level":0.95,"lower_bound":386579.7888368368,"upper_bound":610221.4699164033},"point_estimate":498194.362655282,"standard_error":56673.96819704646},"slope":null,"std_dev":{"confidence_interval":{"confidence_level":0.95,"lower_bound":449245.6814444924,"upper_bound":606601.1200941898},"point_estimate":531768.886585864,"standard_error":40152.35803658427}}