{"mean":{"confidence_interval":{"confidence_level":0.95,"lower_bound":29189926.147375003,"upper_bound":29342396.231},"point_estimate":29266268.985,"standard_error":39057.07319634713},"median":{"confidence_interval":{"confidence_level":0.95,"lower_bound":29163609.25,"upper_bound":29374004.25},"point_estimate":29266424.0,"standard_error":61850.27925169623},"median_abs_dev":{"confidence_interval":{"confidence_level":0.95,"lower_bound":303273.23761582375,"upper_bound":473615.8202916384},"point_estimate":366538.37304264307,"standard_error":43803.60069048287},"slope":null,"std_dev":{"confidence_interval":{"confidence_level":0.95,"lower_bound":338848.5066842542,"upper_bound":436750.0273434318},"point_estimate":391202.0369777394,"standard_error":25027.77109037981}}