{"mean":{"confidence_interval":{"confidence_level":0.95,"lower_bound":30661325.958611127,"upper_bound":30857446.839444436},"point_estimate":30760156.861111104,"standard_error":49965.217992372614},"median":{"confidence_interval":{"confidence_level":0.95,"lower_bound":30647226.75,"upper_bound":30861993.916666664},"point_estimate":30774714.583333336,"standard_error":60330.67467853949},"median_abs_dev":{"confidence_interval":{"confidence_level":0.95,"lower_bound":153052.00758278553,"upper_bound":411357.74089694576},"point_estimate":273832.8792884973,"standard_error":64034.13199803784},"slope":null,"std_dev":{"confidence_interval":{"confidence_level":0.95,"lower_bound":205798.199587016,"upper_bound":335964.0302691436},"point_estimate":278445.6798132673,"standard_error":33227.32722487174}}