{"mean":{"confidence_interval":{"confidence_level":0.95,"lower_bound":21948982.491458334,"upper_bound":21981533.218333334},"point_estimate":21965259.8125,"standard_error":8307.197425415066},"median":{"confidence_interval":{"confidence_level":0.95,"lower_bound":21937038.5625,"upper_bound":21987542.75},"point_estimate":21976454.75,"standard_error":12534.067665792292},"median_abs_dev":{"confidence_interval":{"confidence_level":0.95,"lower_bound":26295.485795661807,"upper_bound":77401.72617584467},"point_estimate":48831.83935806155,"standard_error":13328.59559391934},"slope":null,"std_dev":{"confidence_interval":{"confidence_level":0.95,"lower_bound":36999.44045161396,"upper_bound":53372.47518038404},"point_estimate":46218.70113998898,"standard_error":4189.535932229919}}