{"mean":{"confidence_interval":{"confidence_level":0.95,"lower_bound":19881013.02808333,"upper_bound":19945999.271750003},"point_estimate":19909378.326666668,"standard_error":16738.889815212107},"median":{"confidence_interval":{"confidence_level":0.95,"lower_bound":19859633.0,"upper_bound":19901962.0},"point_estimate":19882889.0,"standard_error":12929.606892263519},"median_abs_dev":{"confidence_interval":{"confidence_level":0.95,"lower_bound":58706.89416274615,"upper_bound":122340.69042801489},"point_estimate":88533.45742821693,"standard_error":16545.246682245895},"slope":null,"std_dev":{"confidence_interval":{"confidence_level":0.95,"lower_bound":84590.23557195584,"upper_bound":255904.27072155604},"point_estimate":168348.2598890533,"standard_error":52444.785381315494}}