{"mean":{"confidence_interval":{"confidence_level":0.95,"lower_bound":22104110.227083333,"upper_bound":22163844.327604167},"point_estimate":22134246.175,"standard_error":15273.323256213009},"median":{"confidence_interval":{"confidence_level":0.95,"lower_bound":22092635.75,"upper_bound":22176106.9375},"point_estimate":22139240.875,"standard_error":21223.932308206855},"median_abs_dev":{"confidence_interval":{"confidence_level":0.95,"lower_bound":52424.64240677655,"upper_bound":133700.86562633514},"point_estimate":83121.78219929338,"standard_error":20906.6046923195},"slope":null,"std_dev":{"confidence_interval":{"confidence_level":0.95,"lower_bound":66089.60448139916,"upper_bound":100227.60174227785},"point_estimate":85653.53549518548,"standard_error":8714.280838130857}}