{"mean":{"confidence_interval":{"confidence_level":0.95,"lower_bound":19643319.07908333,"upper_bound":19671768.08158333},"point_estimate":19656332.18,"standard_error":7272.27442369534},"median":{"confidence_interval":{"confidence_level":0.95,"lower_bound":19624872.0,"upper_bound":19638446.333333332},"point_estimate":19632551.833333336,"standard_error":3542.8759691818086},"median_abs_dev":{"confidence_interval":{"confidence_level":0.95,"lower_bound":20456.91443681717,"upper_bound":40884.43632915802},"point_estimate":30709.340354802065,"standard_error":5609.777282439918},"slope":null,"std_dev":{"confidence_interval":{"confidence_level":0.95,"lower_bound":46102.85595850931,"upper_bound":103466.45793713162},"point_estimate":73132.17026214406,"standard_error":17104.782218575114}}