{"mean":{"confidence_interval":{"confidence_level":0.95,"lower_bound":3382843.264371289,"upper_bound":3407391.7577761253},"point_estimate":3396064.6888697827,"standard_error":6329.3546502831},"median":{"confidence_interval":{"confidence_level":0.95,"lower_bound":3382836.161111111,"upper_bound":3413952.3962962963},"point_estimate":3398679.5084876544,"standard_error":8151.956053259353},"median_abs_dev":{"confidence_interval":{"confidence_level":0.95,"lower_bound":772.1325751813068,"upper_bound":32650.36796493896},"point_estimate":22257.516775498192,"standard_error":9394.355098099346},"slope":{"confidence_interval":{"confidence_level":0.95,"lower_bound":3393881.450552647,"upper_bound":3410675.365516348},"point_estimate":3400370.9275613273,"standard_error":4199.196403302235},"std_dev":{"confidence_interval":{"confidence_level":0.95,"lower_bound":9060.138971918816,"upper_bound":27661.224603632425},"point_estimate":21094.009628476557,"standard_error":4975.009682924191}}