{"mean":{"confidence_interval":{"confidence_level":0.95,"lower_bound":-0.06072488193518006,"upper_bound":-0.05690626902093486},"point_estimate":-0.058866244762622144,"standard_error":0.0009773493981070365},"median":{"confidence_interval":{"confidence_level":0.95,"lower_bound":-0.062469965578426656,"upper_bound":-0.05851644012436496},"point_estimate":-0.06076416247600924,"standard_error":0.0010261344144329033}}