{"mean":{"confidence_interval":{"confidence_level":0.95,"lower_bound":-0.059272942414484414,"upper_bound":-0.05267092682680342},"point_estimate":-0.055976925152411816,"standard_error":0.0016877888070342376},"median":{"confidence_interval":{"confidence_level":0.95,"lower_bound":-0.05988966121537376,"upper_bound":-0.05144776191148026},"point_estimate":-0.05588399622390805,"standard_error":0.0022457674235288575}}