{"mean":{"confidence_interval":{"confidence_level":0.95,"lower_bound":-0.001884429449850946,"upper_bound":0.012389010225804232},"point_estimate":0.005346475582564736,"standard_error":0.0036516015769879106},"median":{"confidence_interval":{"confidence_level":0.95,"lower_bound":0.0003083190142820349,"upper_bound":0.009922304120880243},"point_estimate":0.005317350917803276,"standard_error":0.002572789987578029}}