{"mean":{"confidence_interval":{"confidence_level":0.95,"lower_bound":-0.260085723505557,"upper_bound":-0.2549625232649218},"point_estimate":-0.25751174907946317,"standard_error":0.0013326522786513892},"median":{"confidence_interval":{"confidence_level":0.95,"lower_bound":-0.261166028507238,"upper_bound":-0.25450919379750103},"point_estimate":-0.2568809249669076,"standard_error":0.0017380029918815142}}