{"mean":{"confidence_interval":{"confidence_level":0.95,"lower_bound":-0.013571822373159166,"upper_bound":0.001221479085259957},"point_estimate":-0.006578373891033551,"standard_error":0.00376960544349484},"median":{"confidence_interval":{"confidence_level":0.95,"lower_bound":-0.014517516310652012,"upper_bound":0.000018094575498395216},"point_estimate":-0.005759092069751115,"standard_error":0.0036185634381211773}}