{"mean":{"confidence_interval":{"confidence_level":0.95,"lower_bound":-0.06810078644211248,"upper_bound":-0.057256772883160605},"point_estimate":-0.061966702252038486,"standard_error":0.0028071486685711865},"median":{"confidence_interval":{"confidence_level":0.95,"lower_bound":-0.06425836266707763,"upper_bound":-0.056439273715458003},"point_estimate":-0.061208287924660154,"standard_error":0.0020679521854184268}}