{"mean":{"confidence_interval":{"confidence_level":0.95,"lower_bound":0.048526868269043,"upper_bound":0.06117662460498945},"point_estimate":0.05428041598006206,"standard_error":0.0032210775109276146},"median":{"confidence_interval":{"confidence_level":0.95,"lower_bound":0.046507017658322436,"upper_bound":0.057717341174516656},"point_estimate":0.05241855664257433,"standard_error":0.0027409609844653224}}