{"mean":{"confidence_interval":{"confidence_level":0.95,"lower_bound":14928234.217708334,"upper_bound":15069705.818333333},"point_estimate":14998097.725,"standard_error":36131.9959455881},"median":{"confidence_interval":{"confidence_level":0.95,"lower_bound":14916535.375,"upper_bound":15060658.625},"point_estimate":14993712.0,"standard_error":43558.56179335393},"median_abs_dev":{"confidence_interval":{"confidence_level":0.95,"lower_bound":105446.95792794228,"upper_bound":312846.3856458664},"point_estimate":265989.184127748,"standard_error":55266.34796757554},"slope":null,"std_dev":{"confidence_interval":{"confidence_level":0.95,"lower_bound":154333.46592327653,"upper_bound":235341.54764055004},"point_estimate":200544.32773449353,"standard_error":20665.62484925339}}