{"mean":{"confidence_interval":{"confidence_level":0.95,"lower_bound":15496939.159860117,"upper_bound":15629368.685714286},"point_estimate":15558302.043214286,"standard_error":34090.323726293485},"median":{"confidence_interval":{"confidence_level":0.95,"lower_bound":15484517.35,"upper_bound":15628311.75},"point_estimate":15541575.333333332,"standard_error":32782.196882015385},"median_abs_dev":{"confidence_interval":{"confidence_level":0.95,"lower_bound":17502.46333926916,"upper_bound":168859.8415021373},"point_estimate":106594.78682756452,"standard_error":42609.92824406028},"slope":{"confidence_interval":{"confidence_level":0.95,"lower_bound":15489775.640455037,"upper_bound":15698078.847141933},"point_estimate":15575632.18961039,"standard_error":57674.061343592024},"std_dev":{"confidence_interval":{"confidence_level":0.95,"lower_bound":49214.655683183206,"upper_bound":156833.59781836497},"point_estimate":114016.09572234991,"standard_error":30075.131163371072}}