{"mean":{"confidence_interval":{"confidence_level":0.95,"lower_bound":14272142.338125,"upper_bound":14381751.691666666},"point_estimate":14325491.258333333,"standard_error":28079.69277108661},"median":{"confidence_interval":{"confidence_level":0.95,"lower_bound":14231659.25,"upper_bound":14402004.5},"point_estimate":14278862.75,"standard_error":45194.11993652923},"median_abs_dev":{"confidence_interval":{"confidence_level":0.95,"lower_bound":73186.0180144385,"upper_bound":226004.57478761673},"point_estimate":164002.24388837814,"standard_error":39569.40107004495},"slope":null,"std_dev":{"confidence_interval":{"confidence_level":0.95,"lower_bound":117779.1807701077,"upper_bound":189135.13097208177},"point_estimate":156543.62872614065,"standard_error":18363.80141292334}}