{"mean":{"confidence_interval":{"confidence_level":0.95,"lower_bound":14965428.716666667,"upper_bound":15160655.877083333},"point_estimate":15062577.491666667,"standard_error":49809.92250019291},"median":{"confidence_interval":{"confidence_level":0.95,"lower_bound":14911392.75,"upper_bound":15212872.625},"point_estimate":15078826.25,"standard_error":96097.76702655556},"median_abs_dev":{"confidence_interval":{"confidence_level":0.95,"lower_bound":199745.6906788051,"upper_bound":429490.1239000261},"point_estimate":338829.8768095672,"standard_error":57135.75111863181},"slope":null,"std_dev":{"confidence_interval":{"confidence_level":0.95,"lower_bound":222068.6944849053,"upper_bound":320201.59740705014},"point_estimate":277752.01028320956,"standard_error":25027.426942093833}}