{"mean":{"confidence_interval":{"confidence_level":0.95,"lower_bound":0.020175309231026888,"upper_bound":0.04369551581542826},"point_estimate":0.0327115646922258,"standard_error":0.006067573717844019},"median":{"confidence_interval":{"confidence_level":0.95,"lower_bound":0.023158969326321666,"upper_bound":0.04736752836604108},"point_estimate":0.040439176337336624,"standard_error":0.005900978959084981}}