{"mean":{"confidence_interval":{"confidence_level":0.95,"lower_bound":-0.022034643300312223,"upper_bound":-0.00966755196921385},"point_estimate":-0.015973978681154133,"standard_error":0.0031372055312195884},"median":{"confidence_interval":{"confidence_level":0.95,"lower_bound":-0.02208476601064091,"upper_bound":-0.011486993422314073},"point_estimate":-0.017472715293412877,"standard_error":0.0026697908672254993}}