{"mean":{"confidence_interval":{"confidence_level":0.95,"lower_bound":-0.06304503572727906,"upper_bound":-0.04733078627805559},"point_estimate":-0.05583077820767335,"standard_error":0.003927871638465621},"median":{"confidence_interval":{"confidence_level":0.95,"lower_bound":-0.0651919435638213,"upper_bound":-0.05331816374997955},"point_estimate":-0.05923875187569039,"standard_error":0.00307769565578338}}