{"mean":{"confidence_interval":{"confidence_level":0.95,"lower_bound":-0.023513270674744523,"upper_bound":-0.013392693717476305},"point_estimate":-0.01850033520610328,"standard_error":0.0025838047138696954},"median":{"confidence_interval":{"confidence_level":0.95,"lower_bound":-0.023395077821975797,"upper_bound":-0.01190415276460799},"point_estimate":-0.017120294279636794,"standard_error":0.002972864022551613}}