{"mean":{"confidence_interval":{"confidence_level":0.95,"lower_bound":0.00445454886606303,"upper_bound":0.024969990719421523},"point_estimate":0.01396648322416616,"standard_error":0.005453691136344184},"median":{"confidence_interval":{"confidence_level":0.95,"lower_bound":0.0009872562577193378,"upper_bound":0.024521177748576317},"point_estimate":0.002975536954248348,"standard_error":0.00697923454844595}}