{"mean":{"confidence_interval":{"confidence_level":0.95,"lower_bound":0.048941986753386714,"upper_bound":0.06501379175484233},"point_estimate":0.057046547915583945,"standard_error":0.0040903277647595165},"median":{"confidence_interval":{"confidence_level":0.95,"lower_bound":0.05513281482772703,"upper_bound":0.06952893234267155},"point_estimate":0.06198505024675294,"standard_error":0.0036432560721118626}}