{"mean":{"confidence_interval":{"confidence_level":0.95,"lower_bound":-0.004195972415983782,"upper_bound":0.021151325992244827},"point_estimate":0.007023757266154229,"standard_error":0.0061615894382108195},"median":{"confidence_interval":{"confidence_level":0.95,"lower_bound":-0.0074088425907973265,"upper_bound":0.019459514649875276},"point_estimate":0.0018521566789651,"standard_error":0.006241287675115952}}