{"mean":{"confidence_interval":{"confidence_level":0.95,"lower_bound":0.00747734743647687,"upper_bound":0.024613545265548615},"point_estimate":0.015677423030031834,"standard_error":0.00438844930851475},"median":{"confidence_interval":{"confidence_level":0.95,"lower_bound":0.004611708840861706,"upper_bound":0.028664802796049216},"point_estimate":0.01235978228429091,"standard_error":0.0057804557784672155}}