{"mean":{"confidence_interval":{"confidence_level":0.95,"lower_bound":-0.053912922045437,"upper_bound":-0.030940079916341692},"point_estimate":-0.041586307649323695,"standard_error":0.0058970168779723196},"median":{"confidence_interval":{"confidence_level":0.95,"lower_bound":-0.05181083447585744,"upper_bound":-0.023664878471480688},"point_estimate":-0.029860182917655798,"standard_error":0.007658290302012972}}