{"mean":{"confidence_interval":{"confidence_level":0.95,"lower_bound":-0.0012932991862656556,"upper_bound":0.006642969236455557},"point_estimate":0.0026449988423347115,"standard_error":0.00200470425827313},"median":{"confidence_interval":{"confidence_level":0.95,"lower_bound":-0.002313997299019821,"upper_bound":0.007255189442142475},"point_estimate":0.00246706144222153,"standard_error":0.002434166536614149}}