{"mean":{"confidence_interval":{"confidence_level":0.95,"lower_bound":-0.04772605309942186,"upper_bound":-0.041277445665627646},"point_estimate":-0.04440031606123074,"standard_error":0.0016616413801028111},"median":{"confidence_interval":{"confidence_level":0.95,"lower_bound":-0.047906365544290175,"upper_bound":-0.03959414704995823},"point_estimate":-0.044180784557660724,"standard_error":0.0021417484422688957}}