{"mean":{"confidence_interval":{"confidence_level":0.95,"lower_bound":0.04451814629785894,"upper_bound":0.05174384278075977},"point_estimate":0.048102990816341284,"standard_error":0.0018466031998350917},"median":{"confidence_interval":{"confidence_level":0.95,"lower_bound":0.042685938258193445,"upper_bound":0.05223846484716921},"point_estimate":0.04783239273136708,"standard_error":0.002457023859040541}}