{"mean":{"confidence_interval":{"confidence_level":0.95,"lower_bound":0.03341593029602053,"upper_bound":0.0486776929820356},"point_estimate":0.04220874975736866,"standard_error":0.00397562493051971},"median":{"confidence_interval":{"confidence_level":0.95,"lower_bound":0.040288325123781554,"upper_bound":0.04993370075925929},"point_estimate":0.046205343352954564,"standard_error":0.002507498435483898}}