{"mean":{"confidence_interval":{"confidence_level":0.95,"lower_bound":-0.0037098161081288174,"upper_bound":0.005446584173516405},"point_estimate":0.0010686863962214854,"standard_error":0.0023375115351188754},"median":{"confidence_interval":{"confidence_level":0.95,"lower_bound":-0.0017149238484601703,"upper_bound":0.008670220506302062},"point_estimate":0.003949643162211247,"standard_error":0.0025444618007426853}}