{"mean":{"confidence_interval":{"confidence_level":0.95,"lower_bound":-0.011475148590833813,"upper_bound":-0.0037137281203471805},"point_estimate":-0.007517963876348177,"standard_error":0.001968592344385601},"median":{"confidence_interval":{"confidence_level":0.95,"lower_bound":-0.01164147247847025,"upper_bound":-0.001864724667166473},"point_estimate":-0.005453521191840283,"standard_error":0.0025221517844724725}}