{"mean":{"confidence_interval":{"confidence_level":0.95,"lower_bound":-0.003008198504211179,"upper_bound":0.011500604121376655},"point_estimate":0.0030857143612725846,"standard_error":0.0038295698847156017},"median":{"confidence_interval":{"confidence_level":0.95,"lower_bound":-0.004549443380312712,"upper_bound":0.004087929520791622},"point_estimate":-0.001970728195699878,"standard_error":0.0022016300253651817}}