{"mean":{"confidence_interval":{"confidence_level":0.95,"lower_bound":-0.05263108122838275,"upper_bound":-0.04517255795580708},"point_estimate":-0.04885569722660421,"standard_error":0.0018923138409644266},"median":{"confidence_interval":{"confidence_level":0.95,"lower_bound":-0.05367967511597327,"upper_bound":-0.04291731290868994},"point_estimate":-0.04800405240867456,"standard_error":0.0027427384522028006}}