{"mean":{"confidence_interval":{"confidence_level":0.95,"lower_bound":-0.01066288199659823,"upper_bound":-0.0011887622136727534},"point_estimate":-0.005882944827317216,"standard_error":0.002413804256104993},"median":{"confidence_interval":{"confidence_level":0.95,"lower_bound":-0.013206319094755337,"upper_bound":-0.0036488357379801666},"point_estimate":-0.009359745170072542,"standard_error":0.0024242570384459517}}