{"mean":{"confidence_interval":{"confidence_level":0.95,"lower_bound":52174822.665,"upper_bound":52226684.807000004},"point_estimate":52200001.04,"standard_error":13210.43923068748},"median":{"confidence_interval":{"confidence_level":0.95,"lower_bound":52146844.0,"upper_bound":52187690.5},"point_estimate":52170926.0,"standard_error":11658.35961009532},"median_abs_dev":{"confidence_interval":{"confidence_level":0.95,"lower_bound":80143.4241771698,"upper_bound":136832.11677074432},"point_estimate":114510.09156703949,"standard_error":14102.51407684121},"slope":null,"std_dev":{"confidence_interval":{"confidence_level":0.95,"lower_bound":107147.11558335718,"upper_bound":155569.58621656828},"point_estimate":132586.35895973764,"standard_error":12392.952046877808}}