{"mean":{"confidence_interval":{"confidence_level":0.95,"lower_bound":87391484.71583334,"upper_bound":89223498.85666667},"point_estimate":88291901.46666667,"standard_error":468138.21469285974},"median":{"confidence_interval":{"confidence_level":0.95,"lower_bound":86944897.5,"upper_bound":89131929.33333334},"point_estimate":88463824.66666667,"standard_error":476188.74569837144},"median_abs_dev":{"confidence_interval":{"confidence_level":0.95,"lower_bound":260008.25228392708,"upper_bound":2717539.034754038},"point_estimate":1124611.3840341677,"standard_error":673848.835505822},"slope":null,"std_dev":{"confidence_interval":{"confidence_level":0.95,"lower_bound":725768.7492605076,"upper_bound":2070313.955330421},"point_estimate":1558879.400896636,"standard_error":342879.12193698884}}