{"mean":{"confidence_interval":{"confidence_level":0.95,"lower_bound":90606623.76666668,"upper_bound":91793521.23416668},"point_estimate":91194159.83333333,"standard_error":304691.51417874446},"median":{"confidence_interval":{"confidence_level":0.95,"lower_bound":90356210.33333333,"upper_bound":92035509.83333333},"point_estimate":91125985.66666666,"standard_error":495051.6332121258},"median_abs_dev":{"confidence_interval":{"confidence_level":0.95,"lower_bound":181879.43437099457,"upper_bound":1701268.149596438},"point_estimate":1192379.2991310395,"standard_error":380253.2273863118},"slope":null,"std_dev":{"confidence_interval":{"confidence_level":0.95,"lower_bound":616050.0256348529,"upper_bound":1264741.8327951534},"point_estimate":1016560.4721104207,"standard_error":166888.9173745477}}