{"mean":{"confidence_interval":{"confidence_level":0.95,"lower_bound":60554924.41083334,"upper_bound":61913175.14833333},"point_estimate":61215438.53333333,"standard_error":348218.7968337505},"median":{"confidence_interval":{"confidence_level":0.95,"lower_bound":59792124.5,"upper_bound":62073772.0},"point_estimate":60068616.5,"standard_error":559807.8950279115},"median_abs_dev":{"confidence_interval":{"confidence_level":0.95,"lower_bound":358704.6854317188,"upper_bound":2248823.948675394},"point_estimate":797896.016934514,"standard_error":493367.26292221335},"slope":null,"std_dev":{"confidence_interval":{"confidence_level":0.95,"lower_bound":1551619.1594250433,"upper_bound":2130567.6813931367},"point_estimate":1948307.3916566786,"standard_error":148810.13392478376}}