{"mean":{"confidence_interval":{"confidence_level":0.95,"lower_bound":67572462.16666667,"upper_bound":67906888.93333332},"point_estimate":67711531.26666668,"standard_error":88416.25838881133},"median":{"confidence_interval":{"confidence_level":0.95,"lower_bound":67583045.0,"upper_bound":67778607.83333333},"point_estimate":67617159.0,"standard_error":43659.95581369457},"median_abs_dev":{"confidence_interval":{"confidence_level":0.95,"lower_bound":8669.256246104664,"upper_bound":297523.22071791434},"point_estimate":67066.64530932167,"standard_error":75346.72760203463},"slope":null,"std_dev":{"confidence_interval":{"confidence_level":0.95,"lower_bound":40998.8332154122,"upper_bound":435626.9575658739},"point_estimate":295485.20928143564,"standard_error":114517.77260702125}}