{"mean":{"confidence_interval":{"confidence_level":0.95,"lower_bound":4049248.7169230767,"upper_bound":4068452.358923075},"point_estimate":4058564.266153846,"standard_error":4892.107431402425},"median":{"confidence_interval":{"confidence_level":0.95,"lower_bound":4040724.153846154,"upper_bound":4060872.230769231},"point_estimate":4050400.9615384615,"standard_error":4835.83614232494},"median_abs_dev":{"confidence_interval":{"confidence_level":0.95,"lower_bound":35103.63362293987,"upper_bound":58634.54803595171},"point_estimate":48920.952169940996,"standard_error":6098.903264294215},"slope":null,"std_dev":{"confidence_interval":{"confidence_level":0.95,"lower_bound":39920.610974640564,"upper_bound":59322.82239918378},"point_estimate":49120.42879970641,"standard_error":5075.494301291618}}