{"mean":{"confidence_interval":{"confidence_level":0.95,"lower_bound":4006489.376211538,"upper_bound":4027229.810403845},"point_estimate":4016479.2076923065,"standard_error":5296.107181297732},"median":{"confidence_interval":{"confidence_level":0.95,"lower_bound":3999427.6923076925,"upper_bound":4021803.9615384615},"point_estimate":4012125.5384615385,"standard_error":7648.107147541172},"median_abs_dev":{"confidence_interval":{"confidence_level":0.95,"lower_bound":30716.563277749658,"upper_bound":52228.46164199038},"point_estimate":39538.48930574394,"standard_error":5559.168690890807},"slope":null,"std_dev":{"confidence_interval":{"confidence_level":0.95,"lower_bound":39514.52757025607,"upper_bound":67116.09986525653},"point_estimate":53205.37033072945,"standard_error":7185.195147810039}}