{"mean":{"confidence_interval":{"confidence_level":0.95,"lower_bound":-0.19351624557639005,"upper_bound":-0.1853739926742838},"point_estimate":-0.18975760782076878,"standard_error":0.0020907609932994103},"median":{"confidence_interval":{"confidence_level":0.95,"lower_bound":-0.19559512405364643,"upper_bound":-0.18373546138858987},"point_estimate":-0.1911625382009956,"standard_error":0.003154252280759282}}