{"mean":{"confidence_interval":{"confidence_level":0.95,"lower_bound":-0.07385766612449134,"upper_bound":-0.06778414882854585},"point_estimate":-0.07087426196947522,"standard_error":0.001548257488735071},"median":{"confidence_interval":{"confidence_level":0.95,"lower_bound":-0.0756036518867288,"upper_bound":-0.0683301342808178},"point_estimate":-0.07257035057645145,"standard_error":0.0019225801074768}}