{"mean":{"confidence_interval":{"confidence_level":0.95,"lower_bound":0.08259329978931411,"upper_bound":0.09800045858113728},"point_estimate":0.09025287972192575,"standard_error":0.0039003103371493494},"median":{"confidence_interval":{"confidence_level":0.95,"lower_bound":0.08372652745270459,"upper_bound":0.10224719699783735},"point_estimate":0.0871763969144308,"standard_error":0.004248225463417166}}