{"mean":{"confidence_interval":{"confidence_level":0.95,"lower_bound":0.003779165382561945,"upper_bound":0.020755815409576148},"point_estimate":0.012190740017855806,"standard_error":0.004349721653557421},"median":{"confidence_interval":{"confidence_level":0.95,"lower_bound":0.0006002037641090752,"upper_bound":0.02323008181585129},"point_estimate":0.014318411286381227,"standard_error":0.0046628777087955285}}