{"mean":{"confidence_interval":{"confidence_level":0.95,"lower_bound":-0.02380304926506593,"upper_bound":-0.014706619197000701},"point_estimate":-0.019389467496119583,"standard_error":0.0023224302392041334},"median":{"confidence_interval":{"confidence_level":0.95,"lower_bound":-0.029242624867456546,"upper_bound":-0.017823266430794606},"point_estimate":-0.022635946391350803,"standard_error":0.002765413356797794}}