{"mean":{"confidence_interval":{"confidence_level":0.95,"lower_bound":-0.029741385382073944,"upper_bound":-0.020374739075887605},"point_estimate":-0.02499467692330326,"standard_error":0.0024001603401164655},"median":{"confidence_interval":{"confidence_level":0.95,"lower_bound":-0.031810829166243115,"upper_bound":-0.017724439637136213},"point_estimate":-0.024113839428971606,"standard_error":0.003742448267031356}}