{"mean":{"confidence_interval":{"confidence_level":0.95,"lower_bound":-0.0020139616543134024,"upper_bound":0.010048595195867531},"point_estimate":0.003929842016055618,"standard_error":0.0030981351939830468},"median":{"confidence_interval":{"confidence_level":0.95,"lower_bound":-0.0047337708845909265,"upper_bound":0.00908255303649419},"point_estimate":0.0027700806060471095,"standard_error":0.003294907009658331}}