{"mean":{"confidence_interval":{"confidence_level":0.95,"lower_bound":-0.07453266787574406,"upper_bound":-0.06264808651182115},"point_estimate":-0.06822058447202806,"standard_error":0.003050288591522231},"median":{"confidence_interval":{"confidence_level":0.95,"lower_bound":-0.07391892574635761,"upper_bound":-0.06157093764018429},"point_estimate":-0.06479959147070258,"standard_error":0.0032833832848174955}}