{"mean":{"confidence_interval":{"confidence_level":0.95,"lower_bound":0.053580034402668064,"upper_bound":0.06174975611964787},"point_estimate":0.0575267426049384,"standard_error":0.0020614199527679462},"median":{"confidence_interval":{"confidence_level":0.95,"lower_bound":0.0549697302058465,"upper_bound":0.06542602889761873},"point_estimate":0.05834781317365367,"standard_error":0.0025198555028386}}