{"mean":{"confidence_interval":{"confidence_level":0.95,"lower_bound":-0.2500064437714524,"upper_bound":-0.24142850744329328},"point_estimate":-0.24666515248244492,"standard_error":0.0021926766537420685},"median":{"confidence_interval":{"confidence_level":0.95,"lower_bound":-0.25168739470460133,"upper_bound":-0.24284533884725645},"point_estimate":-0.2487016010743086,"standard_error":0.0020463632654577845}}