{"mean":{"confidence_interval":{"confidence_level":0.95,"lower_bound":-0.012243216498458704,"upper_bound":0.011277867705770906},"point_estimate":-0.002322649839545221,"standard_error":0.006105761420420344},"median":{"confidence_interval":{"confidence_level":0.95,"lower_bound":-0.014435363308386684,"upper_bound":0.00012190555095270561},"point_estimate":-0.0073509257534565275,"standard_error":0.0037938435207007463}}