{"mean":{"confidence_interval":{"confidence_level":0.95,"lower_bound":-0.06084502171426616,"upper_bound":-0.056204412435670835},"point_estimate":-0.05861878567116563,"standard_error":0.0011838015382098757},"median":{"confidence_interval":{"confidence_level":0.95,"lower_bound":-0.0628574086903535,"upper_bound":-0.055487749287208454},"point_estimate":-0.06041929651572708,"standard_error":0.001968378552584046}}