{"mean":{"confidence_interval":{"confidence_level":0.95,"lower_bound":-0.01010070743675169,"upper_bound":-0.005161552259877536},"point_estimate":-0.007876052956867663,"standard_error":0.0012584142580943985},"median":{"confidence_interval":{"confidence_level":0.95,"lower_bound":-0.010116524210981859,"upper_bound":-0.006254943046964501},"point_estimate":-0.008608823345971905,"standard_error":0.0010076392358486029}}