{"mean":{"confidence_interval":{"confidence_level":0.95,"lower_bound":0.010090911319770727,"upper_bound":0.031182986814931746},"point_estimate":0.022893489276150758,"standard_error":0.005748477337328222},"median":{"confidence_interval":{"confidence_level":0.95,"lower_bound":0.023687804559054726,"upper_bound":0.033682013689879664},"point_estimate":0.028289716321537206,"standard_error":0.002951464200285378}}