{"mean":{"confidence_interval":{"confidence_level":0.95,"lower_bound":0.0007616592291785799,"upper_bound":0.007633363444085761},"point_estimate":0.004158284284030644,"standard_error":0.001753172936420712},"median":{"confidence_interval":{"confidence_level":0.95,"lower_bound":-0.0003798943482292705,"upper_bound":0.008681814349584815},"point_estimate":0.0058087284335823774,"standard_error":0.0026254497764842946}}