{"mean":{"confidence_interval":{"confidence_level":0.95,"lower_bound":-0.06490995570960935,"upper_bound":-0.055736043511100085},"point_estimate":-0.05966894259704891,"standard_error":0.0024117418563730903},"median":{"confidence_interval":{"confidence_level":0.95,"lower_bound":-0.06216006170658289,"upper_bound":-0.05512244979744718},"point_estimate":-0.05662182400897109,"standard_error":0.001839286940880314}}