{"mean":{"confidence_interval":{"confidence_level":0.95,"lower_bound":0.013030571042265177,"upper_bound":0.016373051369159515},"point_estimate":0.014700232506883903,"standard_error":0.0008474801673283358},"median":{"confidence_interval":{"confidence_level":0.95,"lower_bound":0.013587152579566752,"upper_bound":0.01625760779665164},"point_estimate":0.015130251613932222,"standard_error":0.0006655814574545524}}