{"mean":{"confidence_interval":{"confidence_level":0.95,"lower_bound":28664954.429375,"upper_bound":29575713.299875002},"point_estimate":29126785.95,"standard_error":232217.60711323417},"median":{"confidence_interval":{"confidence_level":0.95,"lower_bound":28850759.5,"upper_bound":29645097.0},"point_estimate":29204673.0,"standard_error":205200.2929940581},"median_abs_dev":{"confidence_interval":{"confidence_level":0.95,"lower_bound":1582551.6284728444,"upper_bound":3258560.5215489864},"point_estimate":2399576.567249,"standard_error":449845.3432058023},"slope":null,"std_dev":{"confidence_interval":{"confidence_level":0.95,"lower_bound":2026453.8619813619,"upper_bound":2615253.0685411},"point_estimate":2342231.2147397087,"standard_error":150398.8037687207}}