{"mean":{"confidence_interval":{"confidence_level":0.95,"lower_bound":0.025852661997210268,"upper_bound":0.04694042132798275},"point_estimate":0.036652391162132814,"standard_error":0.005382833387854623},"median":{"confidence_interval":{"confidence_level":0.95,"lower_bound":0.02721544973895962,"upper_bound":0.047996082835981335},"point_estimate":0.03959596099510376,"standard_error":0.005319590484431974}}