{"mean":{"confidence_interval":{"confidence_level":0.95,"lower_bound":-0.002626656783443736,"upper_bound":0.016590468372482146},"point_estimate":0.007120915083155266,"standard_error":0.004931527015330751},"median":{"confidence_interval":{"confidence_level":0.95,"lower_bound":-0.007106992128511513,"upper_bound":0.01805386566975775},"point_estimate":0.00687135472673428,"standard_error":0.006171697883880069}}