{"mean":{"confidence_interval":{"confidence_level":0.95,"lower_bound":0.004650893215901184,"upper_bound":0.041440961780014066},"point_estimate":0.022689147402455978,"standard_error":0.009354298010362744},"median":{"confidence_interval":{"confidence_level":0.95,"lower_bound":0.0008507486390130214,"upper_bound":0.04257494002262652},"point_estimate":0.02313365982216098,"standard_error":0.011044291569063959}}