{"mean":{"confidence_interval":{"confidence_level":0.95,"lower_bound":-0.028957847511370764,"upper_bound":-0.002443698243056609},"point_estimate":-0.016600742486817754,"standard_error":0.0067853755512506985},"median":{"confidence_interval":{"confidence_level":0.95,"lower_bound":-0.03030327906912289,"upper_bound":0.0022064582557852486},"point_estimate":-0.016717274479412292,"standard_error":0.009198178806217162}}