{"mean":{"confidence_interval":{"confidence_level":0.95,"lower_bound":-0.01703220482457113,"upper_bound":0.0007038967160635757},"point_estimate":-0.008265840945189007,"standard_error":0.004516086625903994},"median":{"confidence_interval":{"confidence_level":0.95,"lower_bound":-0.018991671393064125,"upper_bound":0.0021724848770338077},"point_estimate":-0.008212102478906136,"standard_error":0.005320279658998021}}