{"mean":{"confidence_interval":{"confidence_level":0.95,"lower_bound":-0.0033953647677567255,"upper_bound":0.017409363803432606},"point_estimate":0.006658418816002154,"standard_error":0.005248135011448444},"median":{"confidence_interval":{"confidence_level":0.95,"lower_bound":-0.0031929961938149676,"upper_bound":0.017077120488718345},"point_estimate":0.004183274098162437,"standard_error":0.004863746863010606}}