{"mean":{"confidence_interval":{"confidence_level":0.95,"lower_bound":0.02345270500341148,"upper_bound":0.04047010913093583},"point_estimate":0.03194509497853848,"standard_error":0.0043352659654502645},"median":{"confidence_interval":{"confidence_level":0.95,"lower_bound":0.02192617154064802,"upper_bound":0.042389184424738824},"point_estimate":0.03234858974650412,"standard_error":0.005151718335586045}}