{"mean":{"confidence_interval":{"confidence_level":0.95,"lower_bound":-0.0576200213168538,"upper_bound":-0.030134753990474588},"point_estimate":-0.04261051113882042,"standard_error":0.0070795707506364405},"median":{"confidence_interval":{"confidence_level":0.95,"lower_bound":-0.05403339900290738,"upper_bound":-0.02542148643157649},"point_estimate":-0.03994567236213209,"standard_error":0.006972349795402561}}