{"mean":{"confidence_interval":{"confidence_level":0.95,"lower_bound":-0.007918620178244939,"upper_bound":0.004999385350423605},"point_estimate":-0.0017451145933302659,"standard_error":0.0033028503584193155},"median":{"confidence_interval":{"confidence_level":0.95,"lower_bound":-0.009887014731344235,"upper_bound":0.003678914424041121},"point_estimate":-0.005164053289828385,"standard_error":0.0036002030805063583}}