{"mean":{"confidence_interval":{"confidence_level":0.95,"lower_bound":0.0008891647259410117,"upper_bound":0.011247342366893447},"point_estimate":0.006654546100585357,"standard_error":0.002618528129128286},"median":{"confidence_interval":{"confidence_level":0.95,"lower_bound":0.0031499694597310057,"upper_bound":0.01027880876695697},"point_estimate":0.005541901714760655,"standard_error":0.001955382396758482}}