{"mean":{"confidence_interval":{"confidence_level":0.95,"lower_bound":-0.05800136576597565,"upper_bound":-0.0417331543411867},"point_estimate":-0.05094164498846976,"standard_error":0.004141323469628285},"median":{"confidence_interval":{"confidence_level":0.95,"lower_bound":-0.06199773351608568,"upper_bound":-0.052129274403237336},"point_estimate":-0.056596196161453616,"standard_error":0.0024349989885518748}}