{"mean":{"confidence_interval":{"confidence_level":0.95,"lower_bound":-0.007690483015444358,"upper_bound":0.008341346203890408},"point_estimate":0.0008084624450552802,"standard_error":0.004087834366708057},"median":{"confidence_interval":{"confidence_level":0.95,"lower_bound":-0.006049015458717832,"upper_bound":0.009715874498938293},"point_estimate":0.003430850376348049,"standard_error":0.004131591615271727}}