{"mean":{"confidence_interval":{"confidence_level":0.95,"lower_bound":-0.05212031564343532,"upper_bound":-0.04093569291525867},"point_estimate":-0.04674072192330403,"standard_error":0.0028597002309093695},"median":{"confidence_interval":{"confidence_level":0.95,"lower_bound":-0.054124046245667023,"upper_bound":-0.040242260514383954},"point_estimate":-0.04733313448619103,"standard_error":0.0034624503538261396}}