{"mean":{"confidence_interval":{"confidence_level":0.95,"lower_bound":0.051852855587316796,"upper_bound":0.06381921562373886},"point_estimate":0.057485520647788446,"standard_error":0.003056595515846819},"median":{"confidence_interval":{"confidence_level":0.95,"lower_bound":0.0513123012139054,"upper_bound":0.06472129424114392},"point_estimate":0.05735750803725859,"standard_error":0.0034306533683990735}}