{"mean":{"confidence_interval":{"confidence_level":0.95,"lower_bound":-0.05275387977039621,"upper_bound":-0.03615826101534005},"point_estimate":-0.04316788796706761,"standard_error":0.004294674405965025},"median":{"confidence_interval":{"confidence_level":0.95,"lower_bound":-0.041061239512355796,"upper_bound":-0.031216616950179965},"point_estimate":-0.03639681647576898,"standard_error":0.0024924393118336335}}