{"mean":{"confidence_interval":{"confidence_level":0.95,"lower_bound":-0.028427327583716147,"upper_bound":-0.011454357389158133},"point_estimate":-0.01950962559778291,"standard_error":0.004324473318973443},"median":{"confidence_interval":{"confidence_level":0.95,"lower_bound":-0.020582455131803457,"upper_bound":-0.010695264201665222},"point_estimate":-0.017111086761442795,"standard_error":0.002538087774334096}}