{"mean":{"confidence_interval":{"confidence_level":0.95,"lower_bound":-0.009448500984404114,"upper_bound":0.003932944795461917},"point_estimate":-0.0024065440242146963,"standard_error":0.003413037427072711},"median":{"confidence_interval":{"confidence_level":0.95,"lower_bound":-0.01003660736444445,"upper_bound":0.005690825030910895},"point_estimate":-0.000590519945840251,"standard_error":0.004165335183045034}}