{"mean":{"confidence_interval":{"confidence_level":0.95,"lower_bound":0.01900376968181107,"upper_bound":0.028971862517668173},"point_estimate":0.024036621189308605,"standard_error":0.0025513581972316547},"median":{"confidence_interval":{"confidence_level":0.95,"lower_bound":0.017247382570724445,"upper_bound":0.028137975814115368},"point_estimate":0.02294651714411855,"standard_error":0.0028856073320465674}}