{"mean":{"confidence_interval":{"confidence_level":0.95,"lower_bound":-0.053729419339272055,"upper_bound":-0.03833748183632224},"point_estimate":-0.044824278779922455,"standard_error":0.0039624429238565365},"median":{"confidence_interval":{"confidence_level":0.95,"lower_bound":-0.04836583754191595,"upper_bound":-0.04007649093180613},"point_estimate":-0.0444090103139243,"standard_error":0.0020168139884338605}}