{"mean":{"confidence_interval":{"confidence_level":0.95,"lower_bound":-0.0351156568275808,"upper_bound":-0.024022441094956215},"point_estimate":-0.029588792781687245,"standard_error":0.0028179625986194602},"median":{"confidence_interval":{"confidence_level":0.95,"lower_bound":-0.03699406045821696,"upper_bound":-0.02309651210068364},"point_estimate":-0.028898880960478324,"standard_error":0.0035808703344484146}}