{"mean":{"confidence_interval":{"confidence_level":0.95,"lower_bound":-0.03557374541485782,"upper_bound":-0.023961313554997664},"point_estimate":-0.02989193259065126,"standard_error":0.002955222674639158},"median":{"confidence_interval":{"confidence_level":0.95,"lower_bound":-0.034688828597262966,"upper_bound":-0.023642858316024085},"point_estimate":-0.02932905403679409,"standard_error":0.002346583019027951}}