{"mean":{"confidence_interval":{"confidence_level":0.95,"lower_bound":0.0382784779212964,"upper_bound":0.056460567804235307},"point_estimate":0.046846197912421506,"standard_error":0.004658196971165464},"median":{"confidence_interval":{"confidence_level":0.95,"lower_bound":0.036254936519932945,"upper_bound":0.04998072958170918},"point_estimate":0.0418358642818808,"standard_error":0.003592425867170439}}