{"mean":{"confidence_interval":{"confidence_level":0.95,"lower_bound":0.02412583968906375,"upper_bound":0.04505136809409431},"point_estimate":0.03439395463943873,"standard_error":0.0053856891230252635},"median":{"confidence_interval":{"confidence_level":0.95,"lower_bound":0.0186649439089277,"upper_bound":0.04889283832214608},"point_estimate":0.037495399747317526,"standard_error":0.007189605814474084}}