{"mean":{"confidence_interval":{"confidence_level":0.95,"lower_bound":-0.036560873074209105,"upper_bound":-0.01957361017925454},"point_estimate":-0.02856995320825173,"standard_error":0.004350066029498411},"median":{"confidence_interval":{"confidence_level":0.95,"lower_bound":-0.035552235495491136,"upper_bound":-0.010949619732268379},"point_estimate":-0.02890079252485267,"standard_error":0.005558514478877747}}