{"mean":{"confidence_interval":{"confidence_level":0.95,"lower_bound":-0.05321690713165316,"upper_bound":-0.03412180226453359},"point_estimate":-0.04362991562733687,"standard_error":0.004844533783417615},"median":{"confidence_interval":{"confidence_level":0.95,"lower_bound":-0.057921181099138574,"upper_bound":-0.03018199270963995},"point_estimate":-0.044523535074440956,"standard_error":0.006939133011994064}}