{"mean":{"confidence_interval":{"confidence_level":0.95,"lower_bound":-0.0002707556753365806,"upper_bound":0.01525861191713734},"point_estimate":0.007661116696980885,"standard_error":0.003965050796614323},"median":{"confidence_interval":{"confidence_level":0.95,"lower_bound":-0.004482798868369109,"upper_bound":0.01865856345948788},"point_estimate":0.010276404752572965,"standard_error":0.005765633611117973}}