{"mean":{"confidence_interval":{"confidence_level":0.95,"lower_bound":0.009023333411997864,"upper_bound":0.027162928968350056},"point_estimate":0.017944483982812454,"standard_error":0.004633209882351256},"median":{"confidence_interval":{"confidence_level":0.95,"lower_bound":0.005998150852696726,"upper_bound":0.030933971657332693},"point_estimate":0.020456939283082676,"standard_error":0.006330739665416565}}