{"mean":{"confidence_interval":{"confidence_level":0.95,"lower_bound":-0.051426016698752026,"upper_bound":-0.03942274643149576},"point_estimate":-0.045932861379668344,"standard_error":0.0030579397943776634},"median":{"confidence_interval":{"confidence_level":0.95,"lower_bound":-0.04992744734249688,"upper_bound":-0.03741828006007786},"point_estimate":-0.04369881093002226,"standard_error":0.003171510678688834}}