{"mean":{"confidence_interval":{"confidence_level":0.95,"lower_bound":-0.023348448591092582,"upper_bound":0.0006204060004742477},"point_estimate":-0.011181177460466318,"standard_error":0.0061410283533617546},"median":{"confidence_interval":{"confidence_level":0.95,"lower_bound":-0.026847379549093442,"upper_bound":0.008815401010962898},"point_estimate":-0.010781159123549156,"standard_error":0.009498136196777153}}