{"mean":{"confidence_interval":{"confidence_level":0.95,"lower_bound":0.057956472718834265,"upper_bound":0.08074746600425968},"point_estimate":0.06954134939542911,"standard_error":0.005796751397933305},"median":{"confidence_interval":{"confidence_level":0.95,"lower_bound":0.05418935859655982,"upper_bound":0.08507317384890478},"point_estimate":0.06895569623726017,"standard_error":0.008619635945732155}}