{"mean":{"confidence_interval":{"confidence_level":0.95,"lower_bound":0.001584922874516483,"upper_bound":0.018748222870503026},"point_estimate":0.010212475940069021,"standard_error":0.0043956638990725865},"median":{"confidence_interval":{"confidence_level":0.95,"lower_bound":-0.005676154310941928,"upper_bound":0.0241606600325579},"point_estimate":0.0073579408531261326,"standard_error":0.007559370894844534}}