{"mean":{"confidence_interval":{"confidence_level":0.95,"lower_bound":91580103.25750001,"upper_bound":93091183.03333333},"point_estimate":92335688.46666667,"standard_error":387596.7287965186},"median":{"confidence_interval":{"confidence_level":0.95,"lower_bound":91446123.66666667,"upper_bound":93484659.5},"point_estimate":92135860.66666666,"standard_error":601723.6378443873},"median_abs_dev":{"confidence_interval":{"confidence_level":0.95,"lower_bound":134241.27331675205,"upper_bound":2144788.6730223745},"point_estimate":1142652.1547138728,"standard_error":536144.4539566245},"slope":null,"std_dev":{"confidence_interval":{"confidence_level":0.95,"lower_bound":761833.0244866568,"upper_bound":1615104.349942984},"point_estimate":1290945.5472645839,"standard_error":216552.24147589845}}