{"mean":{"confidence_interval":{"confidence_level":0.95,"lower_bound":61294559.34825,"upper_bound":62074934.837749995},"point_estimate":61673941.73,"standard_error":198780.58699923454},"median":{"confidence_interval":{"confidence_level":0.95,"lower_bound":60508967.0,"upper_bound":60865566.0},"point_estimate":60727671.0,"standard_error":88500.75884782821},"median_abs_dev":{"confidence_interval":{"confidence_level":0.95,"lower_bound":594534.4502449036,"upper_bound":1185683.383449912},"point_estimate":867750.1972943544,"standard_error":155947.13577609984},"slope":null,"std_dev":{"confidence_interval":{"confidence_level":0.95,"lower_bound":1700296.0588264007,"upper_bound":2274196.0351606933},"point_estimate":2000301.540731962,"standard_error":146241.526459903}}