{"mean":{"confidence_interval":{"confidence_level":0.95,"lower_bound":63917609.87775,"upper_bound":64682035.51975},"point_estimate":64294303.58,"standard_error":195561.79119913586},"median":{"confidence_interval":{"confidence_level":0.95,"lower_bound":62991344.0,"upper_bound":63401629.0},"point_estimate":63152128.5,"standard_error":149021.16246167824},"median_abs_dev":{"confidence_interval":{"confidence_level":0.95,"lower_bound":613720.0352042913,"upper_bound":1502648.932200142},"point_estimate":968188.9325112104,"standard_error":252174.80372634836},"slope":null,"std_dev":{"confidence_interval":{"confidence_level":0.95,"lower_bound":1792998.2686308138,"upper_bound":2078298.160546339},"point_estimate":1964599.2645828868,"standard_error":72828.2519827965}}