{"mean":{"confidence_interval":{"confidence_level":0.95,"lower_bound":-0.06476680280611018,"upper_bound":-0.041743681737992894},"point_estimate":-0.05272657056502483,"standard_error":0.0058837804339626},"median":{"confidence_interval":{"confidence_level":0.95,"lower_bound":-0.06619594797070927,"upper_bound":-0.036374965976831986},"point_estimate":-0.0500272156798337,"standard_error":0.00790781921892177}}