{"mean":{"confidence_interval":{"confidence_level":0.95,"lower_bound":-0.036825569960904275,"upper_bound":-0.013158470101292105},"point_estimate":-0.024988908793424303,"standard_error":0.006037870011365215},"median":{"confidence_interval":{"confidence_level":0.95,"lower_bound":-0.04452290334656195,"upper_bound":-0.014569262177754339},"point_estimate":-0.02763859942610447,"standard_error":0.007416565402148549}}