{"mean":{"confidence_interval":{"confidence_level":0.95,"lower_bound":0.06538133192647771,"upper_bound":0.0852621081600267},"point_estimate":0.07517546782377038,"standard_error":0.005085190349115945},"median":{"confidence_interval":{"confidence_level":0.95,"lower_bound":0.06254118213891133,"upper_bound":0.09378986147789359},"point_estimate":0.07908678322621365,"standard_error":0.008581809423811872}}