{"mean":{"confidence_interval":{"confidence_level":0.95,"lower_bound":-0.0023029842457212416,"upper_bound":0.02506855199162928},"point_estimate":0.011168146461787432,"standard_error":0.0070592362079194265},"median":{"confidence_interval":{"confidence_level":0.95,"lower_bound":-0.0018005124972940711,"upper_bound":0.0319715382330068},"point_estimate":0.011089160983930535,"standard_error":0.007973169444893895}}