{"mean":{"confidence_interval":{"confidence_level":0.95,"lower_bound":0.01547598333147744,"upper_bound":0.045991309381080654},"point_estimate":0.03003392714754516,"standard_error":0.007793625647971499},"median":{"confidence_interval":{"confidence_level":0.95,"lower_bound":0.012069286028809856,"upper_bound":0.043349748349491124},"point_estimate":0.024104296879807086,"standard_error":0.00875754994821529}}