{"mean":{"confidence_interval":{"confidence_level":0.95,"lower_bound":-0.03148260516144478,"upper_bound":-0.013733427448506114},"point_estimate":-0.022690479739450375,"standard_error":0.004515021805870616},"median":{"confidence_interval":{"confidence_level":0.95,"lower_bound":-0.03934405020356624,"upper_bound":-0.009581579747827362},"point_estimate":-0.023228121736917906,"standard_error":0.008032718976475036}}