{"mean":{"confidence_interval":{"confidence_level":0.95,"lower_bound":-0.007844378733365001,"upper_bound":0.026489575676392946},"point_estimate":0.008540359682600807,"standard_error":0.008754282501937116},"median":{"confidence_interval":{"confidence_level":0.95,"lower_bound":-0.004454130011416257,"upper_bound":0.02752352469872066},"point_estimate":0.007712323225011808,"standard_error":0.008102455081931784}}