{"mean":{"confidence_interval":{"confidence_level":0.95,"lower_bound":-0.007559393077330409,"upper_bound":0.03084835537670114},"point_estimate":0.011325907532196089,"standard_error":0.009837434323684982},"median":{"confidence_interval":{"confidence_level":0.95,"lower_bound":-0.010105483751457922,"upper_bound":0.032111290243728385},"point_estimate":0.008239071739417847,"standard_error":0.00957151439698094}}