{"mean":{"confidence_interval":{"confidence_level":0.95,"lower_bound":-0.025626405692483305,"upper_bound":0.010772640670641003},"point_estimate":-0.007532357303541293,"standard_error":0.009250528027038973},"median":{"confidence_interval":{"confidence_level":0.95,"lower_bound":-0.02680787623971781,"upper_bound":0.013716112780999268},"point_estimate":-0.002067913943611277,"standard_error":0.010065975277039441}}