{"mean":{"confidence_interval":{"confidence_level":0.95,"lower_bound":-0.006258637101739728,"upper_bound":0.0012233248036635522},"point_estimate":-0.002577716978920841,"standard_error":0.0019247426819237001},"median":{"confidence_interval":{"confidence_level":0.95,"lower_bound":-0.0081540181194516,"upper_bound":0.0025973132933676535},"point_estimate":-0.0007030394945016782,"standard_error":0.003120782094547494}}