{"mean":{"confidence_interval":{"confidence_level":0.95,"lower_bound":-0.00036801882714395924,"upper_bound":0.006196517894659176},"point_estimate":0.003081535162339444,"standard_error":0.0016800814742252322},"median":{"confidence_interval":{"confidence_level":0.95,"lower_bound":-0.00047260574361163155,"upper_bound":0.006998945621506714},"point_estimate":0.0031076532631149067,"standard_error":0.0018515244057323407}}