{"mean":{"confidence_interval":{"confidence_level":0.95,"lower_bound":0.0381660915640374,"upper_bound":0.04534452539476122},"point_estimate":0.04164078696308593,"standard_error":0.001827454277164249},"median":{"confidence_interval":{"confidence_level":0.95,"lower_bound":0.037199713342416896,"upper_bound":0.046431764370423734},"point_estimate":0.042603490680273914,"standard_error":0.0023652133353588146}}