{"mean":{"confidence_interval":{"confidence_level":0.95,"lower_bound":-0.012574729357601799,"upper_bound":-0.005911685626211596},"point_estimate":-0.009344022446525324,"standard_error":0.0016949594883498265},"median":{"confidence_interval":{"confidence_level":0.95,"lower_bound":-0.013278162612741728,"upper_bound":-0.006126792029580552},"point_estimate":-0.008764500556813326,"standard_error":0.0018368580786147198}}