{"mean":{"confidence_interval":{"confidence_level":0.95,"lower_bound":-0.04613342077217413,"upper_bound":-0.03937246101760483},"point_estimate":-0.04285396717047585,"standard_error":0.0017309766923013516},"median":{"confidence_interval":{"confidence_level":0.95,"lower_bound":-0.04738428145157603,"upper_bound":-0.038793850008279285},"point_estimate":-0.0427684994229065,"standard_error":0.002002140498702859}}