{"mean":{"confidence_interval":{"confidence_level":0.95,"lower_bound":-0.0012261239643819749,"upper_bound":0.005211984674677393},"point_estimate":0.0022396241169837516,"standard_error":0.0016418118966978125},"median":{"confidence_interval":{"confidence_level":0.95,"lower_bound":-0.0019413317353422777,"upper_bound":0.005679068790917236},"point_estimate":0.002421795476159838,"standard_error":0.0019447745240668592}}