{"mean":{"confidence_interval":{"confidence_level":0.95,"lower_bound":0.03798801999567783,"upper_bound":0.0461818433902184},"point_estimate":0.04202694273107621,"standard_error":0.0020962602250690185},"median":{"confidence_interval":{"confidence_level":0.95,"lower_bound":0.03660895288448507,"upper_bound":0.04845637919812851},"point_estimate":0.0400856066278521,"standard_error":0.0033357647388730463}}