{"mean":{"confidence_interval":{"confidence_level":0.95,"lower_bound":-0.0395707838171017,"upper_bound":-0.03270651812041476},"point_estimate":-0.03628856352576848,"standard_error":0.0017359859235894829},"median":{"confidence_interval":{"confidence_level":0.95,"lower_bound":-0.04177371306581457,"upper_bound":-0.03304363533619403},"point_estimate":-0.03840669132644314,"standard_error":0.0022740923293301323}}