{"mean":{"confidence_interval":{"confidence_level":0.95,"lower_bound":-0.005809739568556882,"upper_bound":0.0006267069468030655},"point_estimate":-0.002647314275840973,"standard_error":0.0016396908928956897},"median":{"confidence_interval":{"confidence_level":0.95,"lower_bound":-0.0038939544670283516,"upper_bound":0.0018829107944873247},"point_estimate":-0.0015623968245780384,"standard_error":0.00148151146941545}}