{"mean":{"confidence_interval":{"confidence_level":0.95,"lower_bound":-0.007088854510153998,"upper_bound":0.018233410887037317},"point_estimate":0.0056735412500603655,"standard_error":0.006469682957685698},"median":{"confidence_interval":{"confidence_level":0.95,"lower_bound":-0.01519748639611851,"upper_bound":0.025509948002060856},"point_estimate":0.014621771515026083,"standard_error":0.011139182972950091}}