{"mean":{"confidence_interval":{"confidence_level":0.95,"lower_bound":-0.005069651703096906,"upper_bound":0.01699284703158423},"point_estimate":0.005734085338338968,"standard_error":0.005643592028454567},"median":{"confidence_interval":{"confidence_level":0.95,"lower_bound":-0.008563157686524714,"upper_bound":0.02392303697485798},"point_estimate":0.0012865442917855408,"standard_error":0.008310689481467546}}