{"mean":{"confidence_interval":{"confidence_level":0.95,"lower_bound":-0.06323663560333932,"upper_bound":-0.04058657829522001},"point_estimate":-0.05163858608797578,"standard_error":0.005766037877983114},"median":{"confidence_interval":{"confidence_level":0.95,"lower_bound":-0.06437893911888337,"upper_bound":-0.03309787322322028},"point_estimate":-0.048563542420741124,"standard_error":0.00872320064226094}}