{"mean":{"confidence_interval":{"confidence_level":0.95,"lower_bound":0.012491558676162735,"upper_bound":0.03039519677668584},"point_estimate":0.02157875101483664,"standard_error":0.004583128896834228},"median":{"confidence_interval":{"confidence_level":0.95,"lower_bound":0.009800533126683497,"upper_bound":0.030200185089785763},"point_estimate":0.02159511541186898,"standard_error":0.005395108111719074}}