{"mean":{"confidence_interval":{"confidence_level":0.95,"lower_bound":-0.019458774272723415,"upper_bound":-0.0009288513668911735},"point_estimate":-0.010123657980245393,"standard_error":0.004744682444733551},"median":{"confidence_interval":{"confidence_level":0.95,"lower_bound":-0.020665423956645723,"upper_bound":-0.0021013299000557373},"point_estimate":-0.014309077120609581,"standard_error":0.0050554368859926195}}