{"mean":{"confidence_interval":{"confidence_level":0.95,"lower_bound":0.006784727810366928,"upper_bound":0.030469361113634734},"point_estimate":0.01850509383644261,"standard_error":0.006057956975065776},"median":{"confidence_interval":{"confidence_level":0.95,"lower_bound":-0.0013986782539123777,"upper_bound":0.04308862281451464},"point_estimate":0.0174431533095869,"standard_error":0.01178008826076486}}