{"mean":{"confidence_interval":{"confidence_level":0.95,"lower_bound":-0.03299176578200563,"upper_bound":-0.01387857761230332},"point_estimate":-0.023875317929540896,"standard_error":0.004896026095483968},"median":{"confidence_interval":{"confidence_level":0.95,"lower_bound":-0.034354322149916405,"upper_bound":-0.014357858032172429},"point_estimate":-0.021732197932502806,"standard_error":0.005626897103725746}}