{"mean":{"confidence_interval":{"confidence_level":0.95,"lower_bound":-0.02651488975871045,"upper_bound":0.002358339778910567},"point_estimate":-0.012184676570976327,"standard_error":0.007385362555865729},"median":{"confidence_interval":{"confidence_level":0.95,"lower_bound":-0.02591502821594016,"upper_bound":0.012777044398010196},"point_estimate":-0.004566563478094587,"standard_error":0.009415170582644307}}