{"mean":{"confidence_interval":{"confidence_level":0.95,"lower_bound":0.002586961962227936,"upper_bound":0.030517130415463067},"point_estimate":0.016295900031123578,"standard_error":0.007152275791066545},"median":{"confidence_interval":{"confidence_level":0.95,"lower_bound":0.008617133087991613,"upper_bound":0.035271298276407625},"point_estimate":0.021363567377586046,"standard_error":0.007330157022286777}}