{"mean":{"confidence_interval":{"confidence_level":0.95,"lower_bound":-0.010266866280518492,"upper_bound":0.04217710659130445},"point_estimate":0.012535147876992614,"standard_error":0.013509452889570816},"median":{"confidence_interval":{"confidence_level":0.95,"lower_bound":-0.018387746343543454,"upper_bound":0.02705325407979986},"point_estimate":0.0007145872388558683,"standard_error":0.01156528985211387}}