{"mean":{"confidence_interval":{"confidence_level":0.95,"lower_bound":-0.027222025600039848,"upper_bound":-0.0022743797627554456},"point_estimate":-0.015321638670369842,"standard_error":0.0063275601260063255},"median":{"confidence_interval":{"confidence_level":0.95,"lower_bound":-0.02704388341861841,"upper_bound":-0.006891139175002836},"point_estimate":-0.017726235574044624,"standard_error":0.005038475620112494}}