{"mean":{"confidence_interval":{"confidence_level":0.95,"lower_bound":0.0015634208445761816,"upper_bound":0.027397500647204587},"point_estimate":0.014314704496594777,"standard_error":0.006621221612932749},"median":{"confidence_interval":{"confidence_level":0.95,"lower_bound":-0.005003851245385382,"upper_bound":0.02904490589314689},"point_estimate":0.010121915157939698,"standard_error":0.008015665162079695}}