{"mean":{"confidence_interval":{"confidence_level":0.95,"lower_bound":-0.0010443062318682048,"upper_bound":0.025330258408844997},"point_estimate":0.012375829102472036,"standard_error":0.006726388159541149},"median":{"confidence_interval":{"confidence_level":0.95,"lower_bound":-0.008668528388628194,"upper_bound":0.03029958974492386},"point_estimate":0.011607721632776347,"standard_error":0.009956678272197062}}