{"mean":{"confidence_interval":{"confidence_level":0.95,"lower_bound":-0.03519483329662546,"upper_bound":-0.011570338687257698},"point_estimate":-0.023152044561011387,"standard_error":0.006016774478804139},"median":{"confidence_interval":{"confidence_level":0.95,"lower_bound":-0.03703124795482604,"upper_bound":-0.005005019401528754},"point_estimate":-0.018668683601432257,"standard_error":0.008550986750339861}}