{"mean":{"confidence_interval":{"confidence_level":0.95,"lower_bound":-0.03775756722096925,"upper_bound":-0.012113127195334136},"point_estimate":-0.025121636395417868,"standard_error":0.006548390946135132},"median":{"confidence_interval":{"confidence_level":0.95,"lower_bound":-0.04561667528873892,"upper_bound":-0.008622124522558727},"point_estimate":-0.02659087793320314,"standard_error":0.009346056059886716}}