{"mean":{"confidence_interval":{"confidence_level":0.95,"lower_bound":-0.0007960025458484593,"upper_bound":0.00844198276555148},"point_estimate":0.0038237639876692597,"standard_error":0.002359145140253354},"median":{"confidence_interval":{"confidence_level":0.95,"lower_bound":-0.0030896813291378944,"upper_bound":0.008356697079088926},"point_estimate":0.0020297552094874494,"standard_error":0.002959037361663852}}