{"mean":{"confidence_interval":{"confidence_level":0.95,"lower_bound":-0.003025067478730108,"upper_bound":0.011263666537179915},"point_estimate":0.004698102799088666,"standard_error":0.003669327010128579},"median":{"confidence_interval":{"confidence_level":0.95,"lower_bound":0.0025629279355023904,"upper_bound":0.012967721047305591},"point_estimate":0.008295378715796886,"standard_error":0.002723196467029193}}