{"mean":{"confidence_interval":{"confidence_level":0.95,"lower_bound":-0.01329172753183789,"upper_bound":0.0018681130760556032},"point_estimate":-0.006439827050209734,"standard_error":0.003855846004685586},"median":{"confidence_interval":{"confidence_level":0.95,"lower_bound":-0.015194860337546065,"upper_bound":-0.0051124874629895345},"point_estimate":-0.010099646213732272,"standard_error":0.0025814284516825904}}