{"mean":{"confidence_interval":{"confidence_level":0.95,"lower_bound":0.03948635095354038,"upper_bound":0.04752115581762999},"point_estimate":0.04361275534298126,"standard_error":0.0020407374245349974},"median":{"confidence_interval":{"confidence_level":0.95,"lower_bound":0.03788651707089907,"upper_bound":0.04784701954580983},"point_estimate":0.04385626720801472,"standard_error":0.0025886059963182357}}