{"mean":{"confidence_interval":{"confidence_level":0.95,"lower_bound":-0.05226527390116784,"upper_bound":-0.044434224531466594},"point_estimate":-0.04815401499967753,"standard_error":0.0020017780872363983},"median":{"confidence_interval":{"confidence_level":0.95,"lower_bound":-0.051715680967615585,"upper_bound":-0.04275858432853563},"point_estimate":-0.046425792917780484,"standard_error":0.00231632715280554}}