{"mean":{"confidence_interval":{"confidence_level":0.95,"lower_bound":-0.04498098054962649,"upper_bound":-0.037500199823557165},"point_estimate":-0.041216833659261654,"standard_error":0.001902222632801939},"median":{"confidence_interval":{"confidence_level":0.95,"lower_bound":-0.04485742798185133,"upper_bound":-0.034978272292771506},"point_estimate":-0.04067784742193503,"standard_error":0.0024821684380720035}}