{"mean":{"confidence_interval":{"confidence_level":0.95,"lower_bound":0.04221117228462391,"upper_bound":0.049650893188260624},"point_estimate":0.0460247703419121,"standard_error":0.0018758072859718965},"median":{"confidence_interval":{"confidence_level":0.95,"lower_bound":0.04225953698770302,"upper_bound":0.051565735816225367},"point_estimate":0.04717841501303943,"standard_error":0.002374830737445512}}