{"mean":{"confidence_interval":{"confidence_level":0.95,"lower_bound":-0.013157627317600484,"upper_bound":-0.006032763394340149},"point_estimate":-0.009617026672249396,"standard_error":0.0018166258632281065},"median":{"confidence_interval":{"confidence_level":0.95,"lower_bound":-0.0133226337513511,"upper_bound":-0.004655847071382224},"point_estimate":-0.009249100305983471,"standard_error":0.0022832761179224286}}