{"mean":{"confidence_interval":{"confidence_level":0.95,"lower_bound":-0.004145888269283195,"upper_bound":0.0032415449739766175},"point_estimate":-0.00040536417741754427,"standard_error":0.0018953452443593406},"median":{"confidence_interval":{"confidence_level":0.95,"lower_bound":-0.005280279954474665,"upper_bound":0.0037174296436661702},"point_estimate":-0.00039994723303626856,"standard_error":0.002160055572561671}}