{"mean":{"confidence_interval":{"confidence_level":0.95,"lower_bound":46336542.878375,"upper_bound":46869157.52375},"point_estimate":46557180.11,"standard_error":138158.7507596392},"median":{"confidence_interval":{"confidence_level":0.95,"lower_bound":46186838.5,"upper_bound":46514041.5},"point_estimate":46374121.0,"standard_error":78581.67146259251},"median_abs_dev":{"confidence_interval":{"confidence_level":0.95,"lower_bound":521450.7964923978,"upper_bound":849427.4855196476},"point_estimate":699701.1967778206,"standard_error":82268.43458061892},"slope":null,"std_dev":{"confidence_interval":{"confidence_level":0.95,"lower_bound":592777.0009934102,"upper_bound":2206692.7639519717},"point_estimate":1389800.0492027048,"standard_error":529084.5326962464}}