{"mean":{"confidence_interval":{"confidence_level":0.95,"lower_bound":46081901.111125,"upper_bound":46289224.95575},"point_estimate":46184711.76,"standard_error":53009.626966822754},"median":{"confidence_interval":{"confidence_level":0.95,"lower_bound":46017486.0,"upper_bound":46277252.5},"point_estimate":46096283.75,"standard_error":68904.20779765562},"median_abs_dev":{"confidence_interval":{"confidence_level":0.95,"lower_bound":341929.437379539,"upper_bound":580522.3978936672},"point_estimate":410435.19306331873,"standard_error":61025.34514187275},"slope":null,"std_dev":{"confidence_interval":{"confidence_level":0.95,"lower_bound":448075.7920479233,"upper_bound":606523.96601314},"point_estimate":531184.3531510719,"standard_error":40544.494672264394}}