{"mean":{"confidence_interval":{"confidence_level":0.95,"lower_bound":29233623.839625,"upper_bound":30058298.966374997},"point_estimate":29641184.58,"standard_error":210224.22349476846},"median":{"confidence_interval":{"confidence_level":0.95,"lower_bound":29017574.0,"upper_bound":30176017.0},"point_estimate":29603993.25,"standard_error":290098.9074403086},"median_abs_dev":{"confidence_interval":{"confidence_level":0.95,"lower_bound":1539245.6708729267,"upper_bound":2452317.8374126554},"point_estimate":1924647.1633806825,"standard_error":231499.8235374566},"slope":null,"std_dev":{"confidence_interval":{"confidence_level":0.95,"lower_bound":1747032.9571997006,"upper_bound":2472845.7946134373},"point_estimate":2106869.3401254113,"standard_error":186662.27091562745}}