{"mean":{"confidence_interval":{"confidence_level":0.95,"lower_bound":26584770.834523812,"upper_bound":27346080.977857154},"point_estimate":26958737.38095238,"standard_error":193594.5559767021},"median":{"confidence_interval":{"confidence_level":0.95,"lower_bound":26675135.85714286,"upper_bound":27336753.42857143},"point_estimate":26983517.5,"standard_error":170171.43408588492},"median_abs_dev":{"confidence_interval":{"confidence_level":0.95,"lower_bound":467186.84320577595,"upper_bound":1374369.2225000705},"point_estimate":808786.9845411596,"standard_error":244294.63340845285},"slope":null,"std_dev":{"confidence_interval":{"confidence_level":0.95,"lower_bound":743575.1522201146,"upper_bound":1363070.1234197917},"point_estimate":1077518.6220798502,"standard_error":160169.43792492058}}