{"mean":{"confidence_interval":{"confidence_level":0.95,"lower_bound":27882407.489861112,"upper_bound":28633760.156944454},"point_estimate":28269729.444444444,"standard_error":191768.85175115764},"median":{"confidence_interval":{"confidence_level":0.95,"lower_bound":27858439.25,"upper_bound":28806798.083333336},"point_estimate":28486974.166666664,"standard_error":245816.04309711832},"median_abs_dev":{"confidence_interval":{"confidence_level":0.95,"lower_bound":604530.0157174431,"upper_bound":1437076.3708367944},"point_estimate":1021847.3143085847,"standard_error":208109.8629253807},"slope":null,"std_dev":{"confidence_interval":{"confidence_level":0.95,"lower_bound":750984.3977089741,"upper_bound":1333580.0665990384},"point_estimate":1068597.6408915422,"standard_error":150530.44965644873}}