{"mean":{"confidence_interval":{"confidence_level":0.95,"lower_bound":26700279.065476194,"upper_bound":27548897.547142863},"point_estimate":27112352.838095244,"standard_error":216350.08105410318},"median":{"confidence_interval":{"confidence_level":0.95,"lower_bound":26481603.85714286,"upper_bound":27520551.64285714},"point_estimate":27192133.14285714,"standard_error":275760.52165749436},"median_abs_dev":{"confidence_interval":{"confidence_level":0.95,"lower_bound":642497.5124933929,"upper_bound":1730752.0504730085},"point_estimate":1374100.130604845,"standard_error":287087.0943280366},"slope":null,"std_dev":{"confidence_interval":{"confidence_level":0.95,"lower_bound":869602.3543086777,"upper_bound":1531242.7587920201},"point_estimate":1206896.8312639848,"standard_error":174815.6706449293}}