{"mean":{"confidence_interval":{"confidence_level":0.95,"lower_bound":-0.04634581736774722,"upper_bound":-0.016812464141392452},"point_estimate":-0.03187701188259262,"standard_error":0.0075583823302256626},"median":{"confidence_interval":{"confidence_level":0.95,"lower_bound":-0.05178421709429093,"upper_bound":-0.0062475479769930065},"point_estimate":-0.027893223978871506,"standard_error":0.011680126069865297}}