{"mean":{"confidence_interval":{"confidence_level":0.95,"lower_bound":-0.03704040217224497,"upper_bound":0.0027803604136127113},"point_estimate":-0.016379097139865073,"standard_error":0.010221955719045642},"median":{"confidence_interval":{"confidence_level":0.95,"lower_bound":-0.04185596215135756,"upper_bound":0.013291794005539037},"point_estimate":-0.00847169608887055,"standard_error":0.013895942294241055}}