{"mean":{"confidence_interval":{"confidence_level":0.95,"lower_bound":-0.04669488064397097,"upper_bound":-0.01918790526225057},"point_estimate":-0.03285596417869552,"standard_error":0.007051077168968958},"median":{"confidence_interval":{"confidence_level":0.95,"lower_bound":-0.0520458704012291,"upper_bound":-0.01384624473502949},"point_estimate":-0.03585945046545702,"standard_error":0.009763274695458585}}