{"mean":{"confidence_interval":{"confidence_level":0.95,"lower_bound":0.011009754984124721,"upper_bound":0.04749048670145661},"point_estimate":0.028098188126298496,"standard_error":0.009323100337921948},"median":{"confidence_interval":{"confidence_level":0.95,"lower_bound":-0.001418032512490064,"upper_bound":0.05077708576233819},"point_estimate":0.029637441190799363,"standard_error":0.013433158153743513}}