{"mean":{"confidence_interval":{"confidence_level":0.95,"lower_bound":-0.053203541320317876,"upper_bound":-0.01941324650839577},"point_estimate":-0.03533777988632614,"standard_error":0.008473575018923256},"median":{"confidence_interval":{"confidence_level":0.95,"lower_bound":-0.051398281375464094,"upper_bound":-0.011753619457955722},"point_estimate":-0.023080627920573304,"standard_error":0.010291787669140082}}