{"mean":{"confidence_interval":{"confidence_level":0.95,"lower_bound":-0.002357195619646997,"upper_bound":0.037146485108566656},"point_estimate":0.015952847806075532,"standard_error":0.010134132793598571},"median":{"confidence_interval":{"confidence_level":0.95,"lower_bound":-0.012623176760723906,"upper_bound":0.03775407039423628},"point_estimate":0.00535947420549765,"standard_error":0.012712174626202265}}