{"mean":{"confidence_interval":{"confidence_level":0.95,"lower_bound":0.008936738417984686,"upper_bound":0.0427444624992118},"point_estimate":0.024797617314424647,"standard_error":0.008702050976623212},"median":{"confidence_interval":{"confidence_level":0.95,"lower_bound":0.003288414792580241,"upper_bound":0.04757206778050138},"point_estimate":0.013198396428799608,"standard_error":0.011161905445161263}}