{"mean":{"confidence_interval":{"confidence_level":0.95,"lower_bound":-0.002774348982507093,"upper_bound":0.02639686066242939},"point_estimate":0.011453396808511318,"standard_error":0.007432518044693033},"median":{"confidence_interval":{"confidence_level":0.95,"lower_bound":-0.0013796399223743316,"upper_bound":0.0430648844647199},"point_estimate":0.023657252322965894,"standard_error":0.011625240292065181}}