{"mean":{"confidence_interval":{"confidence_level":0.95,"lower_bound":0.20862485322933702,"upper_bound":0.22716284473383297},"point_estimate":0.21728102465324994,"standard_error":0.0048040335111755724},"median":{"confidence_interval":{"confidence_level":0.95,"lower_bound":0.20177046087443462,"upper_bound":0.24198880952291235},"point_estimate":0.22163839567131127,"standard_error":0.01070251378746125}}