{"mean":{"confidence_interval":{"confidence_level":0.95,"lower_bound":-0.005812078581007498,"upper_bound":0.004573337155715951},"point_estimate":-0.0003276635336325606,"standard_error":0.002644666766931449},"median":{"confidence_interval":{"confidence_level":0.95,"lower_bound":-0.0036799757907236895,"upper_bound":0.00477080143513442},"point_estimate":0.00041061287200006014,"standard_error":0.002094844224395749}}