{"mean":{"confidence_interval":{"confidence_level":0.95,"lower_bound":0.016632714967781105,"upper_bound":0.03199069956195567},"point_estimate":0.02421334761774463,"standard_error":0.003921114959111137},"median":{"confidence_interval":{"confidence_level":0.95,"lower_bound":0.005797102338320093,"upper_bound":0.038437374565209126},"point_estimate":0.020342324389460043,"standard_error":0.008716119171162313}}