{"mean":{"confidence_interval":{"confidence_level":0.95,"lower_bound":0.004509923163802222,"upper_bound":0.015176724590021678},"point_estimate":0.009320479519283387,"standard_error":0.0027443358244647526},"median":{"confidence_interval":{"confidence_level":0.95,"lower_bound":0.004973021191533977,"upper_bound":0.014498667389657438},"point_estimate":0.01020587533574524,"standard_error":0.0023822993718789886}}