{"mean":{"confidence_interval":{"confidence_level":0.95,"lower_bound":54184347.10625,"upper_bound":55360275.5105},"point_estimate":54779301.72,"standard_error":299374.30872231344},"median":{"confidence_interval":{"confidence_level":0.95,"lower_bound":54132631.0,"upper_bound":56160212.0},"point_estimate":55191247.5,"standard_error":500649.8459605396},"median_abs_dev":{"confidence_interval":{"confidence_level":0.95,"lower_bound":2527586.1022263765,"upper_bound":3838799.742847681},"point_estimate":3314989.0178471804,"standard_error":326355.15177407966},"slope":null,"std_dev":{"confidence_interval":{"confidence_level":0.95,"lower_bound":2612323.337367107,"upper_bound":3357925.8088776874},"point_estimate":3005738.7416901207,"standard_error":189968.35709390373}}