{"mean":{"confidence_interval":{"confidence_level":0.95,"lower_bound":0.03801292216604742,"upper_bound":0.04010968600753735},"point_estimate":0.03906140864578589,"standard_error":0.0005309459505655503},"median":{"confidence_interval":{"confidence_level":0.95,"lower_bound":0.03801087939499914,"upper_bound":0.039637857312649016},"point_estimate":0.03864185209617044,"standard_error":0.00040142678243465084}}