{"mean":{"confidence_interval":{"confidence_level":0.95,"lower_bound":0.08552932558227573,"upper_bound":0.08761546424627913},"point_estimate":0.08651534774793457,"standard_error":0.0005180205391621078},"median":{"confidence_interval":{"confidence_level":0.95,"lower_bound":0.08557490909530951,"upper_bound":0.08727773555985374},"point_estimate":0.08648733044434875,"standard_error":0.0004282800380548028}}