{"mean":{"confidence_interval":{"confidence_level":0.95,"lower_bound":0.08313290229564615,"upper_bound":0.08890099968971392},"point_estimate":0.0853117801012866,"standard_error":0.0015235220680852922},"median":{"confidence_interval":{"confidence_level":0.95,"lower_bound":0.08317038817076194,"upper_bound":0.08376631122659384},"point_estimate":0.08336632128126364,"standard_error":0.00015951939453110757}}