{"mean":{"confidence_interval":{"confidence_level":0.95,"lower_bound":97082702.78333333,"upper_bound":97794917.93916668},"point_estimate":97398527.56666666,"standard_error":183800.83575035204},"median":{"confidence_interval":{"confidence_level":0.95,"lower_bound":96969138.33333333,"upper_bound":97604016.16666667},"point_estimate":97278866.66666666,"standard_error":172306.22437018584},"median_abs_dev":{"confidence_interval":{"confidence_level":0.95,"lower_bound":87133.1417530775,"upper_bound":766026.5421003251},"point_estimate":460923.52901695686,"standard_error":175203.44262733872},"slope":null,"std_dev":{"confidence_interval":{"confidence_level":0.95,"lower_bound":225596.12985179227,"upper_bound":879796.4416930543},"point_estimate":614813.3073735725,"standard_error":194948.5260626825}}