{"mean":{"confidence_interval":{"confidence_level":0.95,"lower_bound":89560913.18333332,"upper_bound":90043467.05916667},"point_estimate":89794459.06666668,"standard_error":123397.71332000378},"median":{"confidence_interval":{"confidence_level":0.95,"lower_bound":89487747.5,"upper_bound":90098292.33333334},"point_estimate":89720805.33333333,"standard_error":168224.94343674945},"median_abs_dev":{"confidence_interval":{"confidence_level":0.95,"lower_bound":102126.67528688908,"upper_bound":674915.8317178598},"point_estimate":381961.489918828,"standard_error":154235.52134594522},"slope":null,"std_dev":{"confidence_interval":{"confidence_level":0.95,"lower_bound":225319.99832914828,"upper_bound":524736.8558116866},"point_estimate":412530.21029420086,"standard_error":77028.51911306618}}