{"mean":{"confidence_interval":{"confidence_level":0.95,"lower_bound":96476682.28666666,"upper_bound":97133026.53333333},"point_estimate":96764012.53333333,"standard_error":167450.95201943486},"median":{"confidence_interval":{"confidence_level":0.95,"lower_bound":96540681.66666667,"upper_bound":96841098.16666666},"point_estimate":96693550.0,"standard_error":76125.73260334114},"median_abs_dev":{"confidence_interval":{"confidence_level":0.95,"lower_bound":40736.65817677975,"upper_bound":627926.3081520796},"point_estimate":185022.54631519318,"standard_error":141676.7815623832},"slope":null,"std_dev":{"confidence_interval":{"confidence_level":0.95,"lower_bound":106397.90557763394,"upper_bound":818497.1866270778},"point_estimate":558151.1090144436,"standard_error":202499.00605841228}}