{"mean":{"confidence_interval":{"confidence_level":0.95,"lower_bound":90022666.55083334,"upper_bound":90464866.23666665},"point_estimate":90240888.99999999,"standard_error":113281.182612678},"median":{"confidence_interval":{"confidence_level":0.95,"lower_bound":89923231.5,"upper_bound":90526034.5},"point_estimate":90217952.0,"standard_error":152852.4137528872},"median_abs_dev":{"confidence_interval":{"confidence_level":0.95,"lower_bound":82498.04003536333,"upper_bound":667149.9730557093},"point_estimate":368173.0630636252,"standard_error":144407.70033740142},"slope":null,"std_dev":{"confidence_interval":{"confidence_level":0.95,"lower_bound":215716.0597978396,"upper_bound":469450.0800084635},"point_estimate":377483.74051021144,"standard_error":64557.6936990685}}