{"mean":{"confidence_interval":{"confidence_level":0.95,"lower_bound":51851606.47275,"upper_bound":52262188.02325},"point_estimate":52054710.96,"standard_error":105065.82504932309},"median":{"confidence_interval":{"confidence_level":0.95,"lower_bound":51860841.0,"upper_bound":52435857.0},"point_estimate":52126591.0,"standard_error":146154.13169563565},"median_abs_dev":{"confidence_interval":{"confidence_level":0.95,"lower_bound":657395.5215813986,"upper_bound":1143369.9802011251},"point_estimate":771697.7340996265,"standard_error":120229.16245679777},"slope":null,"std_dev":{"confidence_interval":{"confidence_level":0.95,"lower_bound":886610.6709394985,"upper_bound":1213374.6725170042},"point_estimate":1054014.3347207506,"standard_error":83559.32096095379}}