{"mean":{"confidence_interval":{"confidence_level":0.95,"lower_bound":0.022714987796886032,"upper_bound":0.03264834158280573},"point_estimate":0.027749336747069586,"standard_error":0.0025216108734290913},"median":{"confidence_interval":{"confidence_level":0.95,"lower_bound":0.02106147427856797,"upper_bound":0.032876377249309696},"point_estimate":0.026018343210748363,"standard_error":0.0032098958711522935}}