{"mean":{"confidence_interval":{"confidence_level":0.95,"lower_bound":-0.0576359039006299,"upper_bound":-0.05080903592822884},"point_estimate":-0.05442305538170722,"standard_error":0.0017400699100401954},"median":{"confidence_interval":{"confidence_level":0.95,"lower_bound":-0.05969496392774054,"upper_bound":-0.05135336358022147},"point_estimate":-0.05596153185430475,"standard_error":0.0020516751361434487}}