{"mean":{"confidence_interval":{"confidence_level":0.95,"lower_bound":-0.024344123829437604,"upper_bound":-0.016947913184195355},"point_estimate":-0.020582607026424338,"standard_error":0.001889810556055124},"median":{"confidence_interval":{"confidence_level":0.95,"lower_bound":-0.022510303723889735,"upper_bound":-0.014778423268577923},"point_estimate":-0.01859415956637045,"standard_error":0.002086096120282424}}