{"mean":{"confidence_interval":{"confidence_level":0.95,"lower_bound":0.01309240494538212,"upper_bound":0.02446889682576927},"point_estimate":0.018311165028586984,"standard_error":0.0029549811241997197},"median":{"confidence_interval":{"confidence_level":0.95,"lower_bound":0.011886210956393084,"upper_bound":0.025549131250880874},"point_estimate":0.015839630536529148,"standard_error":0.0031914535419656173}}