{"mean":{"confidence_interval":{"confidence_level":0.95,"lower_bound":-0.06448519771724467,"upper_bound":-0.054099969757114195},"point_estimate":-0.058827851195076164,"standard_error":0.002673549918454733},"median":{"confidence_interval":{"confidence_level":0.95,"lower_bound":-0.06503637687342949,"upper_bound":-0.05209290683255263},"point_estimate":-0.05503092756314221,"standard_error":0.0030044153804746863}}