{"mean":{"confidence_interval":{"confidence_level":0.95,"lower_bound":0.07613224356988622,"upper_bound":0.08331664460636498},"point_estimate":0.07976066477602473,"standard_error":0.0018393546620201365},"median":{"confidence_interval":{"confidence_level":0.95,"lower_bound":0.07493558636752606,"upper_bound":0.08435963596869733},"point_estimate":0.07928967643621343,"standard_error":0.002432269838425062}}