{"mean":{"confidence_interval":{"confidence_level":0.95,"lower_bound":0.3356693151744469,"upper_bound":0.3452014940604488},"point_estimate":0.3394762885299327,"standard_error":0.0025587603121160936},"median":{"confidence_interval":{"confidence_level":0.95,"lower_bound":0.3346807226872277,"upper_bound":0.34079082075700695},"point_estimate":0.3377190050689147,"standard_error":0.0016351438797386152}}