{"mean":{"confidence_interval":{"confidence_level":0.95,"lower_bound":-0.008930781187318042,"upper_bound":0.0009343183310606181},"point_estimate":-0.0038974760146226473,"standard_error":0.002519347542108764},"median":{"confidence_interval":{"confidence_level":0.95,"lower_bound":-0.011381058138682287,"upper_bound":-0.002746233250579211},"point_estimate":-0.007661047210356875,"standard_error":0.002288816464349258}}