{"mean":{"confidence_interval":{"confidence_level":0.95,"lower_bound":105850249.55675,"upper_bound":106979759.7755},"point_estimate":106415989.15,"standard_error":288418.0941875963},"median":{"confidence_interval":{"confidence_level":0.95,"lower_bound":105810101.0,"upper_bound":107318621.0},"point_estimate":106238886.5,"standard_error":433709.1341365726},"median_abs_dev":{"confidence_interval":{"confidence_level":0.95,"lower_bound":2238808.985853195,"upper_bound":3462751.60292387},"point_estimate":2933816.2711143494,"standard_error":315265.2673263639},"slope":null,"std_dev":{"confidence_interval":{"confidence_level":0.95,"lower_bound":2420886.5133411083,"upper_bound":3312637.922834308},"point_estimate":2883953.58034006,"standard_error":228233.5981219654}}