{"mean":{"confidence_interval":{"confidence_level":0.95,"lower_bound":107188024.118,"upper_bound":108414196.715},"point_estimate":107806191.2,"standard_error":312658.5301765381},"median":{"confidence_interval":{"confidence_level":0.95,"lower_bound":107164125.5,"upper_bound":108565420.0},"point_estimate":108009455.0,"standard_error":394751.2401541693},"median_abs_dev":{"confidence_interval":{"confidence_level":0.95,"lower_bound":2626909.9222630262,"upper_bound":3889131.7880541086},"point_estimate":3263701.436957717,"standard_error":311167.07056709484},"slope":null,"std_dev":{"confidence_interval":{"confidence_level":0.95,"lower_bound":2714642.827561147,"upper_bound":3545129.3615745027},"point_estimate":3150877.9996173456,"standard_error":212369.89267956617}}