{"mean":{"confidence_interval":{"confidence_level":0.95,"lower_bound":107727294.353,"upper_bound":109046402.73075},"point_estimate":108392944.94,"standard_error":336056.22637669055},"median":{"confidence_interval":{"confidence_level":0.95,"lower_bound":107856386.0,"upper_bound":109498485.5},"point_estimate":108652767.5,"standard_error":433161.98654674424},"median_abs_dev":{"confidence_interval":{"confidence_level":0.95,"lower_bound":2644893.8599437475,"upper_bound":4014757.6729238033},"point_estimate":3331397.693055868,"standard_error":357289.7547017468},"slope":null,"std_dev":{"confidence_interval":{"confidence_level":0.95,"lower_bound":2852274.746253565,"upper_bound":3880163.74405055},"point_estimate":3386489.0806362447,"standard_error":263627.0723598347}}