{"mean":{"confidence_interval":{"confidence_level":0.95,"lower_bound":164241864.165,"upper_bound":165364457.63375002},"point_estimate":164812119.6,"standard_error":288259.72408997465},"median":{"confidence_interval":{"confidence_level":0.95,"lower_bound":163914624.25,"upper_bound":165684888.5},"point_estimate":164885779.5,"standard_error":389488.7292306536},"median_abs_dev":{"confidence_interval":{"confidence_level":0.95,"lower_bound":117278.84701788425,"upper_bound":1805360.505348444},"point_estimate":997481.4014911652,"standard_error":418241.12200734974},"slope":null,"std_dev":{"confidence_interval":{"confidence_level":0.95,"lower_bound":550536.9818178419,"upper_bound":1181565.6893010987},"point_estimate":959968.3571148987,"standard_error":161925.5121522821}}