{"mean":{"confidence_interval":{"confidence_level":0.95,"lower_bound":164309680.15,"upper_bound":164991226.25},"point_estimate":164647173.2,"standard_error":174385.14170942502},"median":{"confidence_interval":{"confidence_level":0.95,"lower_bound":164241656.0,"upper_bound":165135998.75},"point_estimate":164555873.25,"standard_error":230568.77743932462},"median_abs_dev":{"confidence_interval":{"confidence_level":0.95,"lower_bound":117678.77836078405,"upper_bound":1052102.608421445},"point_estimate":485889.15352374315,"standard_error":240884.3828408283},"slope":null,"std_dev":{"confidence_interval":{"confidence_level":0.95,"lower_bound":316681.0464449621,"upper_bound":737462.4486306168},"point_estimate":580065.696185029,"standard_error":106152.83488443728}}