{"mean":{"confidence_interval":{"confidence_level":0.95,"lower_bound":120929804.6,"upper_bound":121744202.42750001},"point_estimate":121311688.05,"standard_error":208799.75479960733},"median":{"confidence_interval":{"confidence_level":0.95,"lower_bound":120733033.5,"upper_bound":121874235.0},"point_estimate":121128917.25,"standard_error":315733.0547943235},"median_abs_dev":{"confidence_interval":{"confidence_level":0.95,"lower_bound":79406.94264024496,"upper_bound":1196597.9138061404},"point_estimate":617008.8125959039,"standard_error":323664.38128026313},"slope":null,"std_dev":{"confidence_interval":{"confidence_level":0.95,"lower_bound":328954.363928971,"upper_bound":853332.2505272492},"point_estimate":693425.2762366384,"standard_error":134856.73477121908}}