{"mean":{"confidence_interval":{"confidence_level":0.95,"lower_bound":119910882.7255,"upper_bound":120172692.86925},"point_estimate":120038200.24,"standard_error":66666.85394167379},"median":{"confidence_interval":{"confidence_level":0.95,"lower_bound":119832166.5,"upper_bound":120144168.0},"point_estimate":119984416.5,"standard_error":65649.35328743981},"median_abs_dev":{"confidence_interval":{"confidence_level":0.95,"lower_bound":420245.9277391434,"upper_bound":643194.8639810085},"point_estimate":541412.8931879997,"standard_error":55888.24126533223},"slope":null,"std_dev":{"confidence_interval":{"confidence_level":0.95,"lower_bound":522368.2156288397,"upper_bound":815820.6182396181},"point_estimate":671834.6951580452,"standard_error":75415.74250661716}}