{"mean":{"confidence_interval":{"confidence_level":0.95,"lower_bound":114667583.58075,"upper_bound":114955441.3285},"point_estimate":114806033.15,"standard_error":73545.26930497377},"median":{"confidence_interval":{"confidence_level":0.95,"lower_bound":114527447.0,"upper_bound":114757590.0},"point_estimate":114651470.5,"standard_error":54126.32588756149},"median_abs_dev":{"confidence_interval":{"confidence_level":0.95,"lower_bound":400796.4399844408,"upper_bound":713492.3417329788},"point_estimate":546111.2525045872,"standard_error":79197.11539470662},"slope":null,"std_dev":{"confidence_interval":{"confidence_level":0.95,"lower_bound":578497.4555910552,"upper_bound":885122.2659734698},"point_estimate":740039.9830863955,"standard_error":78224.91063426065}}