{"mean":{"confidence_interval":{"confidence_level":0.95,"lower_bound":27810656.913875002,"upper_bound":28012299.323374998},"point_estimate":27912189.955,"standard_error":51464.16189148142},"median":{"confidence_interval":{"confidence_level":0.95,"lower_bound":27828613.0,"upper_bound":28108572.5},"point_estimate":27942667.75,"standard_error":71768.289170512},"median_abs_dev":{"confidence_interval":{"confidence_level":0.95,"lower_bound":358022.6894438267,"upper_bound":579093.5421690345},"point_estimate":488505.94247728586,"standard_error":56293.26983045647},"slope":null,"std_dev":{"confidence_interval":{"confidence_level":0.95,"lower_bound":436993.3119563943,"upper_bound":591973.2472382612},"point_estimate":516892.40523255075,"standard_error":39645.22984845783}}