{"mean":{"confidence_interval":{"confidence_level":0.95,"lower_bound":28905705.6685,"upper_bound":29141123.719499998},"point_estimate":29023619.43,"standard_error":60103.916209995434},"median":{"confidence_interval":{"confidence_level":0.95,"lower_bound":28966846.0,"upper_bound":29190066.5},"point_estimate":29061131.75,"standard_error":49733.63411902755},"median_abs_dev":{"confidence_interval":{"confidence_level":0.95,"lower_bound":339812.89618961525,"upper_bound":640764.8733578993},"point_estimate":493186.51059418917,"standard_error":85751.309726099},"slope":null,"std_dev":{"confidence_interval":{"confidence_level":0.95,"lower_bound":495000.0893280466,"upper_bound":707170.6835109268},"point_estimate":604572.1175963663,"standard_error":53985.93119714172}}