{"mean":{"confidence_interval":{"confidence_level":0.95,"lower_bound":26585157.65825,"upper_bound":26776888.4235},"point_estimate":26680349.41,"standard_error":48897.9552817826},"median":{"confidence_interval":{"confidence_level":0.95,"lower_bound":26555806.5,"upper_bound":26769309.75},"point_estimate":26677820.75,"standard_error":57344.19328751135},"median_abs_dev":{"confidence_interval":{"confidence_level":0.95,"lower_bound":282041.6646927595,"upper_bound":467912.9994928837},"point_estimate":392993.8869729638,"standard_error":47454.4038673998},"slope":null,"std_dev":{"confidence_interval":{"confidence_level":0.95,"lower_bound":394842.41965991416,"upper_bound":581946.7375848561},"point_estimate":492243.7123082961,"standard_error":47642.224437877856}}