{"mean":{"confidence_interval":{"confidence_level":0.95,"lower_bound":-0.024271122285119278,"upper_bound":-0.01229603458140874},"point_estimate":-0.018186447357244395,"standard_error":0.0030417788088503294},"median":{"confidence_interval":{"confidence_level":0.95,"lower_bound":-0.024614703769179735,"upper_bound":-0.011095791949180981},"point_estimate":-0.017847906480469633,"standard_error":0.0035900503484990465}}