{"mean":{"confidence_interval":{"confidence_level":0.95,"lower_bound":-0.01781165789594844,"upper_bound":0.007377086941806909},"point_estimate":-0.005662698817233691,"standard_error":0.00644265641025851},"median":{"confidence_interval":{"confidence_level":0.95,"lower_bound":-0.022273829846298887,"upper_bound":0.010673195080527442},"point_estimate":-0.005801972952859891,"standard_error":0.008273524112312698}}