{"mean":{"confidence_interval":{"confidence_level":0.95,"lower_bound":-0.00406413490805073,"upper_bound":0.020081104143214096},"point_estimate":0.008138390029072795,"standard_error":0.0061757832584161156},"median":{"confidence_interval":{"confidence_level":0.95,"lower_bound":-0.006777192879790284,"upper_bound":0.026107785953786156},"point_estimate":0.010247871364182037,"standard_error":0.008316133011340723}}