{"mean":{"confidence_interval":{"confidence_level":0.95,"lower_bound":0.015443422350503113,"upper_bound":0.03830256298426937},"point_estimate":0.027310178356372505,"standard_error":0.005822148452487519},"median":{"confidence_interval":{"confidence_level":0.95,"lower_bound":0.019207184865244198,"upper_bound":0.03652753119968066},"point_estimate":0.02996906680170719,"standard_error":0.004384266328181839}}