{"mean":{"confidence_interval":{"confidence_level":0.95,"lower_bound":-0.03166766512817361,"upper_bound":-0.017605446332665198},"point_estimate":-0.02456346356849204,"standard_error":0.003589232098867142},"median":{"confidence_interval":{"confidence_level":0.95,"lower_bound":-0.026723322442315012,"upper_bound":-0.011730468419923201},"point_estimate":-0.020160408674801067,"standard_error":0.003564155467616155}}