{"mean":{"confidence_interval":{"confidence_level":0.95,"lower_bound":-0.004368579466887876,"upper_bound":0.02226366403172279},"point_estimate":0.008033327276956603,"standard_error":0.00688853484324074},"median":{"confidence_interval":{"confidence_level":0.95,"lower_bound":-0.014858846580445007,"upper_bound":0.02834023798103469},"point_estimate":0.006531498231283406,"standard_error":0.011041830912178993}}