{"mean":{"confidence_interval":{"confidence_level":0.95,"lower_bound":0.01124766848138441,"upper_bound":0.023621780613820368},"point_estimate":0.01706574556309226,"standard_error":0.003157895296843748},"median":{"confidence_interval":{"confidence_level":0.95,"lower_bound":0.014309979686752072,"upper_bound":0.024346290457360587},"point_estimate":0.018756058534280307,"standard_error":0.0024601565776903793}}