{"mean":{"confidence_interval":{"confidence_level":0.95,"lower_bound":0.045288246211122596,"upper_bound":0.058942701801770796},"point_estimate":0.05192599038040302,"standard_error":0.003474993257860979},"median":{"confidence_interval":{"confidence_level":0.95,"lower_bound":0.043920566802376396,"upper_bound":0.054783387118792826},"point_estimate":0.04966421576681057,"standard_error":0.002672358918045171}}