{"mean":{"confidence_interval":{"confidence_level":0.95,"lower_bound":-0.04846259450796366,"upper_bound":-0.017424875099317227},"point_estimate":-0.03335160313386787,"standard_error":0.007959720631274536},"median":{"confidence_interval":{"confidence_level":0.95,"lower_bound":-0.05294763013191428,"upper_bound":-0.011928564602055602},"point_estimate":-0.03888216358113927,"standard_error":0.011053789780224477}}