{"mean":{"confidence_interval":{"confidence_level":0.95,"lower_bound":60261132.006,"upper_bound":60383798.754250005},"point_estimate":60319555.27,"standard_error":31277.398940587478},"median":{"confidence_interval":{"confidence_level":0.95,"lower_bound":60226892.5,"upper_bound":60332222.0},"point_estimate":60274736.5,"standard_error":27046.42706962857},"median_abs_dev":{"confidence_interval":{"confidence_level":0.95,"lower_bound":173472.35122025013,"upper_bound":301955.81781171233},"point_estimate":246524.49972331524,"standard_error":32759.277651781395},"slope":null,"std_dev":{"confidence_interval":{"confidence_level":0.95,"lower_bound":220739.65125521572,"upper_bound":413068.57571092225},"point_estimate":314793.28111291624,"standard_error":50537.861614040754}}