{"mean":{"confidence_interval":{"confidence_level":0.95,"lower_bound":59103071.338,"upper_bound":59241904.6135},"point_estimate":59169434.59,"standard_error":35419.20045265391},"median":{"confidence_interval":{"confidence_level":0.95,"lower_bound":59070838.0,"upper_bound":59189437.0},"point_estimate":59119675.5,"standard_error":27198.31547343844},"median_abs_dev":{"confidence_interval":{"confidence_level":0.95,"lower_bound":205482.4259519577,"upper_bound":351101.1714667082},"point_estimate":288009.12958681583,"standard_error":37084.46297057716},"slope":null,"std_dev":{"confidence_interval":{"confidence_level":0.95,"lower_bound":258760.2138989859,"upper_bound":450345.78770339635},"point_estimate":355824.8519652084,"standard_error":49455.74732084533}}