{"mean":{"confidence_interval":{"confidence_level":0.95,"lower_bound":-0.021463019814233285,"upper_bound":0.004943865815602116},"point_estimate":-0.009240674618454126,"standard_error":0.006717065602712353},"median":{"confidence_interval":{"confidence_level":0.95,"lower_bound":-0.016678763034422284,"upper_bound":0.010324093927362776},"point_estimate":-0.006735683929312786,"standard_error":0.00702691177512652}}