{"mean":{"confidence_interval":{"confidence_level":0.95,"lower_bound":-0.030695193262446824,"upper_bound":-0.004877413620937898},"point_estimate":-0.01733964652541209,"standard_error":0.006623979625191463},"median":{"confidence_interval":{"confidence_level":0.95,"lower_bound":-0.030879481523938823,"upper_bound":0.001807115652040281},"point_estimate":-0.011850722866530883,"standard_error":0.00840789950721169}}