{"mean":{"confidence_interval":{"confidence_level":0.95,"lower_bound":-0.0005342864492943949,"upper_bound":0.031219300580864508},"point_estimate":0.014924580198903747,"standard_error":0.008120530937558783},"median":{"confidence_interval":{"confidence_level":0.95,"lower_bound":-0.0025961553676304705,"upper_bound":0.030322260184265204},"point_estimate":0.01906512931781723,"standard_error":0.008484041640568592}}