{"mean":{"confidence_interval":{"confidence_level":0.95,"lower_bound":0.02968175690047626,"upper_bound":0.054990655253535546},"point_estimate":0.042448126826895693,"standard_error":0.00642847297086704},"median":{"confidence_interval":{"confidence_level":0.95,"lower_bound":0.020117958314825435,"upper_bound":0.060514000789828826},"point_estimate":0.03775603851369125,"standard_error":0.011331611480169018}}