{"mean":{"confidence_interval":{"confidence_level":0.95,"lower_bound":-0.0327691865571685,"upper_bound":-0.008559480063274274},"point_estimate":-0.02044833158688475,"standard_error":0.006179861633788811},"median":{"confidence_interval":{"confidence_level":0.95,"lower_bound":-0.03696147247216153,"upper_bound":-0.012269341210275729},"point_estimate":-0.023645728885258732,"standard_error":0.006511459906382498}}