{"mean":{"confidence_interval":{"confidence_level":0.95,"lower_bound":-0.014082368392431578,"upper_bound":0.005121765799101139},"point_estimate":-0.004664217203573906,"standard_error":0.004966476660071021},"median":{"confidence_interval":{"confidence_level":0.95,"lower_bound":-0.018690747619799497,"upper_bound":0.009159973510350694},"point_estimate":-0.0044740010345812875,"standard_error":0.007002096787457119}}