{"mean":{"confidence_interval":{"confidence_level":0.95,"lower_bound":-0.04059639965421898,"upper_bound":-0.014305077339809473},"point_estimate":-0.027460498171844705,"standard_error":0.006680966101041528},"median":{"confidence_interval":{"confidence_level":0.95,"lower_bound":-0.04808774954849093,"upper_bound":0.000032943149577135955},"point_estimate":-0.01825700308767808,"standard_error":0.01240069095707984}}