{"mean":{"confidence_interval":{"confidence_level":0.95,"lower_bound":0.013184555706951638,"upper_bound":0.04040510408806904},"point_estimate":0.025924347113272628,"standard_error":0.006987144187613348},"median":{"confidence_interval":{"confidence_level":0.95,"lower_bound":0.012964654288012634,"upper_bound":0.04708398466355512},"point_estimate":0.028872417542658013,"standard_error":0.008455118614597176}}