{"mean":{"confidence_interval":{"confidence_level":0.95,"lower_bound":0.005561623808692103,"upper_bound":0.014400240158495841},"point_estimate":0.009941246642397594,"standard_error":0.002233801556771003},"median":{"confidence_interval":{"confidence_level":0.95,"lower_bound":0.003977714237118679,"upper_bound":0.015610363825210527},"point_estimate":0.010429985418345389,"standard_error":0.002934524472807459}}