{"mean":{"confidence_interval":{"confidence_level":0.95,"lower_bound":-0.013831293631058105,"upper_bound":-0.006967579226415899},"point_estimate":-0.010369444882887602,"standard_error":0.0017510399416775235},"median":{"confidence_interval":{"confidence_level":0.95,"lower_bound":-0.013840553863098086,"upper_bound":-0.0058378034510016},"point_estimate":-0.009449786191632947,"standard_error":0.0021998878877749223}}