{"mean":{"confidence_interval":{"confidence_level":0.95,"lower_bound":0.008842446823370681,"upper_bound":0.02095665645253643},"point_estimate":0.014776122450920193,"standard_error":0.003127553649129258},"median":{"confidence_interval":{"confidence_level":0.95,"lower_bound":0.007003163689227598,"upper_bound":0.0223183560849336},"point_estimate":0.011694810999611338,"standard_error":0.0034655106468262534}}