{"mean":{"confidence_interval":{"confidence_level":0.95,"lower_bound":0.029217191766260912,"upper_bound":0.037881490257157174},"point_estimate":0.03349968466409825,"standard_error":0.0022095957441416276},"median":{"confidence_interval":{"confidence_level":0.95,"lower_bound":0.0279314864139506,"upper_bound":0.038931888210636645},"point_estimate":0.03218955770722487,"standard_error":0.002723032425247842}}