{"mean":{"confidence_interval":{"confidence_level":0.95,"lower_bound":-0.000531203486279896,"upper_bound":0.006629474735301919},"point_estimate":0.0028836570196497657,"standard_error":0.001812210838839593},"median":{"confidence_interval":{"confidence_level":0.95,"lower_bound":-0.0009138005230625579,"upper_bound":0.007766269474086318},"point_estimate":0.003338590985112244,"standard_error":0.0023519887069948166}}