{"mean":{"confidence_interval":{"confidence_level":0.95,"lower_bound":-0.005293331813283872,"upper_bound":0.0011395719127931568},"point_estimate":-0.0019455791793543398,"standard_error":0.0016316593621024391},"median":{"confidence_interval":{"confidence_level":0.95,"lower_bound":-0.006517769498799675,"upper_bound":0.0009194187481209593},"point_estimate":-0.0031249662609317275,"standard_error":0.0018463585884502885}}