{"mean":{"confidence_interval":{"confidence_level":0.95,"lower_bound":0.03201578431689908,"upper_bound":0.041582347350259945},"point_estimate":0.036850159009486516,"standard_error":0.0024505689686180705},"median":{"confidence_interval":{"confidence_level":0.95,"lower_bound":0.02965443000396295,"upper_bound":0.04326646350704122},"point_estimate":0.034373035076864955,"standard_error":0.0036300095939436412}}