{"mean":{"confidence_interval":{"confidence_level":0.95,"lower_bound":-0.05511014943348057,"upper_bound":-0.04242612731518158},"point_estimate":-0.048396404645837277,"standard_error":0.0032499283796899397},"median":{"confidence_interval":{"confidence_level":0.95,"lower_bound":-0.055731513360242735,"upper_bound":-0.04155150185470868},"point_estimate":-0.043890852921369294,"standard_error":0.0034753575348163562}}