{"mean":{"confidence_interval":{"confidence_level":0.95,"lower_bound":-0.036266237162546754,"upper_bound":-0.027849944657844506},"point_estimate":-0.03200667700730053,"standard_error":0.002147018252803969},"median":{"confidence_interval":{"confidence_level":0.95,"lower_bound":-0.03994916657010705,"upper_bound":-0.028035662126177363},"point_estimate":-0.03269071642544075,"standard_error":0.0031114846183685463}}