{"mean":{"confidence_interval":{"confidence_level":0.95,"lower_bound":98518816.05916667,"upper_bound":99121753.03333333},"point_estimate":98830298.7,"standard_error":153991.55423796407},"median":{"confidence_interval":{"confidence_level":0.95,"lower_bound":98514551.33333334,"upper_bound":99144444.66666667},"point_estimate":98868438.0,"standard_error":145888.29022336897},"median_abs_dev":{"confidence_interval":{"confidence_level":0.95,"lower_bound":74231.06258214256,"upper_bound":888517.2222256513},"point_estimate":282396.2531864717,"standard_error":201135.53145681514},"slope":null,"std_dev":{"confidence_interval":{"confidence_level":0.95,"lower_bound":211863.7792141534,"upper_bound":690763.5012029012},"point_estimate":512879.3702949633,"standard_error":121342.3937665774}}