{"mean":{"confidence_interval":{"confidence_level":0.95,"lower_bound":63182822.08625,"upper_bound":63356058.075},"point_estimate":63264345.62,"standard_error":44164.27725303713},"median":{"confidence_interval":{"confidence_level":0.95,"lower_bound":63147218.0,"upper_bound":63275522.0},"point_estimate":63227501.0,"standard_error":37411.86667481179},"median_abs_dev":{"confidence_interval":{"confidence_level":0.95,"lower_bound":189740.92073142529,"upper_bound":305210.99578142166},"point_estimate":257761.12492382526,"standard_error":29359.719800818773},"slope":null,"std_dev":{"confidence_interval":{"confidence_level":0.95,"lower_bound":299641.40973570035,"upper_bound":586926.2895098053},"point_estimate":442661.68738092156,"standard_error":75200.44784328037}}