{"mean":{"confidence_interval":{"confidence_level":0.95,"lower_bound":92855879.03333333,"upper_bound":93397203.76666668},"point_estimate":93131475.86666667,"standard_error":138516.81052581893},"median":{"confidence_interval":{"confidence_level":0.95,"lower_bound":92762743.33333334,"upper_bound":93457531.16666666},"point_estimate":93222086.16666666,"standard_error":178984.15077713635},"median_abs_dev":{"confidence_interval":{"confidence_level":0.95,"lower_bound":72224.11641777666,"upper_bound":754318.4501081853},"point_estimate":524970.3652798982,"standard_error":181425.07373432734},"slope":null,"std_dev":{"confidence_interval":{"confidence_level":0.95,"lower_bound":253880.48838276623,"upper_bound":587157.5842019719},"point_estimate":461012.48863256327,"standard_error":85326.40375339703}}