{"mean":{"confidence_interval":{"confidence_level":0.95,"lower_bound":92875266.20000002,"upper_bound":93141682.77916667},"point_estimate":93017740.7,"standard_error":68238.46842395942},"median":{"confidence_interval":{"confidence_level":0.95,"lower_bound":92870258.83333334,"upper_bound":93188647.5},"point_estimate":93077420.66666666,"standard_error":79420.10689808354},"median_abs_dev":{"confidence_interval":{"confidence_level":0.95,"lower_bound":40661.04557812214,"upper_bound":367711.9744718001},"point_estimate":183271.59574627876,"standard_error":83770.35022989709},"slope":null,"std_dev":{"confidence_interval":{"confidence_level":0.95,"lower_bound":101738.11434128704,"upper_bound":295318.6929649587},"point_estimate":227583.96428747167,"standard_error":50073.724404709814}}