{"mean":{"confidence_interval":{"confidence_level":0.95,"lower_bound":97941820.10666667,"upper_bound":98176600.75750001},"point_estimate":98067946.46666667,"standard_error":60425.55858583529},"median":{"confidence_interval":{"confidence_level":0.95,"lower_bound":97908299.66666666,"upper_bound":98211881.0},"point_estimate":98152918.16666666,"standard_error":76102.01911882243},"median_abs_dev":{"confidence_interval":{"confidence_level":0.95,"lower_bound":24207.892370224,"upper_bound":316547.943580158},"point_estimate":132245.6937521696,"standard_error":77750.67755994668},"slope":null,"std_dev":{"confidence_interval":{"confidence_level":0.95,"lower_bound":75536.28549999694,"upper_bound":254091.19094899687},"point_estimate":201398.7028366903,"standard_error":46199.26991330547}}