{"mean":{"confidence_interval":{"confidence_level":0.95,"lower_bound":69288808.06666665,"upper_bound":70016942.92583333},"point_estimate":69583282.7,"standard_error":195082.32129746827},"median":{"confidence_interval":{"confidence_level":0.95,"lower_bound":69207410.66666667,"upper_bound":69664235.83333334},"point_estimate":69386688.66666666,"standard_error":111726.3142697874},"median_abs_dev":{"confidence_interval":{"confidence_level":0.95,"lower_bound":10113.308620456562,"upper_bound":539333.5467249155},"point_estimate":285364.66543375707,"standard_error":144512.82924040986},"slope":null,"std_dev":{"confidence_interval":{"confidence_level":0.95,"lower_bound":112702.33465643173,"upper_bound":967934.0423421549},"point_estimate":648703.6200194256,"standard_error":264189.2710855034}}