{"mean":{"confidence_interval":{"confidence_level":0.95,"lower_bound":92883434.86666666,"upper_bound":93379514.9725},"point_estimate":93135173.2,"standard_error":126947.26146618398},"median":{"confidence_interval":{"confidence_level":0.95,"lower_bound":92880879.83333334,"upper_bound":93488494.5},"point_estimate":93112911.16666666,"standard_error":133848.9789480316},"median_abs_dev":{"confidence_interval":{"confidence_level":0.95,"lower_bound":21840.42731226227,"upper_bound":709307.703307271},"point_estimate":242541.0006940549,"standard_error":186226.09871713596},"slope":null,"std_dev":{"confidence_interval":{"confidence_level":0.95,"lower_bound":204619.52766249856,"upper_bound":559688.8748675842},"point_estimate":423735.2196885447,"standard_error":91250.31829675531}}