{"mean":{"confidence_interval":{"confidence_level":0.95,"lower_bound":30474060.17575,"upper_bound":31230121.4675},"point_estimate":30852455.185,"standard_error":192641.60678429675},"median":{"confidence_interval":{"confidence_level":0.95,"lower_bound":30325090.0,"upper_bound":31619491.5},"point_estimate":30724893.25,"standard_error":383851.21120564116},"median_abs_dev":{"confidence_interval":{"confidence_level":0.95,"lower_bound":1636014.2298549414,"upper_bound":2547324.391189702},"point_estimate":2145275.089363754,"standard_error":239199.7522036492},"slope":null,"std_dev":{"confidence_interval":{"confidence_level":0.95,"lower_bound":1686095.8328032272,"upper_bound":2161822.2090740055},"point_estimate":1935846.0837909246,"standard_error":121702.79032932516}}