{"mean":{"confidence_interval":{"confidence_level":0.95,"lower_bound":-0.024737843162324157,"upper_bound":0.00862528379454904},"point_estimate":-0.008798718806667272,"standard_error":0.008517085968071998},"median":{"confidence_interval":{"confidence_level":0.95,"lower_bound":-0.029856418473325985,"upper_bound":0.0069241254826737375},"point_estimate":-0.01977883772678002,"standard_error":0.009242041684473299}}