{"mean":{"confidence_interval":{"confidence_level":0.95,"lower_bound":-0.013876107426061225,"upper_bound":0.023142331064498253},"point_estimate":0.006565086211432147,"standard_error":0.009473904001500619},"median":{"confidence_interval":{"confidence_level":0.95,"lower_bound":-0.0009422573658494082,"upper_bound":0.023754913588688087},"point_estimate":0.010287532773598285,"standard_error":0.005832695172853539}}