{"mean":{"confidence_interval":{"confidence_level":0.95,"lower_bound":-0.0036494476491799495,"upper_bound":0.032263913750979346},"point_estimate":0.012208480376901587,"standard_error":0.00920740440597009},"median":{"confidence_interval":{"confidence_level":0.95,"lower_bound":-0.006082979311926917,"upper_bound":0.020313616043029725},"point_estimate":0.010233482481061706,"standard_error":0.00714838194091487}}