{"mean":{"confidence_interval":{"confidence_level":0.95,"lower_bound":-0.034133302242079874,"upper_bound":-0.012280372694066904},"point_estimate":-0.023066806655965055,"standard_error":0.005618056874210377},"median":{"confidence_interval":{"confidence_level":0.95,"lower_bound":-0.03977848096454761,"upper_bound":-0.01172654420508601},"point_estimate":-0.02721001357260533,"standard_error":0.007421342724656766}}