{"mean":{"confidence_interval":{"confidence_level":0.95,"lower_bound":-0.021994469052634014,"upper_bound":0.0022069723781964435},"point_estimate":-0.009407044479417093,"standard_error":0.006196137453491292},"median":{"confidence_interval":{"confidence_level":0.95,"lower_bound":-0.02111758817535936,"upper_bound":0.007177957388647682},"point_estimate":-0.00426149974331802,"standard_error":0.007420775448152103}}