{"mean":{"confidence_interval":{"confidence_level":0.95,"lower_bound":-0.029393563194647757,"upper_bound":-0.0063952647259374485},"point_estimate":-0.01817520972287745,"standard_error":0.005901107171015515},"median":{"confidence_interval":{"confidence_level":0.95,"lower_bound":-0.032902022824122135,"upper_bound":0.0013174337951749287},"point_estimate":-0.015421988530132102,"standard_error":0.008597013829967557}}