{"mean":{"confidence_interval":{"confidence_level":0.95,"lower_bound":-0.02734451580497734,"upper_bound":-0.010100232279945083},"point_estimate":-0.018936561270564645,"standard_error":0.0044046756759365015},"median":{"confidence_interval":{"confidence_level":0.95,"lower_bound":-0.030464785073189726,"upper_bound":-0.004352572868844051},"point_estimate":-0.020214060994572014,"standard_error":0.006664946899708944}}