{"mean":{"confidence_interval":{"confidence_level":0.95,"lower_bound":46235182.069,"upper_bound":46713115.120124996},"point_estimate":46438079.7,"standard_error":123349.75424992207},"median":{"confidence_interval":{"confidence_level":0.95,"lower_bound":46227653.0,"upper_bound":46502595.25},"point_estimate":46359978.25,"standard_error":62930.067881491574},"median_abs_dev":{"confidence_interval":{"confidence_level":0.95,"lower_bound":457239.7622823715,"upper_bound":722141.950440667},"point_estimate":590937.6627087593,"standard_error":67054.95077555154},"slope":null,"std_dev":{"confidence_interval":{"confidence_level":0.95,"lower_bound":567975.7267165907,"upper_bound":1941175.8697502129},"point_estimate":1238762.1899168424,"standard_error":438618.7986977167}}