{"mean":{"confidence_interval":{"confidence_level":0.95,"lower_bound":46485494.292625,"upper_bound":46737843.554124996},"point_estimate":46609977.205,"standard_error":64599.031276598245},"median":{"confidence_interval":{"confidence_level":0.95,"lower_bound":46444314.25,"upper_bound":46751586.75},"point_estimate":46597558.75,"standard_error":82733.9102276681},"median_abs_dev":{"confidence_interval":{"confidence_level":0.95,"lower_bound":500752.5889098644,"upper_bound":840861.7641717196},"point_estimate":701760.8987912536,"standard_error":92682.77806983299},"slope":null,"std_dev":{"confidence_interval":{"confidence_level":0.95,"lower_bound":557295.651481091,"upper_bound":729207.8692392961},"point_estimate":648073.1593764257,"standard_error":43944.48126653846}}