{"mean":{"confidence_interval":{"confidence_level":0.95,"lower_bound":-0.058730541360295166,"upper_bound":-0.011042931574750763},"point_estimate":-0.03773372576141698,"standard_error":0.012418169901673822},"median":{"confidence_interval":{"confidence_level":0.95,"lower_bound":-0.07538736403439095,"upper_bound":-0.0044872583023505275},"point_estimate":-0.06643856363302825,"standard_error":0.021801953284508832}}