{"mean":{"confidence_interval":{"confidence_level":0.95,"lower_bound":0.06954316348943751,"upper_bound":0.08866996006925831},"point_estimate":0.07932349365287261,"standard_error":0.004871161819778099},"median":{"confidence_interval":{"confidence_level":0.95,"lower_bound":0.06760165819706465,"upper_bound":0.09214889779408497},"point_estimate":0.07864823987366765,"standard_error":0.006323563015067431}}