{"mean":{"confidence_interval":{"confidence_level":0.95,"lower_bound":-0.06989543277153441,"upper_bound":-0.04912864184892959},"point_estimate":-0.0594949218768982,"standard_error":0.005316634032465272},"median":{"confidence_interval":{"confidence_level":0.95,"lower_bound":-0.07309789212216056,"upper_bound":-0.048213942705981006},"point_estimate":-0.058975576311797284,"standard_error":0.00648634498673386}}