{"mean":{"confidence_interval":{"confidence_level":0.95,"lower_bound":-0.021491882442072924,"upper_bound":-0.00451122442738639},"point_estimate":-0.012826932648314138,"standard_error":0.004364608464313656},"median":{"confidence_interval":{"confidence_level":0.95,"lower_bound":-0.02470936442247207,"upper_bound":-0.001261671896462424},"point_estimate":-0.010969151562720936,"standard_error":0.0058774431617168894}}