{"mean":{"confidence_interval":{"confidence_level":0.95,"lower_bound":-0.28000028225571316,"upper_bound":-0.26105914905551164},"point_estimate":-0.27093350924497694,"standard_error":0.0048242643721140505},"median":{"confidence_interval":{"confidence_level":0.95,"lower_bound":-0.28579652777350084,"upper_bound":-0.2585559070105917},"point_estimate":-0.27079003385046685,"standard_error":0.006891630806832491}}