{"mean":{"confidence_interval":{"confidence_level":0.95,"lower_bound":0.001672842081568475,"upper_bound":0.021098175220988308},"point_estimate":0.011384093810724805,"standard_error":0.0049543857246952695},"median":{"confidence_interval":{"confidence_level":0.95,"lower_bound":0.0013947511900156417,"upper_bound":0.022144956929845527},"point_estimate":0.011018873299688536,"standard_error":0.0053724367217939445}}