{"mean":{"confidence_interval":{"confidence_level":0.95,"lower_bound":-0.004505908053931784,"upper_bound":0.024441810409214722},"point_estimate":0.010048605337448002,"standard_error":0.007413027321718679},"median":{"confidence_interval":{"confidence_level":0.95,"lower_bound":-0.0030041350702745273,"upper_bound":0.051168777999179405},"point_estimate":0.017415000156736582,"standard_error":0.012049938102891093}}