{"mean":{"confidence_interval":{"confidence_level":0.95,"lower_bound":-0.004087652412501708,"upper_bound":0.0068087220094112276},"point_estimate":0.0014836613707329693,"standard_error":0.002705069770674575},"median":{"confidence_interval":{"confidence_level":0.95,"lower_bound":-0.005330885084908643,"upper_bound":0.006950975748003074},"point_estimate":0.00017345743535246427,"standard_error":0.003152817968868158}}