{"mean":{"confidence_interval":{"confidence_level":0.95,"lower_bound":-0.003452068176616871,"upper_bound":0.005714635845681613},"point_estimate":0.0012678331385120867,"standard_error":0.002336241460141121},"median":{"confidence_interval":{"confidence_level":0.95,"lower_bound":-0.002021068908935006,"upper_bound":0.006770876986675001},"point_estimate":0.0018617515658214678,"standard_error":0.002146101479395047}}