{"mean":{"confidence_interval":{"confidence_level":0.95,"lower_bound":-0.007668725600574699,"upper_bound":0.0020619683455971143},"point_estimate":-0.0028592568869711954,"standard_error":0.0024838995923228886},"median":{"confidence_interval":{"confidence_level":0.95,"lower_bound":-0.009007273856447617,"upper_bound":0.0036141932192821358},"point_estimate":-0.0021511973071630663,"standard_error":0.0032238451433224537}}