{"mean":{"confidence_interval":{"confidence_level":0.95,"lower_bound":-0.006329181942365377,"upper_bound":0.0028461744404632314},"point_estimate":-0.0017442729517147537,"standard_error":0.0023232318292231613},"median":{"confidence_interval":{"confidence_level":0.95,"lower_bound":-0.0036847681710797664,"upper_bound":0.005661329962172612},"point_estimate":0.0011509861898264528,"standard_error":0.0022924448263836007}}