{"mean":{"confidence_interval":{"confidence_level":0.95,"lower_bound":-0.004119669541741088,"upper_bound":0.007926689030274381},"point_estimate":0.0018579732377832503,"standard_error":0.003084674676063959},"median":{"confidence_interval":{"confidence_level":0.95,"lower_bound":-0.005341098565818436,"upper_bound":0.008990016633885212},"point_estimate":0.0013129464509635813,"standard_error":0.0036235528715540984}}