{"mean":{"confidence_interval":{"confidence_level":0.95,"lower_bound":-0.008617815006125736,"upper_bound":0.000672325241358368},"point_estimate":-0.003907612512580871,"standard_error":0.0023796954981703078},"median":{"confidence_interval":{"confidence_level":0.95,"lower_bound":-0.010085520574669937,"upper_bound":0.001623629078213007},"point_estimate":-0.0036742600924426494,"standard_error":0.0028096731524473663}}