{"mean":{"confidence_interval":{"confidence_level":0.95,"lower_bound":-0.009926747493254034,"upper_bound":-0.0001931899774325346},"point_estimate":-0.005002494677252445,"standard_error":0.002479339211103327},"median":{"confidence_interval":{"confidence_level":0.95,"lower_bound":-0.010941650474426079,"upper_bound":-0.000900847450467479},"point_estimate":-0.0046377611639703,"standard_error":0.0025556598231201615}}