{"mean":{"confidence_interval":{"confidence_level":0.95,"lower_bound":-0.003655717155756694,"upper_bound":0.0058364549271064155},"point_estimate":0.0008907866108520679,"standard_error":0.002430320381409126},"median":{"confidence_interval":{"confidence_level":0.95,"lower_bound":-0.006898908006840121,"upper_bound":0.003507620159163949},"point_estimate":-0.0023354970197260183,"standard_error":0.0025994950720312506}}