{"mean":{"confidence_interval":{"confidence_level":0.95,"lower_bound":0.0029170819177383313,"upper_bound":0.011013934346268663},"point_estimate":0.006993055361278699,"standard_error":0.002069688207638777},"median":{"confidence_interval":{"confidence_level":0.95,"lower_bound":0.0014373934340332628,"upper_bound":0.012653753452547413},"point_estimate":0.008217778499280737,"standard_error":0.0029660871830392388}}