{"mean":{"confidence_interval":{"confidence_level":0.95,"lower_bound":15774761.381875,"upper_bound":15948738.670812499},"point_estimate":15864151.4675,"standard_error":44318.170656055074},"median":{"confidence_interval":{"confidence_level":0.95,"lower_bound":15801218.75,"upper_bound":15971723.5},"point_estimate":15875189.875,"standard_error":44837.395382654904},"median_abs_dev":{"confidence_interval":{"confidence_level":0.95,"lower_bound":258919.9621282518,"upper_bound":416928.79562303424},"point_estimate":345617.5901390612,"standard_error":41723.685894109265},"slope":null,"std_dev":{"confidence_interval":{"confidence_level":0.95,"lower_bound":341987.87449338665,"upper_bound":541857.8950973332},"point_estimate":443580.5223428084,"standard_error":51343.87015762133}}