{"mean":{"confidence_interval":{"confidence_level":0.95,"lower_bound":16267075.9179375,"upper_bound":16462202.2494375},"point_estimate":16365122.8425,"standard_error":49803.20694962287},"median":{"confidence_interval":{"confidence_level":0.95,"lower_bound":16250060.125,"upper_bound":16466725.375},"point_estimate":16379285.75,"standard_error":52283.785550718676},"median_abs_dev":{"confidence_interval":{"confidence_level":0.95,"lower_bound":352737.77651265264,"upper_bound":545587.8947138786},"point_estimate":475978.1580246985,"standard_error":52083.09603347407},"slope":null,"std_dev":{"confidence_interval":{"confidence_level":0.95,"lower_bound":414578.29814744,"upper_bound":576208.6114816101},"point_estimate":498928.40900198254,"standard_error":41272.88472822759}}