{"mean":{"confidence_interval":{"confidence_level":0.95,"lower_bound":15605415.780125,"upper_bound":15781268.7968125},"point_estimate":15693388.16,"standard_error":44761.21198484947},"median":{"confidence_interval":{"confidence_level":0.95,"lower_bound":15622779.75,"upper_bound":15802746.5},"point_estimate":15700197.625,"standard_error":48880.07334550469},"median_abs_dev":{"confidence_interval":{"confidence_level":0.95,"lower_bound":282348.9335373044,"upper_bound":528275.9454712272},"point_estimate":374262.5335805118,"standard_error":62023.0069497042},"slope":null,"std_dev":{"confidence_interval":{"confidence_level":0.95,"lower_bound":380228.280073703,"upper_bound":512017.04695704463},"point_estimate":449309.54797712935,"standard_error":33691.90259906425}}