{"mean":{"confidence_interval":{"confidence_level":0.95,"lower_bound":16008084.341180554,"upper_bound":16260776.421319446},"point_estimate":16131893.07648148,"standard_error":64526.48090404998},"median":{"confidence_interval":{"confidence_level":0.95,"lower_bound":16018859.266666666,"upper_bound":16260393.291666666},"point_estimate":16079426.407407407,"standard_error":70023.8634472705},"median_abs_dev":{"confidence_interval":{"confidence_level":0.95,"lower_bound":22252.48714660574,"upper_bound":370585.2532207961},"point_estimate":171857.21916392454,"standard_error":86824.86960921313},"slope":{"confidence_interval":{"confidence_level":0.95,"lower_bound":15986541.567079464,"upper_bound":16174760.574028123},"point_estimate":16079267.117316017,"standard_error":48299.0251074483},"std_dev":{"confidence_interval":{"confidence_level":0.95,"lower_bound":97207.34678723029,"upper_bound":289811.7760760212},"point_estimate":215267.10345665834,"standard_error":50587.62428820997}}