{"mean":{"confidence_interval":{"confidence_level":0.95,"lower_bound":48730484.69104167,"upper_bound":49083498.664375},"point_estimate":48905119.875,"standard_error":90455.52724737662},"median":{"confidence_interval":{"confidence_level":0.95,"lower_bound":48711147.75,"upper_bound":49137889.75},"point_estimate":48921212.75,"standard_error":114081.73115527815},"median_abs_dev":{"confidence_interval":{"confidence_level":0.95,"lower_bound":296522.2186356783,"upper_bound":856722.062715143},"point_estimate":639858.828715235,"standard_error":150406.43045906132},"slope":null,"std_dev":{"confidence_interval":{"confidence_level":0.95,"lower_bound":395880.20359274815,"upper_bound":591583.7552932813},"point_estimate":505562.5355989507,"standard_error":49985.62992884563}}