{"mean":{"confidence_interval":{"confidence_level":0.95,"lower_bound":46358655.675375,"upper_bound":46633075.903625},"point_estimate":46494452.02,"standard_error":70046.53721070035},"median":{"confidence_interval":{"confidence_level":0.95,"lower_bound":46213883.25,"upper_bound":46682465.75},"point_estimate":46427345.5,"standard_error":129410.90495439486},"median_abs_dev":{"confidence_interval":{"confidence_level":0.95,"lower_bound":613113.2811650634,"upper_bound":903102.7936667204},"point_estimate":769064.26589638,"standard_error":74403.992891596},"slope":null,"std_dev":{"confidence_interval":{"confidence_level":0.95,"lower_bound":613320.1524460027,"upper_bound":786446.7275960691},"point_estimate":703968.2794732371,"standard_error":44282.71076508852}}