{"mean":{"confidence_interval":{"confidence_level":0.95,"lower_bound":48728041.37020834,"upper_bound":49079641.193958335},"point_estimate":48899500.99166667,"standard_error":89983.18672819655},"median":{"confidence_interval":{"confidence_level":0.95,"lower_bound":48614623.75,"upper_bound":49101157.375},"point_estimate":48854141.125,"standard_error":113742.95564954718},"median_abs_dev":{"confidence_interval":{"confidence_level":0.95,"lower_bound":301939.26828950644,"upper_bound":730802.4377256632},"point_estimate":562708.959209919,"standard_error":106717.95905667213},"slope":null,"std_dev":{"confidence_interval":{"confidence_level":0.95,"lower_bound":373737.2905519715,"upper_bound":595317.9734261773},"point_estimate":499159.28520200547,"standard_error":56361.22333456339}}