{"mean":{"confidence_interval":{"confidence_level":0.95,"lower_bound":46467479.011,"upper_bound":46700940.577625},"point_estimate":46583128.7,"standard_error":59707.12799375345},"median":{"confidence_interval":{"confidence_level":0.95,"lower_bound":46421345.5,"upper_bound":46743999.5},"point_estimate":46607910.0,"standard_error":83308.16676436386},"median_abs_dev":{"confidence_interval":{"confidence_level":0.95,"lower_bound":486015.23938525474,"upper_bound":749320.1113969088},"point_estimate":678918.1103467941,"standard_error":71718.51577793562},"slope":null,"std_dev":{"confidence_interval":{"confidence_level":0.95,"lower_bound":515551.29633705685,"upper_bound":676647.2454502528},"point_estimate":600775.0441070211,"standard_error":41163.32554600179}}