{"mean":{"confidence_interval":{"confidence_level":0.95,"lower_bound":51775095.18975,"upper_bound":52123052.758},"point_estimate":51950455.29,"standard_error":88931.4621716746},"median":{"confidence_interval":{"confidence_level":0.95,"lower_bound":51826985.0,"upper_bound":52237217.5},"point_estimate":52091267.5,"standard_error":105383.25547592022},"median_abs_dev":{"confidence_interval":{"confidence_level":0.95,"lower_bound":563642.2558933496,"upper_bound":969138.5377943516},"point_estimate":763109.7737520933,"standard_error":104398.6922493321},"slope":null,"std_dev":{"confidence_interval":{"confidence_level":0.95,"lower_bound":767590.689691283,"upper_bound":1001943.0299742477},"point_estimate":893945.9992063142,"standard_error":59841.534463551354}}