{"mean":{"confidence_interval":{"confidence_level":0.95,"lower_bound":323530.0588065205,"upper_bound":326245.0633473071},"point_estimate":324892.4150906425,"standard_error":693.3505917213871},"median":{"confidence_interval":{"confidence_level":0.95,"lower_bound":322865.5,"upper_bound":326828.3333333333},"point_estimate":324926.2869402985,"standard_error":898.4845680271945},"median_abs_dev":{"confidence_interval":{"confidence_level":0.95,"lower_bound":5225.182716696825,"upper_bound":8729.541559063766},"point_estimate":6708.0614757215335,"standard_error":909.6251186339545},"slope":{"confidence_interval":{"confidence_level":0.95,"lower_bound":323071.0268280555,"upper_bound":325427.01789786044},"point_estimate":324278.7355061327,"standard_error":601.7358963218196},"std_dev":{"confidence_interval":{"confidence_level":0.95,"lower_bound":6045.372933804148,"upper_bound":7790.589446228763},"point_estimate":6970.550266548801,"standard_error":446.2319361409162}}