{"mean":{"confidence_interval":{"confidence_level":0.95,"lower_bound":170867084.46875,"upper_bound":171878088.4},"point_estimate":171369456.05,"standard_error":257476.01285790376},"median":{"confidence_interval":{"confidence_level":0.95,"lower_bound":170645209.0,"upper_bound":171791170.75},"point_estimate":171559106.0,"standard_error":297573.69394435646},"median_abs_dev":{"confidence_interval":{"confidence_level":0.95,"lower_bound":72244.13151741028,"upper_bound":1713021.213787794},"point_estimate":491198.3440294862,"standard_error":418037.008110724},"slope":null,"std_dev":{"confidence_interval":{"confidence_level":0.95,"lower_bound":453442.38179138984,"upper_bound":1127393.655280376},"point_estimate":858374.4544563886,"standard_error":175716.87619298833}}