{"mean":{"confidence_interval":{"confidence_level":0.95,"lower_bound":167449263.14874998,"upper_bound":168012704.73},"point_estimate":167726228.9,"standard_error":144301.5500739723},"median":{"confidence_interval":{"confidence_level":0.95,"lower_bound":167327331.75,"upper_bound":167987643.5},"point_estimate":167794405.75,"standard_error":164846.85599285061},"median_abs_dev":{"confidence_interval":{"confidence_level":0.95,"lower_bound":91040.53398370743,"upper_bound":849945.6542104483},"point_estimate":398103.66778224707,"standard_error":192871.3964626733},"slope":null,"std_dev":{"confidence_interval":{"confidence_level":0.95,"lower_bound":239545.25998911166,"upper_bound":638576.7156911358},"point_estimate":483022.36861987616,"standard_error":102634.33863743735}}