{"mean":{"confidence_interval":{"confidence_level":0.95,"lower_bound":124569613.7315,"upper_bound":124891105.62425},"point_estimate":124723054.01,"standard_error":82273.05678342412},"median":{"confidence_interval":{"confidence_level":0.95,"lower_bound":124429156.0,"upper_bound":124751924.0},"point_estimate":124575907.0,"standard_error":74597.5853552271},"median_abs_dev":{"confidence_interval":{"confidence_level":0.95,"lower_bound":580305.9382975101,"upper_bound":896832.8783780336},"point_estimate":802191.8503582478,"standard_error":79668.28521067892},"slope":null,"std_dev":{"confidence_interval":{"confidence_level":0.95,"lower_bound":631550.0598904524,"upper_bound":1048217.9242679052},"point_estimate":824361.5039223147,"standard_error":112219.1624207088}}