{"mean":{"confidence_interval":{"confidence_level":0.95,"lower_bound":131569300.82625,"upper_bound":132109624.5},"point_estimate":131804317.5,"standard_error":139986.36337405015},"median":{"confidence_interval":{"confidence_level":0.95,"lower_bound":131540692.0,"upper_bound":131922046.0},"point_estimate":131722248.75,"standard_error":103167.21632403968},"median_abs_dev":{"confidence_interval":{"confidence_level":0.95,"lower_bound":71676.6663774848,"upper_bound":559823.8196611404},"point_estimate":261647.76075482368,"standard_error":121355.9178094055},"slope":null,"std_dev":{"confidence_interval":{"confidence_level":0.95,"lower_bound":140199.75778751468,"upper_bound":677225.3024919259},"point_estimate":466505.0450839495,"standard_error":159650.92635722528}}