{"mean":{"confidence_interval":{"confidence_level":0.95,"lower_bound":167918680.6,"upper_bound":168367545.2},"point_estimate":168116911.3,"standard_error":115665.07837121723},"median":{"confidence_interval":{"confidence_level":0.95,"lower_bound":167833320.5,"upper_bound":168269658.75},"point_estimate":168025457.75,"standard_error":118911.37020353995},"median_abs_dev":{"confidence_interval":{"confidence_level":0.95,"lower_bound":62819.24348473549,"upper_bound":510957.6951786876},"point_estimate":271957.3903217912,"standard_error":110657.21122063056},"slope":null,"std_dev":{"confidence_interval":{"confidence_level":0.95,"lower_bound":148733.45454984094,"upper_bound":544758.5021296105},"point_estimate":385555.11508460116,"standard_error":118123.88648782947}}