{"mean":{"confidence_interval":{"confidence_level":0.95,"lower_bound":123964610.96599999,"upper_bound":124339189.218},"point_estimate":124134619.05,"standard_error":95725.25718986722},"median":{"confidence_interval":{"confidence_level":0.95,"lower_bound":123783866.0,"upper_bound":123991454.0},"point_estimate":123892150.5,"standard_error":52703.58999285952},"median_abs_dev":{"confidence_interval":{"confidence_level":0.95,"lower_bound":345062.5417739153,"upper_bound":570295.6827302267},"point_estimate":462769.86018419266,"standard_error":55681.730234832496},"slope":null,"std_dev":{"confidence_interval":{"confidence_level":0.95,"lower_bound":562069.8359644777,"upper_bound":1369396.0199633946},"point_estimate":965521.0257438633,"standard_error":216689.04941022236}}