{"mean":{"confidence_interval":{"confidence_level":0.95,"lower_bound":125827633.58425,"upper_bound":126018021.6225},"point_estimate":125921781.69,"standard_error":48683.36990124797},"median":{"confidence_interval":{"confidence_level":0.95,"lower_bound":125766161.0,"upper_bound":126067420.5},"point_estimate":125918349.0,"standard_error":75089.54635908689},"median_abs_dev":{"confidence_interval":{"confidence_level":0.95,"lower_bound":388813.3256971836,"upper_bound":613105.5716452003},"point_estimate":471577.98662781715,"standard_error":58889.250584146175},"slope":null,"std_dev":{"confidence_interval":{"confidence_level":0.95,"lower_bound":420068.97008781746,"upper_bound":547716.8416984263},"point_estimate":487592.0132367599,"standard_error":32589.793518439583}}