{"mean":{"confidence_interval":{"confidence_level":0.95,"lower_bound":223958347.1725,"upper_bound":225650143.3535},"point_estimate":224813466.61,"standard_error":432478.20777257317},"median":{"confidence_interval":{"confidence_level":0.95,"lower_bound":225242365.0,"upper_bound":226860204.0},"point_estimate":226185562.5,"standard_error":419221.2770888742},"median_abs_dev":{"confidence_interval":{"confidence_level":0.95,"lower_bound":2218980.6938052177,"upper_bound":4416781.779816449},"point_estimate":3108485.080513358,"standard_error":589383.5430896502},"slope":null,"std_dev":{"confidence_interval":{"confidence_level":0.95,"lower_bound":3665816.8993562898,"upper_bound":4969530.217267487},"point_estimate":4352597.860118228,"standard_error":332342.2566781512}}