{"mean":{"confidence_interval":{"confidence_level":0.95,"lower_bound":226931666.863,"upper_bound":229306264.45275},"point_estimate":228136276.18,"standard_error":606284.0725448871},"median":{"confidence_interval":{"confidence_level":0.95,"lower_bound":227185177.0,"upper_bound":230853932.0},"point_estimate":229036902.0,"standard_error":921224.8408809513},"median_abs_dev":{"confidence_interval":{"confidence_level":0.95,"lower_bound":4881652.261773348,"upper_bound":7941907.030802965},"point_estimate":6872485.430788994,"standard_error":838041.7479329653},"slope":null,"std_dev":{"confidence_interval":{"confidence_level":0.95,"lower_bound":5305727.854407482,"upper_bound":6781939.306889153},"point_estimate":6094215.344961803,"standard_error":377153.39605387923}}