{"mean":{"confidence_interval":{"confidence_level":0.95,"lower_bound":227260855.3705,"upper_bound":229569019.6215},"point_estimate":228445844.59,"standard_error":588171.8019979086},"median":{"confidence_interval":{"confidence_level":0.95,"lower_bound":227752397.0,"upper_bound":230856920.0},"point_estimate":229609302.0,"standard_error":793930.8187711213},"median_abs_dev":{"confidence_interval":{"confidence_level":0.95,"lower_bound":4097211.729159951,"upper_bound":6398267.267193048},"point_estimate":5276107.028630376,"standard_error":567878.8413377044},"slope":null,"std_dev":{"confidence_interval":{"confidence_level":0.95,"lower_bound":4803850.70453394,"upper_bound":6859493.718761672},"point_estimate":5894182.13242481,"standard_error":525697.673433634}}