{"mean":{"confidence_interval":{"confidence_level":0.95,"lower_bound":229111005.42625,"upper_bound":233290775.98375},"point_estimate":231426529.9,"standard_error":1074992.2882944036},"median":{"confidence_interval":{"confidence_level":0.95,"lower_bound":229951330.0,"upper_bound":233849112.0},"point_estimate":232156895.5,"standard_error":1107906.8232610147},"median_abs_dev":{"confidence_interval":{"confidence_level":0.95,"lower_bound":686897.0927551389,"upper_bound":4901511.095380783},"point_estimate":2779036.9110122323,"standard_error":1043495.5538764382},"slope":null,"std_dev":{"confidence_interval":{"confidence_level":0.95,"lower_bound":1435667.464335009,"upper_bound":5049888.334384592},"point_estimate":3583846.3209282164,"standard_error":1069542.7800807792}}