{"mean":{"confidence_interval":{"confidence_level":0.95,"lower_bound":109226413.47175,"upper_bound":109456324.4875},"point_estimate":109327324.35,"standard_error":59071.38143187678},"median":{"confidence_interval":{"confidence_level":0.95,"lower_bound":109175995.0,"upper_bound":109299140.5},"point_estimate":109245991.5,"standard_error":28513.24380333028},"median_abs_dev":{"confidence_interval":{"confidence_level":0.95,"lower_bound":241396.186414361,"upper_bound":410699.46650862694},"point_estimate":336624.3240237236,"standard_error":46122.320786422446},"slope":null,"std_dev":{"confidence_interval":{"confidence_level":0.95,"lower_bound":313768.16132904676,"upper_bound":891543.490444102},"point_estimate":592000.6299453271,"standard_error":177247.74283924582}}