{"mean":{"confidence_interval":{"confidence_level":0.95,"lower_bound":0.017368669959817423,"upper_bound":0.030947233154363353},"point_estimate":0.02351786550774948,"standard_error":0.003436750255167665},"median":{"confidence_interval":{"confidence_level":0.95,"lower_bound":0.016911112419348395,"upper_bound":0.027897058958896492},"point_estimate":0.023481211004783065,"standard_error":0.002605585067975043}}