{"mean":{"confidence_interval":{"confidence_level":0.95,"lower_bound":-0.0759900479711696,"upper_bound":-0.05967084541150495},"point_estimate":-0.06813161065517692,"standard_error":0.0041416559992661734},"median":{"confidence_interval":{"confidence_level":0.95,"lower_bound":-0.07419935042752623,"upper_bound":-0.061877840661246464},"point_estimate":-0.06928560325217392,"standard_error":0.003151302544996993}}