{"mean":{"confidence_interval":{"confidence_level":0.95,"lower_bound":-0.025220301294973695,"upper_bound":-0.016056433712784427},"point_estimate":-0.020741331398068552,"standard_error":0.002339463818556571},"median":{"confidence_interval":{"confidence_level":0.95,"lower_bound":-0.027561465567377152,"upper_bound":-0.015273058879744283},"point_estimate":-0.020843402082772244,"standard_error":0.003078134746820262}}