{"mean":{"confidence_interval":{"confidence_level":0.95,"lower_bound":-0.023395150992194306,"upper_bound":-0.012409677926823558},"point_estimate":-0.018676402426337058,"standard_error":0.0028182638146156355},"median":{"confidence_interval":{"confidence_level":0.95,"lower_bound":-0.025994875235726078,"upper_bound":-0.021852764523453416},"point_estimate":-0.02321694805470431,"standard_error":0.0010767197656959277}}