{"mean":{"confidence_interval":{"confidence_level":0.95,"lower_bound":0.026363576304537197,"upper_bound":0.03971348677040542},"point_estimate":0.03376651620631188,"standard_error":0.003446178164136753},"median":{"confidence_interval":{"confidence_level":0.95,"lower_bound":0.031013939632484888,"upper_bound":0.04155767514744735},"point_estimate":0.03628092985512321,"standard_error":0.0027747766745043895}}