{"mean":{"confidence_interval":{"confidence_level":0.95,"lower_bound":-0.020374985255267365,"upper_bound":-0.011752611398892545},"point_estimate":-0.01585103255311371,"standard_error":0.002204193181690467},"median":{"confidence_interval":{"confidence_level":0.95,"lower_bound":-0.018698587899612523,"upper_bound":-0.011253216524866978},"point_estimate":-0.01429631585391522,"standard_error":0.0020412742223536516}}