{"mean":{"confidence_interval":{"confidence_level":0.95,"lower_bound":-0.030445360763426552,"upper_bound":-0.02301762671251036},"point_estimate":-0.026650276842101195,"standard_error":0.0019099770829079977},"median":{"confidence_interval":{"confidence_level":0.95,"lower_bound":-0.031791095429225646,"upper_bound":-0.02054895752261421},"point_estimate":-0.026295805652104987,"standard_error":0.0026442165476151217}}