{"mean":{"confidence_interval":{"confidence_level":0.95,"lower_bound":-0.029061140079405696,"upper_bound":0.014168396496624236},"point_estimate":-0.008016673290262677,"standard_error":0.011010575797037084},"median":{"confidence_interval":{"confidence_level":0.95,"lower_bound":-0.03295950529073921,"upper_bound":0.01684632208624781},"point_estimate":-0.014222241951045822,"standard_error":0.012604124660219007}}