{"mean":{"confidence_interval":{"confidence_level":0.95,"lower_bound":0.03611134006962794,"upper_bound":0.07490374528554891},"point_estimate":0.054827768378962416,"standard_error":0.00982668470340651},"median":{"confidence_interval":{"confidence_level":0.95,"lower_bound":0.025560111486572223,"upper_bound":0.07886613096401907},"point_estimate":0.054678769424619356,"standard_error":0.013995651812426254}}