{"mean":{"confidence_interval":{"confidence_level":0.95,"lower_bound":-0.07197619853457195,"upper_bound":-0.009028628423243628},"point_estimate":-0.034661758275319365,"standard_error":0.016856235718651653},"median":{"confidence_interval":{"confidence_level":0.95,"lower_bound":-0.04372193157165849,"upper_bound":-0.007281114596697447},"point_estimate":-0.022241427974880823,"standard_error":0.011991410948572439}}