{"mean":{"confidence_interval":{"confidence_level":0.95,"lower_bound":0.018913104459892062,"upper_bound":0.05960685487891518},"point_estimate":0.03926011867927004,"standard_error":0.010400217251044903},"median":{"confidence_interval":{"confidence_level":0.95,"lower_bound":0.02928238431450736,"upper_bound":0.06907171469883866},"point_estimate":0.04813178156393083,"standard_error":0.010207927983028034}}