{"mean":{"confidence_interval":{"confidence_level":0.95,"lower_bound":-0.045928017514818,"upper_bound":0.019837461512044133},"point_estimate":-0.018023745102807354,"standard_error":0.017031733834177276},"median":{"confidence_interval":{"confidence_level":0.95,"lower_bound":-0.048784226608565295,"upper_bound":-0.010049002535431284},"point_estimate":-0.03185392141093324,"standard_error":0.011130971993853291}}