{"mean":{"confidence_interval":{"confidence_level":0.95,"lower_bound":-0.07537326964897367,"upper_bound":-0.038882079369045176},"point_estimate":-0.05727683753610069,"standard_error":0.009397555575954722},"median":{"confidence_interval":{"confidence_level":0.95,"lower_bound":-0.08074262746137295,"upper_bound":-0.03640439661739603},"point_estimate":-0.059067535704493856,"standard_error":0.010845743807855504}}