{"mean":{"confidence_interval":{"confidence_level":0.95,"lower_bound":-0.04000133763157982,"upper_bound":-0.001703191324611664},"point_estimate":-0.02103729069045812,"standard_error":0.009769676021406574},"median":{"confidence_interval":{"confidence_level":0.95,"lower_bound":-0.04487925117632385,"upper_bound":0.00017068644766649044},"point_estimate":-0.0208326191056577,"standard_error":0.011412080880290476}}