{"mean":{"confidence_interval":{"confidence_level":0.95,"lower_bound":0.04747038499183075,"upper_bound":0.07344687196163338},"point_estimate":0.06078739833557334,"standard_error":0.006673385175257293},"median":{"confidence_interval":{"confidence_level":0.95,"lower_bound":0.05142901617558593,"upper_bound":0.07422211686197966},"point_estimate":0.06146699604310624,"standard_error":0.005604758117634265}}