{"mean":{"confidence_interval":{"confidence_level":0.95,"lower_bound":223593692.6075,"upper_bound":225587229.871},"point_estimate":224601833.88,"standard_error":507904.9755343708},"median":{"confidence_interval":{"confidence_level":0.95,"lower_bound":224352060.5,"upper_bound":225738042.0},"point_estimate":225034833.0,"standard_error":342130.11303289235},"median_abs_dev":{"confidence_interval":{"confidence_level":0.95,"lower_bound":2880183.2170665264,"upper_bound":5037222.681623919},"point_estimate":3917554.712149501,"standard_error":556851.2116575921},"slope":null,"std_dev":{"confidence_interval":{"confidence_level":0.95,"lower_bound":4048848.497962664,"upper_bound":6096063.8601550115},"point_estimate":5116367.741139291,"standard_error":524263.662135818}}