{"mean":{"confidence_interval":{"confidence_level":0.95,"lower_bound":217207493.63333336,"upper_bound":219955484.23333335},"point_estimate":218667417.9666667,"standard_error":706516.5510130301},"median":{"confidence_interval":{"confidence_level":0.95,"lower_bound":216804095.3333333,"upper_bound":220523212.5},"point_estimate":219591832.6666667,"standard_error":1047318.6237999136},"median_abs_dev":{"confidence_interval":{"confidence_level":0.95,"lower_bound":151734.2233061496,"upper_bound":3792734.867465481},"point_estimate":1644425.7608056068,"standard_error":1003421.9679971026},"slope":null,"std_dev":{"confidence_interval":{"confidence_level":0.95,"lower_bound":973998.9551342966,"upper_bound":2856468.016002055},"point_estimate":2341276.5627919966,"standard_error":462467.80226562865}}