{"mean":{"confidence_interval":{"confidence_level":0.95,"lower_bound":214681564.79333332,"upper_bound":219119370.87},"point_estimate":216902183.4,"standard_error":1135935.8881106647},"median":{"confidence_interval":{"confidence_level":0.95,"lower_bound":214177198.0,"upper_bound":219205396.33333334},"point_estimate":217364311.16666666,"standard_error":1403080.3677494423},"median_abs_dev":{"confidence_interval":{"confidence_level":0.95,"lower_bound":967675.7058203368,"upper_bound":6621807.674339443},"point_estimate":3720791.209542744,"standard_error":1396364.1974677534},"slope":null,"std_dev":{"confidence_interval":{"confidence_level":0.95,"lower_bound":1932534.063295935,"upper_bound":4974194.641651346},"point_estimate":3770021.040652197,"standard_error":780077.2499541501}}