{"mean":{"confidence_interval":{"confidence_level":0.95,"lower_bound":211174863.42,"upper_bound":215321027.7325},"point_estimate":213072549.63333333,"standard_error":1062662.2793539413},"median":{"confidence_interval":{"confidence_level":0.95,"lower_bound":211506106.33333334,"upper_bound":214269669.3333333},"point_estimate":212432123.5,"standard_error":669620.0060176982},"median_abs_dev":{"confidence_interval":{"confidence_level":0.95,"lower_bound":323537.1669560597,"upper_bound":4880195.755559162},"point_estimate":1615669.0046161339,"standard_error":1144868.9613321617},"slope":null,"std_dev":{"confidence_interval":{"confidence_level":0.95,"lower_bound":977001.2246628575,"upper_bound":5050179.795997874},"point_estimate":3528877.1497629085,"standard_error":1090979.3064275952}}