{"mean":{"confidence_interval":{"confidence_level":0.95,"lower_bound":227464312.0155,"upper_bound":229363796.60775},"point_estimate":228434831.63,"standard_error":484297.9350983075},"median":{"confidence_interval":{"confidence_level":0.95,"lower_bound":228489587.0,"upper_bound":230085201.5},"point_estimate":229255599.5,"standard_error":407442.2336065602},"median_abs_dev":{"confidence_interval":{"confidence_level":0.95,"lower_bound":2851468.2207763195,"upper_bound":4913221.411272883},"point_estimate":3764575.599065423,"standard_error":539391.110064004},"slope":null,"std_dev":{"confidence_interval":{"confidence_level":0.95,"lower_bound":3950931.4499265454,"upper_bound":5716624.569651647},"point_estimate":4868366.888438374,"standard_error":450902.7467419524}}