{"mean":{"confidence_interval":{"confidence_level":0.95,"lower_bound":217714663.3,"upper_bound":220183689.5616667},"point_estimate":218891598.9666667,"standard_error":631447.123868454},"median":{"confidence_interval":{"confidence_level":0.95,"lower_bound":217134817.33333334,"upper_bound":220181960.66666666},"point_estimate":218798516.0,"standard_error":648011.176941276},"median_abs_dev":{"confidence_interval":{"confidence_level":0.95,"lower_bound":274307.43483006215,"upper_bound":3433755.653938607},"point_estimate":1750214.458027482,"standard_error":916247.3659618807},"slope":null,"std_dev":{"confidence_interval":{"confidence_level":0.95,"lower_bound":1027358.2915428797,"upper_bound":2769450.8603009987},"point_estimate":2092577.2065991103,"standard_error":466740.89594034647}}